# Blender v2.93.0 OBJ File: 'Emojis.blend'
# www.blender.org
mtllib Emojis.mtl
o Sphere
v 0.517988 0.760705 0.614866
v 0.025033 0.941381 0.831792
v 0.517863 0.953029 0.695801
v 0.161071 0.945402 0.819613
v 0.517902 0.893818 0.675512
v 0.291881 0.952167 0.792662
v 0.518045 0.673887 0.555995
v 0.412381 0.969849 0.757940
v 0.412386 0.929232 0.744034
v 0.517841 0.987258 0.707529
v 0.412416 0.671875 0.617717
v 0.618387 1.007620 0.646526
v 0.412407 0.753065 0.666692
v 0.732138 1.034264 0.551931
v 0.412427 0.583733 0.544616
v 0.735916 1.002225 0.541186
v 0.412400 0.813442 0.703113
v 0.725149 0.941173 0.525252
v 0.412393 0.869709 0.723655
v 0.707979 0.862462 0.508719
v -0.246356 0.503116 0.531480
v 0.668806 0.771619 0.496279
v -0.252301 0.583733 0.598481
v 0.604707 0.675538 0.486009
v 0.294236 0.503116 0.532143
v 0.518104 0.583733 0.471168
v 0.297320 0.583733 0.600012
v 0.412436 0.503116 0.469954
v 0.025033 0.441568 0.513906
v 0.291881 0.441568 0.453892
v 0.025033 0.503116 0.585243
v 0.161071 0.403220 0.449755
v 0.025033 0.583733 0.651404
v 0.025033 0.390198 0.451311
v -0.259861 0.686230 0.671533
v -0.111005 0.403220 0.449755
v 0.300611 0.669746 0.665195
v -0.241816 0.441568 0.453892
v 0.025033 0.658756 0.709168
v -0.362371 0.503116 0.469954
v -0.261693 0.750337 0.706612
v -0.468038 0.583733 0.471168
v 0.298780 0.744842 0.707494
v -0.554642 0.675538 0.486008
v 0.025033 0.721031 0.742454
v -0.618741 0.771619 0.496278
v -0.256197 0.801622 0.736787
v -0.657914 0.862462 0.508718
v 0.296949 0.794296 0.735540
v -0.675084 0.941173 0.525252
v 0.025033 0.764990 0.765951
v -0.685850 1.002225 0.541185
v -0.250703 0.845580 0.756341
v -0.682073 1.034264 0.551931
v 0.298780 0.843749 0.756366
v -0.568322 1.007619 0.646525
v 0.025033 0.816275 0.793363
v -0.467776 0.987258 0.707529
v -0.245208 0.898697 0.774764
v -0.362316 0.969850 0.757940
v 0.293285 0.902360 0.776523
v -0.241816 0.952167 0.792662
v 0.025033 0.876718 0.812176
v -0.111005 0.945402 0.819613
v 0.517943 0.830946 0.653969
v 0.608485 0.767254 0.546022
v 0.617060 0.975410 0.635480
v 0.614609 0.915915 0.614256
v 0.611750 0.846503 0.589495
v 0.161071 0.583733 0.638005
v 0.161071 0.503116 0.571845
v 0.161071 0.664181 0.698669
v 0.161071 0.889722 0.802722
v 0.161071 0.829928 0.784585
v 0.161071 0.441568 0.498349
v 0.161071 0.779651 0.760389
v 0.161071 0.732864 0.735380
v -0.111006 0.583733 0.638006
v -0.111006 0.830733 0.784829
v -0.111006 0.782710 0.762024
v -0.111006 0.503116 0.571845
v -0.111006 0.441568 0.498349
v -0.111006 0.734935 0.736488
v -0.111006 0.671875 0.702781
v -0.111006 0.887782 0.802134
v -0.362350 0.682513 0.624133
v -0.362362 0.583733 0.544616
v -0.362327 0.870724 0.724003
v -0.362321 0.926213 0.743000
v -0.362334 0.817696 0.705679
v -0.362341 0.756336 0.668665
v -0.467977 0.678681 0.559295
v -0.467800 0.950994 0.695103
v -0.467836 0.894490 0.675742
v -0.467876 0.833681 0.654906
v -0.467922 0.762629 0.616027
v -0.566949 0.974289 0.635080
v -0.564559 0.916277 0.614385
v -0.561742 0.847896 0.589993
v -0.558452 0.768026 0.546526
v 0.311719 1.536491 0.853870
v 0.346631 1.529486 0.845490
v 0.379737 1.512557 0.840788
v 0.407244 1.480051 0.838856
v 0.429241 1.440852 0.840516
v 0.451593 1.380516 0.845615
v 0.461739 1.328773 0.845943
v 0.464174 1.265542 0.851669
v 0.449709 1.206434 0.865969
v 0.428877 1.242377 0.873110
v 0.399180 1.285897 0.882913
v 0.359209 1.325033 0.891029
v 0.311022 1.339405 0.904175
v 0.269132 1.328733 0.917975
v 0.234426 1.302420 0.931198
v 0.196440 1.251335 0.943300
v 0.162695 1.202872 0.951397
v 0.150684 1.239382 0.948984
v 0.150631 1.325578 0.940499
v 0.163480 1.384710 0.933410
v 0.188848 1.448900 0.913776
v 0.216181 1.493242 0.896496
v 0.245759 1.520462 0.878936
v 0.277745 1.533609 0.865086
v 0.340130 1.498547 0.857222
v 0.310922 1.503587 0.864492
v 0.367311 1.486594 0.852748
v 0.390643 1.462882 0.853151
v 0.410159 1.432974 0.853412
v 0.430386 1.386020 0.856339
v 0.439499 1.346051 0.855910
v 0.441672 1.297510 0.860143
v 0.436021 1.277648 0.865371
v 0.432040 1.283554 0.866843
v 0.403270 1.319813 0.878191
v 0.362720 1.353956 0.887002
v 0.311259 1.367155 0.901260
v 0.266173 1.357278 0.915949
v 0.230208 1.333828 0.929260
v 0.193454 1.291321 0.939656
v 0.176223 1.270040 0.943449
v 0.173526 1.277089 0.943020
v 0.173478 1.343577 0.936476
v 0.185001 1.389176 0.930850
v 0.207963 1.439143 0.914854
v 0.232050 1.472748 0.898147
v 0.256792 1.492330 0.884464
v 0.282846 1.501539 0.873655
v 0.347195 1.453324 0.869346
v 0.277418 1.454570 0.890119
v 0.311045 1.453969 0.880108
v 0.367584 1.452960 0.863276
v 0.264532 1.454800 0.893956
v 0.245517 1.438851 0.904755
v 0.376172 1.436398 0.865895
v 0.391507 1.411862 0.868984
v 0.403161 1.384259 0.871087
v 0.227115 1.413702 0.918271
v -0.261654 1.536491 0.853870
v -0.296565 1.529486 0.845490
v -0.329672 1.512557 0.840788
v -0.357179 1.480051 0.838855
v -0.379176 1.440852 0.840515
v -0.401528 1.380516 0.845615
v -0.411674 1.328773 0.845943
v -0.414108 1.265542 0.851669
v -0.399644 1.206434 0.865969
v -0.378812 1.242377 0.873110
v -0.349115 1.285898 0.882913
v -0.309144 1.325033 0.891029
v -0.260957 1.339405 0.904174
v -0.219066 1.328733 0.917975
v -0.184361 1.302420 0.931198
v -0.146375 1.251335 0.943300
v -0.112630 1.202873 0.951396
v -0.100618 1.239382 0.948984
v -0.100565 1.325578 0.940499
v -0.113415 1.384710 0.933410
v -0.138783 1.448900 0.913776
v -0.166115 1.493242 0.896495
v -0.195694 1.520462 0.878936
v -0.227679 1.533609 0.865086
v -0.290064 1.498547 0.857222
v -0.260857 1.503587 0.864492
v -0.317245 1.486594 0.852748
v -0.340577 1.462882 0.853151
v -0.360094 1.432974 0.853412
v -0.380320 1.386020 0.856339
v -0.389434 1.346051 0.855910
v -0.391607 1.297510 0.860143
v -0.385955 1.277648 0.865371
v -0.381975 1.283554 0.866843
v -0.353205 1.319813 0.878191
v -0.312654 1.353956 0.887002
v -0.261193 1.367155 0.901260
v -0.216108 1.357278 0.915949
v -0.180143 1.333828 0.929260
v -0.143388 1.291321 0.939656
v -0.126157 1.270040 0.943449
v -0.123461 1.277089 0.943020
v -0.123413 1.343577 0.936476
v -0.134936 1.389176 0.930850
v -0.157897 1.439143 0.914853
v -0.181984 1.472748 0.898147
v -0.206727 1.492330 0.884464
v -0.232781 1.501539 0.873655
v -0.297130 1.453324 0.869346
v -0.227352 1.454570 0.890119
v -0.260979 1.453969 0.880108
v -0.317519 1.452960 0.863276
v -0.214467 1.454800 0.893955
v -0.195452 1.438851 0.904755
v -0.326106 1.436398 0.865895
v -0.341441 1.411862 0.868984
v -0.353096 1.384259 0.871087
v -0.177050 1.413702 0.918271
v 0.025033 2.181811 -0.195090
v 0.025033 2.124906 -0.382683
v 0.025033 2.032495 -0.555570
v 0.025033 1.908133 -0.707107
v 0.025033 1.756596 -0.831469
v 0.025033 1.583709 -0.923879
v 0.025033 1.396116 -0.980785
v 0.025033 0.645456 -0.831469
v 0.025033 0.493919 -0.707107
v 0.025033 0.369556 -0.555570
v 0.063093 2.181811 -0.191342
v 0.099690 2.124906 -0.375330
v 0.133419 2.032495 -0.544895
v 0.162982 1.908133 -0.693520
v 0.187244 1.756596 -0.815493
v 0.205273 1.583709 -0.906127
v 0.216374 1.396116 -0.961940
v 0.220123 1.201026 -0.980785
v 0.216374 1.005936 -0.961940
v 0.205273 0.818343 -0.906127
v 0.187244 0.645456 -0.815493
v 0.162982 0.493919 -0.693520
v 0.133419 0.369556 -0.544895
v 0.099690 0.277146 -0.375330
v 0.063093 0.220241 -0.191342
v 0.099690 2.181811 -0.180240
v 0.171479 2.124906 -0.353553
v 0.237640 2.032495 -0.513280
v 0.295631 1.908133 -0.653281
v 0.343222 1.756596 -0.768177
v 0.378586 1.583709 -0.853553
v 0.400363 1.396116 -0.906127
v 0.407716 1.201026 -0.923879
v 0.400363 1.005936 -0.906127
v 0.378586 0.818343 -0.853553
v 0.343222 0.645456 -0.768178
v 0.295631 0.493919 -0.653281
v 0.237640 0.369556 -0.513280
v 0.171479 0.277146 -0.353553
v 0.099690 0.220241 -0.180240
v 0.133419 2.181811 -0.162211
v 0.237640 2.124906 -0.318190
v 0.333691 2.032495 -0.461940
v 0.417880 1.908133 -0.587938
v 0.486972 1.756596 -0.691341
v 0.538313 1.583709 -0.768178
v 0.569928 1.396116 -0.815493
v 0.580603 1.201026 -0.831469
v 0.569928 1.005936 -0.815493
v 0.538313 0.818343 -0.768178
v 0.486972 0.645456 -0.691341
v 0.417880 0.493919 -0.587938
v 0.333691 0.369556 -0.461940
v 0.237640 0.277146 -0.318190
v 0.133419 0.220241 -0.162211
v 0.162982 2.181811 -0.137949
v 0.295631 2.124906 -0.270598
v 0.417880 2.032495 -0.392847
v 0.525033 1.908133 -0.500000
v 0.612970 1.756596 -0.587937
v 0.678314 1.583709 -0.653281
v 0.718553 1.396116 -0.693520
v 0.732139 1.201026 -0.707106
v 0.718553 1.005936 -0.693520
v 0.678314 0.818343 -0.653281
v 0.612970 0.645456 -0.587937
v 0.525033 0.493919 -0.500000
v 0.417880 0.369556 -0.392847
v 0.295631 0.277146 -0.270598
v 0.162982 0.220241 -0.137949
v 0.187244 2.181811 -0.108386
v 0.343222 2.124906 -0.212607
v 0.486972 2.032495 -0.308658
v 0.612970 1.908133 -0.392847
v 0.716374 1.756596 -0.461939
v 0.793210 1.583709 -0.513280
v 0.840526 1.396116 -0.544895
v 0.856502 1.201026 -0.555570
v 0.840526 1.005936 -0.544895
v 0.793211 0.818343 -0.513280
v 0.716374 0.645456 -0.461939
v 0.612970 0.493919 -0.392847
v 0.486972 0.369556 -0.308658
v 0.343222 0.277146 -0.212607
v 0.187244 0.220241 -0.108386
v 0.205273 2.181811 -0.074658
v 0.378586 2.124906 -0.146446
v 0.538313 2.032495 -0.212607
v 0.678314 1.908133 -0.270598
v 0.793210 1.756596 -0.318189
v 0.878586 1.583709 -0.353553
v 0.931160 1.396116 -0.375330
v 0.948912 1.201026 -0.382683
v 0.931160 1.005936 -0.375330
v 0.878586 0.818343 -0.353553
v 0.793210 0.645456 -0.318189
v 0.678314 0.493919 -0.270598
v 0.538313 0.369556 -0.212607
v 0.378586 0.277146 -0.146446
v 0.205273 0.220241 -0.074658
v 0.216374 2.181811 -0.038060
v 0.400363 2.124906 -0.074658
v 0.569928 2.032495 -0.108386
v 0.718553 1.908133 -0.137949
v 0.840526 1.756596 -0.162211
v 0.931160 1.583709 -0.180240
v 0.986972 1.396116 -0.191341
v 1.005818 1.201026 -0.195090
v 0.986972 1.005936 -0.191341
v 0.931160 0.818343 -0.180240
v 0.840526 0.645456 -0.162211
v 0.718553 0.493919 -0.137949
v 0.569928 0.369556 -0.108386
v 0.400363 0.277146 -0.074658
v 0.216374 0.220241 -0.038060
v 0.220123 2.181811 0.000000
v 0.407716 2.124906 0.000000
v 0.580603 2.032495 0.000000
v 0.732139 1.908133 0.000000
v 0.856502 1.756596 0.000000
v 0.948912 1.583709 0.000000
v 1.005818 1.396116 0.000000
v 1.025032 1.201026 0.000000
v 1.005818 1.005936 0.000000
v 0.948912 0.818343 0.000000
v 0.856502 0.645456 0.000000
v 0.732139 0.493919 0.000000
v 0.580603 0.369556 0.000000
v 0.407716 0.277146 0.000000
v 0.220123 0.220241 0.000000
v 0.216374 2.181811 0.038060
v 0.400363 2.124906 0.074658
v 0.569928 2.032495 0.108387
v 0.718552 1.908133 0.137950
v 0.840526 1.756596 0.162212
v 0.931160 1.583709 0.180240
v 0.986972 1.396116 0.191342
v 1.005818 1.201026 0.195091
v 0.986972 1.005936 0.191342
v 0.931160 0.818343 0.180240
v 0.840526 0.645456 0.162212
v 0.718552 0.493919 0.137950
v 0.569928 0.369556 0.108387
v 0.400363 0.277146 0.074658
v 0.216374 0.220241 0.038060
v 0.205273 2.181811 0.074658
v 0.378586 2.124906 0.146447
v 0.538312 2.032495 0.212608
v 0.678314 1.908133 0.270598
v 0.793210 1.756596 0.318190
v 0.878586 1.583709 0.353554
v 0.931160 1.396116 0.375330
v 0.948912 1.201026 0.382684
v 0.931160 1.005936 0.375330
v 0.878586 0.818343 0.353554
v 0.793210 0.645456 0.318190
v 0.678314 0.493919 0.270598
v 0.538312 0.369556 0.212608
v 0.378586 0.277146 0.146447
v 0.205273 0.220241 0.074658
v 0.187244 2.181811 0.108387
v 0.343222 2.124906 0.212608
v 0.486972 2.032495 0.308658
v 0.612970 1.908133 0.392848
v 0.716374 1.756596 0.461940
v 0.793210 1.583709 0.513280
v 0.840526 1.396116 0.544895
v 0.856502 1.201026 0.555570
v 0.840526 1.005936 0.544895
v 0.793210 0.818343 0.513280
v 0.716374 0.645456 0.461940
v 0.612970 0.493919 0.392848
v 0.486972 0.369556 0.308658
v 0.343222 0.277146 0.212608
v 0.187244 0.220241 0.108387
v 0.162982 2.181811 0.137950
v 0.295631 2.124906 0.270598
v 0.417880 2.032495 0.392848
v 0.525033 1.908133 0.500000
v 0.612970 1.756596 0.587938
v 0.678314 1.583709 0.653282
v 0.718552 1.396116 0.693520
v 0.732139 1.201026 0.707107
v 0.612970 0.645456 0.587938
v 0.525033 0.493919 0.500000
v 0.417880 0.369556 0.392848
v 0.295631 0.277146 0.270598
v 0.162982 0.220241 0.137950
v 0.133419 2.181811 0.162212
v 0.237640 2.124906 0.318190
v 0.333691 2.032495 0.461940
v 0.417880 1.908133 0.587938
v 0.486972 1.756596 0.691342
v 0.538312 1.583709 0.768178
v 0.569928 1.396116 0.815493
v 0.580602 1.201026 0.831470
v 0.569928 1.005936 0.815493
v 0.417880 0.493919 0.587938
v 0.333691 0.369556 0.461940
v 0.237640 0.277146 0.318190
v 0.133419 0.220241 0.162212
v 0.099690 2.181811 0.180240
v 0.171479 2.124906 0.353554
v 0.237640 2.032495 0.513280
v 0.295631 1.908133 0.653282
v 0.343222 1.756596 0.768178
v 0.378586 1.583709 0.853553
v 0.407716 1.201026 0.923879
v 0.400363 1.005936 0.906127
v 0.237640 0.369556 0.513280
v 0.171479 0.277146 0.353554
v 0.099690 0.220241 0.180240
v 0.063093 2.181811 0.191342
v 0.099690 2.124906 0.375331
v 0.133419 2.032495 0.544895
v 0.162982 1.908133 0.693520
v 0.187244 1.756596 0.815493
v 0.205273 1.583709 0.906127
v 0.220123 1.201026 0.980785
v 0.216374 1.005936 0.961940
v 0.133419 0.369556 0.544895
v 0.099690 0.277146 0.375331
v 0.063093 0.220241 0.191342
v 0.025033 2.181811 0.195091
v 0.025033 2.124906 0.382684
v 0.025033 2.032495 0.555570
v 0.025033 1.908133 0.707107
v 0.025033 1.756596 0.831469
v 0.025033 1.583709 0.923880
v 0.025033 1.396116 0.980785
v 0.025032 1.201026 1.000000
v 0.025033 1.005936 0.980785
v 0.025033 0.369556 0.555570
v 0.025033 0.277146 0.382684
v 0.025033 0.220241 0.195091
v -0.013028 2.181811 0.191342
v -0.049625 2.124906 0.375331
v -0.083354 2.032495 0.544895
v -0.112917 1.908133 0.693520
v -0.137179 1.756596 0.815493
v -0.155207 1.583709 0.906127
v -0.170058 1.201026 0.980785
v -0.166309 1.005936 0.961940
v -0.083354 0.369556 0.544895
v -0.049625 0.277146 0.375331
v -0.013028 0.220241 0.191342
v -0.049625 2.181811 0.180240
v -0.121414 2.124906 0.353554
v -0.187575 2.032495 0.513280
v -0.245565 1.908133 0.653282
v -0.293157 1.756596 0.768178
v -0.328521 1.583709 0.853553
v -0.357651 1.201026 0.923879
v -0.350298 1.005936 0.906127
v -0.187575 0.369556 0.513280
v -0.121414 0.277146 0.353554
v -0.049625 0.220241 0.180240
v -0.083354 2.181811 0.162212
v -0.187575 2.124906 0.318190
v -0.283626 2.032495 0.461940
v -0.367815 1.908133 0.587938
v -0.436907 1.756596 0.691342
v -0.488247 1.583709 0.768178
v -0.519862 1.396116 0.815493
v -0.530537 1.201026 0.831469
v -0.519862 1.005936 0.815493
v -0.367815 0.493919 0.587938
v -0.283626 0.369556 0.461940
v -0.187575 0.277146 0.318190
v -0.083354 0.220241 0.162212
v -0.112917 2.181811 0.137950
v -0.245565 2.124906 0.270598
v -0.367815 2.032495 0.392847
v -0.474967 1.908133 0.500000
v -0.562905 1.756596 0.587938
v -0.628249 1.583709 0.653282
v -0.668487 1.396116 0.693520
v -0.682074 1.201026 0.707106
v -0.562905 0.645456 0.587938
v -0.474967 0.493919 0.500000
v -0.367815 0.369556 0.392847
v -0.245565 0.277146 0.270598
v -0.112917 0.220241 0.137950
v -0.137179 2.181811 0.108387
v -0.293157 2.124906 0.212608
v -0.436907 2.032495 0.308658
v -0.562905 1.908133 0.392848
v -0.666309 1.756596 0.461940
v -0.743145 1.583709 0.513280
v -0.790460 1.396116 0.544895
v -0.806436 1.201026 0.555570
v -0.790460 1.005936 0.544895
v -0.743145 0.818343 0.513280
v -0.666309 0.645456 0.461940
v -0.562905 0.493919 0.392848
v -0.436907 0.369556 0.308658
v -0.293157 0.277146 0.212608
v -0.137179 0.220241 0.108387
v 0.025033 2.201026 0.000000
v -0.155207 2.181811 0.074658
v -0.328521 2.124906 0.146447
v -0.488247 2.032495 0.212608
v -0.628249 1.908133 0.270598
v -0.743145 1.756596 0.318190
v -0.828520 1.583709 0.353553
v -0.881094 1.396116 0.375330
v -0.898846 1.201026 0.382683
v -0.881094 1.005936 0.375330
v -0.828521 0.818343 0.353553
v -0.743145 0.645456 0.318190
v -0.628249 0.493919 0.270598
v -0.488247 0.369556 0.212608
v -0.328521 0.277146 0.146447
v -0.155207 0.220241 0.074658
v -0.166309 2.181811 0.038060
v -0.350298 2.124906 0.074658
v -0.519862 2.032495 0.108386
v -0.668487 1.908133 0.137950
v -0.790460 1.756596 0.162212
v -0.881095 1.583709 0.180240
v -0.936907 1.396116 0.191342
v -0.955752 1.201026 0.195090
v -0.936907 1.005936 0.191342
v -0.881095 0.818343 0.180240
v -0.790460 0.645456 0.162212
v -0.668487 0.493919 0.137950
v -0.519862 0.369556 0.108386
v -0.350298 0.277146 0.074658
v -0.166309 0.220241 0.038060
v -0.170058 2.181811 0.000000
v -0.357651 2.124906 0.000000
v -0.530537 2.032495 0.000000
v -0.682074 1.908133 0.000000
v -0.806437 1.756596 0.000000
v -0.898847 1.583709 0.000000
v -0.955752 1.396116 0.000000
v -0.974966 1.201026 -0.000000
v -0.955752 1.005936 0.000000
v -0.898847 0.818343 0.000000
v -0.806437 0.645456 0.000000
v -0.682074 0.493919 0.000000
v -0.530537 0.369556 0.000000
v -0.357651 0.277146 0.000000
v -0.170058 0.220241 0.000000
v -0.166309 2.181811 -0.038060
v -0.350298 2.124906 -0.074658
v -0.519862 2.032495 -0.108386
v -0.668487 1.908133 -0.137949
v -0.790460 1.756596 -0.162211
v -0.881094 1.583709 -0.180240
v -0.936907 1.396116 -0.191342
v -0.955752 1.201026 -0.195090
v -0.936907 1.005936 -0.191342
v -0.881095 0.818343 -0.180240
v -0.790460 0.645456 -0.162211
v -0.668487 0.493919 -0.137949
v -0.519862 0.369556 -0.108386
v -0.350297 0.277146 -0.074658
v -0.166309 0.220241 -0.038060
v -0.155207 2.181811 -0.074658
v -0.328521 2.124906 -0.146446
v -0.488247 2.032495 -0.212607
v -0.628249 1.908133 -0.270598
v -0.743145 1.756596 -0.318189
v -0.828520 1.583709 -0.353553
v -0.881094 1.396116 -0.375330
v -0.898846 1.201026 -0.382683
v -0.881094 1.005936 -0.375330
v -0.828520 0.818343 -0.353553
v -0.743145 0.645456 -0.318189
v -0.628249 0.493919 -0.270598
v -0.488247 0.369556 -0.212607
v -0.328521 0.277146 -0.146446
v -0.155207 0.220241 -0.074658
v -0.137179 2.181811 -0.108386
v -0.293157 2.124906 -0.212607
v -0.436907 2.032495 -0.308658
v -0.562905 1.908133 -0.392847
v -0.666309 1.756596 -0.461939
v -0.743145 1.583709 -0.513280
v -0.790460 1.396116 -0.544895
v -0.806436 1.201026 -0.555570
v -0.790460 1.005936 -0.544895
v -0.743145 0.818343 -0.513280
v -0.666309 0.645456 -0.461939
v -0.562905 0.493919 -0.392847
v -0.436907 0.369556 -0.308658
v -0.293157 0.277146 -0.212607
v -0.137179 0.220241 -0.108386
v -0.112917 2.181811 -0.137949
v -0.245565 2.124906 -0.270598
v -0.367814 2.032495 -0.392847
v -0.474967 1.908133 -0.500000
v -0.562905 1.756596 -0.587937
v -0.628249 1.583709 -0.653281
v -0.668487 1.396116 -0.693519
v -0.682073 1.201026 -0.707106
v -0.668487 1.005936 -0.693519
v -0.628249 0.818343 -0.653281
v -0.562905 0.645456 -0.587937
v -0.474967 0.493919 -0.500000
v -0.367814 0.369556 -0.392847
v -0.245565 0.277146 -0.270598
v -0.112917 0.220241 -0.137949
v -0.083354 2.181811 -0.162211
v -0.187575 2.124906 -0.318189
v -0.283625 2.032495 -0.461939
v -0.367815 1.908133 -0.587937
v -0.436907 1.756596 -0.691341
v -0.488247 1.583709 -0.768177
v -0.519862 1.396116 -0.815493
v -0.530537 1.201026 -0.831469
v -0.519862 1.005936 -0.815493
v -0.488247 0.818343 -0.768177
v -0.436907 0.645456 -0.691341
v -0.367815 0.493919 -0.587937
v -0.283625 0.369556 -0.461939
v -0.187575 0.277146 -0.318189
v -0.083354 0.220241 -0.162211
v -0.049625 2.181811 -0.180240
v -0.121414 2.124906 -0.353553
v -0.187575 2.032495 -0.513279
v -0.245565 1.908133 -0.653281
v -0.293157 1.756596 -0.768177
v -0.328521 1.583709 -0.853553
v -0.350297 1.396116 -0.906127
v -0.357650 1.201026 -0.923878
v -0.350297 1.005936 -0.906127
v -0.328521 0.818343 -0.853553
v -0.293157 0.645456 -0.768177
v -0.245565 0.493919 -0.653281
v -0.187575 0.369556 -0.513279
v -0.121414 0.277146 -0.353553
v -0.049625 0.220241 -0.180240
v -0.013028 2.181811 -0.191341
v -0.049625 2.124906 -0.375330
v -0.083354 2.032495 -0.544894
v -0.112917 1.908133 -0.693519
v -0.137179 1.756596 -0.815492
v -0.155207 1.583709 -0.906127
v -0.166309 1.396116 -0.961939
v -0.170057 1.201026 -0.980784
v -0.166309 1.005936 -0.961939
v -0.155207 0.818343 -0.906127
v -0.137179 0.645456 -0.815492
v -0.112917 0.493919 -0.693519
v -0.083354 0.369556 -0.544894
v -0.049625 0.277146 -0.375330
v -0.013028 0.220241 -0.191341
v 0.025033 1.201026 -0.999999
v 0.025033 1.005936 -0.980784
v 0.025033 0.818343 -0.923879
v 0.025033 0.277146 -0.382683
v 0.025033 0.220241 -0.195090
v 0.025033 0.201026 0.000000
v 0.461739 1.328773 0.880806
v 0.464174 1.265542 0.886532
v 0.449709 1.206434 0.900832
v 0.407244 1.480051 0.873718
v 0.387976 1.502821 0.876223
v 0.379737 1.512557 0.875650
v 0.429241 1.440852 0.875378
v 0.451593 1.380516 0.880478
v 0.445814 1.396116 0.881833
v 0.404829 1.277619 0.916910
v 0.399180 1.285897 0.917775
v 0.428877 1.242377 0.907973
v 0.346631 1.529486 0.880353
v 0.311719 1.536491 0.888733
v 0.277745 1.533609 0.899948
v 0.359209 1.325033 0.925892
v 0.311022 1.339405 0.939037
v 0.269132 1.328733 0.952838
v 0.245759 1.520462 0.913799
v 0.216181 1.493242 0.931358
v 0.188848 1.448900 0.948639
v 0.211113 1.485020 0.935489
v 0.234426 1.302420 0.966061
v 0.218584 1.281114 0.973049
v 0.196440 1.251335 0.978162
v 0.163480 1.384710 0.968273
v 0.167988 1.396116 0.966705
v 0.162695 1.202872 0.986259
v 0.150631 1.325578 0.975362
v 0.150684 1.239382 0.983846
v -0.100618 1.239382 0.983846
v -0.100565 1.325578 0.975362
v -0.113415 1.384710 0.968273
v -0.146375 1.251335 0.978162
v -0.112630 1.202873 0.986259
v -0.117923 1.396116 0.966705
v -0.138783 1.448900 0.948639
v -0.227679 1.533609 0.899948
v -0.195694 1.520462 0.913798
v -0.166115 1.493242 0.931358
v -0.161048 1.485020 0.935489
v -0.260957 1.339405 0.939037
v -0.219066 1.328733 0.952838
v -0.168519 1.281115 0.973048
v -0.184361 1.302420 0.966061
v -0.296565 1.529486 0.880353
v -0.261654 1.536491 0.888733
v -0.329672 1.512557 0.875650
v -0.349115 1.285898 0.917775
v -0.309144 1.325033 0.925892
v -0.357179 1.480051 0.873718
v -0.337911 1.502821 0.876223
v -0.379176 1.440852 0.875378
v -0.395749 1.396116 0.881833
v -0.401528 1.380516 0.880478
v -0.411674 1.328773 0.880805
v -0.414108 1.265542 0.886532
v -0.378812 1.242377 0.907973
v -0.354764 1.277619 0.916910
v -0.399644 1.206434 0.900832
v 0.725149 0.941173 0.654664
v 0.735478 1.005936 0.672896
v 0.735916 1.002225 0.670597
v 0.732138 1.034264 0.681342
v 0.707979 0.862462 0.638130
v 0.720333 1.031499 0.695300
v 0.618387 1.007620 0.775937
v 0.412436 0.503116 0.599365
v 0.427214 0.514390 0.601907
v 0.518104 0.583733 0.600580
v 0.604707 0.675538 0.615420
v 0.576329 0.645456 0.618008
v 0.688954 0.818343 0.640317
v 0.668806 0.771619 0.625690
v 0.650001 0.743431 0.624968
v 0.610072 1.005936 0.782547
v 0.568509 0.997519 0.813370
v 0.517841 0.987258 0.836940
v 0.291881 0.441568 0.583303
v 0.394422 0.493919 0.600477
v 0.412381 0.969849 0.887351
v 0.291881 0.952167 0.922073
v 0.395893 0.967430 0.895336
v 0.161071 0.403220 0.579166
v 0.140964 0.401295 0.582826
v 0.025033 0.390198 0.580722
v 0.267947 0.434552 0.586449
v 0.212951 0.948085 0.944728
v 0.161071 0.945402 0.949024
v 0.025033 0.941381 0.961203
v -0.111005 0.945402 0.949024
v -0.111005 0.403220 0.579166
v -0.090899 0.401295 0.582826
v -0.217882 0.434552 0.586448
v -0.241816 0.441568 0.583303
v -0.162886 0.948085 0.944728
v -0.241816 0.952167 0.922073
v -0.344357 0.493919 0.600476
v -0.362371 0.503116 0.599365
v -0.467776 0.987258 0.836940
v -0.362316 0.969850 0.887351
v -0.345828 0.967430 0.895336
v -0.377148 0.514390 0.601907
v -0.468038 0.583733 0.600579
v -0.554642 0.675538 0.615420
v -0.526264 0.645456 0.618008
v -0.638889 0.818343 0.640317
v -0.618741 0.771619 0.625690
v -0.599935 0.743431 0.624968
v -0.657914 0.862462 0.638129
v -0.675084 0.941173 0.654663
v -0.685850 1.002225 0.670597
v -0.685413 1.005936 0.672896
v -0.682073 1.034264 0.681342
v -0.670267 1.031499 0.695300
v -0.518444 0.997519 0.813370
v -0.560009 1.005936 0.782546
v -0.568322 1.007619 0.775937
v 0.161071 0.945402 0.819613
v 0.025033 0.941381 0.831792
v 0.291881 0.952167 0.792662
v 0.412381 0.969849 0.757940
v 0.517841 0.987258 0.707529
v 0.618387 1.007620 0.646526
v 0.732138 1.034264 0.551931
v 0.732138 1.034264 0.551931
v 0.735916 1.002225 0.541186
v 0.725149 0.941173 0.525252
v 0.707979 0.862462 0.508719
v 0.668806 0.771619 0.496279
v 0.604707 0.675538 0.486009
v 0.518104 0.583733 0.471168
v 0.412436 0.503116 0.469954
v 0.291881 0.441568 0.453892
v 0.161071 0.403220 0.449755
v 0.025033 0.390198 0.451311
v -0.111005 0.403220 0.449755
v -0.241816 0.441568 0.453892
v -0.362371 0.503116 0.469954
v -0.468038 0.583733 0.471168
v -0.554642 0.675538 0.486008
v -0.618741 0.771619 0.496278
v -0.657914 0.862462 0.508718
v -0.675084 0.941173 0.525252
v -0.685850 1.002225 0.541185
v -0.682073 1.034264 0.551931
v -0.682073 1.034264 0.551931
v -0.568322 1.007619 0.646525
v -0.467776 0.987258 0.707529
v -0.362316 0.969850 0.757940
v -0.241816 0.952167 0.792662
v -0.111005 0.945402 0.819613
v -0.682073 1.034264 0.681342
v -0.682073 1.034264 0.681342
v 0.732138 1.034264 0.681342
v 0.732138 1.034264 0.681342
v 0.346631 1.529486 0.845490
v 0.311719 1.536491 0.853870
v 0.379737 1.512557 0.840788
v 0.407244 1.480051 0.838856
v 0.429241 1.440852 0.840516
v 0.451593 1.380516 0.845615
v 0.461739 1.328773 0.845943
v 0.464174 1.265542 0.851669
v 0.449709 1.206434 0.865969
v 0.449709 1.206434 0.865969
v 0.428877 1.242377 0.873110
v 0.399180 1.285897 0.882913
v 0.359209 1.325033 0.891029
v 0.311022 1.339405 0.904175
v 0.311022 1.339405 0.904175
v 0.269132 1.328733 0.917975
v 0.234426 1.302420 0.931198
v 0.196440 1.251335 0.943300
v 0.162695 1.202872 0.951397
v 0.162695 1.202872 0.951397
v 0.150684 1.239382 0.948984
v 0.150631 1.325578 0.940499
v 0.163480 1.384710 0.933410
v 0.188848 1.448900 0.913776
v 0.216181 1.493242 0.896496
v 0.245759 1.520462 0.878936
v 0.277745 1.533609 0.865086
v -0.296565 1.529486 0.845490
v -0.261654 1.536491 0.853870
v -0.329672 1.512557 0.840788
v -0.357179 1.480051 0.838855
v -0.379176 1.440852 0.840515
v -0.401528 1.380516 0.845615
v -0.411674 1.328773 0.845943
v -0.414108 1.265542 0.851669
v -0.399644 1.206434 0.865969
v -0.399644 1.206434 0.865969
v -0.378812 1.242377 0.873110
v -0.349115 1.285898 0.882913
v -0.309144 1.325033 0.891029
v -0.260957 1.339405 0.904174
v -0.260957 1.339405 0.904174
v -0.219066 1.328733 0.917975
v -0.184361 1.302420 0.931198
v -0.146375 1.251335 0.943300
v -0.112630 1.202873 0.951396
v -0.112630 1.202873 0.951396
v -0.100618 1.239382 0.948984
v -0.100565 1.325578 0.940499
v -0.113415 1.384710 0.933410
v -0.138783 1.448900 0.913776
v -0.166115 1.493242 0.896495
v -0.195694 1.520462 0.878936
v -0.227679 1.533609 0.865086
v -0.399644 1.206434 0.900832
v -0.399644 1.206434 0.900832
v 0.311022 1.339405 0.939037
v 0.311022 1.339405 0.939037
v 0.162695 1.202872 0.986259
v 0.162695 1.202872 0.986259
v 0.449709 1.206434 0.900832
v 0.449709 1.206434 0.900832
v 0.464174 1.265542 0.886532
v 0.407244 1.480051 0.873718
v 0.387976 1.502821 0.876223
v 0.379737 1.512557 0.875650
v 0.429241 1.440852 0.875378
v 0.451593 1.380516 0.880478
v 0.445814 1.396116 0.881833
v 0.461739 1.328773 0.880806
v 0.428877 1.242377 0.907973
v 0.404829 1.277619 0.916910
v 0.399180 1.285897 0.917775
v 0.311719 1.536491 0.888733
v 0.346631 1.529486 0.880353
v 0.277745 1.533609 0.899948
v 0.359209 1.325033 0.925892
v 0.269132 1.328733 0.952838
v 0.245759 1.520462 0.913799
v 0.216181 1.493242 0.931358
v 0.211113 1.485020 0.935489
v 0.188848 1.448900 0.948639
v 0.234426 1.302420 0.966061
v 0.218584 1.281114 0.973049
v 0.196440 1.251335 0.978162
v 0.167988 1.396116 0.966705
v 0.163480 1.384710 0.968273
v 0.150631 1.325578 0.975362
v 0.150684 1.239382 0.983846
v -0.100565 1.325578 0.975362
v -0.100618 1.239382 0.983846
v -0.113415 1.384710 0.968273
v -0.112630 1.202873 0.986259
v -0.112630 1.202873 0.986259
v -0.146375 1.251335 0.978162
v -0.138783 1.448900 0.948639
v -0.117923 1.396116 0.966705
v -0.227679 1.533609 0.899948
v -0.195694 1.520462 0.913798
v -0.166115 1.493242 0.931358
v -0.161048 1.485020 0.935489
v -0.219066 1.328733 0.952838
v -0.260957 1.339405 0.939037
v -0.260957 1.339405 0.939037
v -0.184361 1.302420 0.966061
v -0.168519 1.281115 0.973048
v -0.296565 1.529486 0.880353
v -0.261654 1.536491 0.888733
v -0.329672 1.512557 0.875650
v -0.309144 1.325033 0.925892
v -0.349115 1.285898 0.917775
v -0.357179 1.480051 0.873718
v -0.337911 1.502821 0.876223
v -0.379176 1.440852 0.875378
v -0.395749 1.396116 0.881833
v -0.401528 1.380516 0.880478
v -0.411674 1.328773 0.880805
v -0.414108 1.265542 0.886532
v -0.354764 1.277619 0.916910
v -0.378812 1.242377 0.907973
v 0.725149 0.941173 0.654664
v 0.735916 1.002225 0.670597
v 0.735478 1.005936 0.672896
v 0.707979 0.862462 0.638130
v 0.618387 1.007620 0.775937
v 0.720333 1.031499 0.695300
v 0.412436 0.503116 0.599365
v 0.427214 0.514390 0.601907
v 0.518104 0.583733 0.600580
v 0.576329 0.645456 0.618008
v 0.604707 0.675538 0.615420
v 0.650001 0.743431 0.624968
v 0.688954 0.818343 0.640317
v 0.668806 0.771619 0.625690
v 0.610072 1.005936 0.782547
v 0.568509 0.997519 0.813370
v 0.517841 0.987258 0.836940
v 0.291881 0.441568 0.583303
v 0.394422 0.493919 0.600477
v 0.412381 0.969849 0.887351
v 0.395893 0.967430 0.895336
v 0.291881 0.952167 0.922073
v 0.161071 0.403220 0.579166
v 0.140964 0.401295 0.582826
v 0.267947 0.434552 0.586449
v 0.025033 0.390198 0.580722
v 0.212951 0.948085 0.944728
v 0.161071 0.945402 0.949024
v 0.025033 0.941381 0.961203
v -0.111005 0.945402 0.949024
v -0.111005 0.403220 0.579166
v -0.090899 0.401295 0.582826
v -0.217882 0.434552 0.586448
v -0.241816 0.441568 0.583303
v -0.162886 0.948085 0.944728
v -0.241816 0.952167 0.922073
v -0.344357 0.493919 0.600476
v -0.362371 0.503116 0.599365
v -0.467776 0.987258 0.836940
v -0.362316 0.969850 0.887351
v -0.345828 0.967430 0.895336
v -0.377148 0.514390 0.601907
v -0.468038 0.583733 0.600579
v -0.526264 0.645456 0.618008
v -0.554642 0.675538 0.615420
v -0.657914 0.862462 0.638129
v -0.638889 0.818343 0.640317
v -0.618741 0.771619 0.625690
v -0.599935 0.743431 0.624968
v -0.675084 0.941173 0.654663
v -0.685850 1.002225 0.670597
v -0.685413 1.005936 0.672896
v -0.670267 1.031499 0.695300
v -0.518444 0.997519 0.813370
v -0.560009 1.005936 0.782546
v -0.568322 1.007619 0.775937
vt 0.161455 0.365765
vt 0.161455 0.365765
vt 0.156289 0.395059
vt 0.156289 0.395059
vt 0.432104 0.107651
vt 0.432104 0.107651
vt 0.441751 0.106728
vt 0.497376 0.101403
vt 0.497376 0.101403
vt 0.158101 0.410431
vt 0.158101 0.410431
vt 0.156499 0.396839
vt 0.156289 0.395059
vt 0.156289 0.395059
vt 0.260923 0.387878
vt 0.260923 0.387878
vt 0.311523 0.379525
vt 0.311523 0.379525
vt 0.311497 0.155582
vt 0.311497 0.155582
vt 0.304406 0.160992
vt 0.260797 0.194263
vt 0.260797 0.194263
vt 0.188489 0.284412
vt 0.188489 0.284412
vt 0.197511 0.270887
vt 0.219244 0.238312
vt 0.219244 0.238312
vt 0.432104 0.367795
vt 0.432104 0.367795
vt 0.407211 0.369082
vt 0.369340 0.371041
vt 0.369340 0.371041
vt 0.169693 0.327999
vt 0.169693 0.327999
vt 0.369340 0.126051
vt 0.369340 0.126051
vt 0.380823 0.122685
vt 0.212680 0.397647
vt 0.212680 0.397647
vt 0.163765 0.409104
vt 0.158101 0.410431
vt 0.158101 0.410431
vt 0.212680 0.397647
vt 0.212680 0.397647
vt 0.216669 0.396839
vt 0.236612 0.392801
vt 0.369340 0.126051
vt 0.369340 0.126051
vt 0.320140 0.151170
vt 0.169693 0.327999
vt 0.169693 0.327999
vt 0.178821 0.306831
vt 0.432104 0.367795
vt 0.432104 0.367795
vt 0.497376 0.365866
vt 0.497376 0.365866
vt 0.188489 0.284412
vt 0.188489 0.284412
vt 0.178821 0.306831
vt 0.311497 0.155582
vt 0.311497 0.155582
vt 0.320140 0.151170
vt 0.260923 0.387878
vt 0.260923 0.387878
vt 0.236612 0.392801
vt 0.216669 0.396839
vt 0.158101 0.410431
vt 0.158101 0.410431
vt 0.163766 0.409105
vt 0.432104 0.107651
vt 0.432104 0.107651
vt 0.380824 0.122685
vt 0.161455 0.365765
vt 0.161455 0.365765
vt 0.369340 0.371041
vt 0.369340 0.371041
vt 0.407211 0.369082
vt 0.219244 0.238312
vt 0.219244 0.238312
vt 0.197512 0.270887
vt 0.260797 0.194263
vt 0.260797 0.194263
vt 0.304406 0.160992
vt 0.311523 0.379525
vt 0.311523 0.379525
vt 0.156499 0.396839
vt 0.158101 0.410431
vt 0.158101 0.410431
vt 0.441751 0.106728
vt 0.319435 0.378364
vt 0.232860 0.223878
vt 0.232859 0.223878
vt 0.319434 0.378364
vt 0.293613 0.493040
vt 0.293613 0.493040
vt 0.303608 0.510286
vt 0.303608 0.510286
vt 0.391470 0.643713
vt 0.391470 0.643713
vt 0.376122 0.650021
vt 0.376122 0.650021
vt 0.360156 0.556840
vt 0.360156 0.556840
vt 0.337036 0.549945
vt 0.337036 0.549945
vt 0.315146 0.527195
vt 0.317857 0.531167
vt 0.317857 0.531167
vt 0.359821 0.651404
vt 0.359821 0.651404
vt 0.380256 0.551720
vt 0.380256 0.551720
vt 0.360156 0.556840
vt 0.360156 0.556840
vt 0.337035 0.549945
vt 0.337035 0.549945
vt 0.396907 0.539095
vt 0.396907 0.539095
vt 0.360156 0.556840
vt 0.360156 0.556840
vt 0.343071 0.648043
vt 0.343071 0.648043
vt 0.359822 0.651404
vt 0.359822 0.651404
vt 0.415133 0.514584
vt 0.415133 0.514584
vt 0.404509 0.528872
vt 0.360156 0.556840
vt 0.360156 0.556840
vt 0.380255 0.551720
vt 0.380255 0.551720
vt 0.327186 0.639920
vt 0.327186 0.639920
vt 0.431325 0.491331
vt 0.431325 0.491331
vt 0.396907 0.539095
vt 0.396907 0.539095
vt 0.313988 0.624323
vt 0.313988 0.624323
vt 0.323233 0.635249
vt 0.343071 0.648043
vt 0.343071 0.648043
vt 0.437088 0.508849
vt 0.437088 0.508849
vt 0.431325 0.491331
vt 0.431325 0.491331
vt 0.404508 0.528872
vt 0.415133 0.514584
vt 0.415133 0.514584
vt 0.303433 0.605515
vt 0.303433 0.605515
vt 0.327186 0.639920
vt 0.327186 0.639920
vt 0.437113 0.550206
vt 0.437113 0.550206
vt 0.431324 0.491331
vt 0.431324 0.491331
vt 0.292709 0.576566
vt 0.292709 0.576566
vt 0.295482 0.584051
vt 0.323233 0.635249
vt 0.313988 0.624323
vt 0.313988 0.624323
vt 0.430948 0.578578
vt 0.430948 0.578578
vt 0.431324 0.491331
vt 0.431324 0.491331
vt 0.437088 0.508849
vt 0.437088 0.508849
vt 0.287841 0.551739
vt 0.287841 0.551739
vt 0.303433 0.605515
vt 0.303433 0.605515
vt 0.418776 0.609377
vt 0.418776 0.609377
vt 0.428785 0.584051
vt 0.437113 0.550206
vt 0.437113 0.550206
vt 0.286673 0.521400
vt 0.286673 0.521400
vt 0.295482 0.584051
vt 0.292709 0.576566
vt 0.292709 0.576566
vt 0.405662 0.630652
vt 0.405662 0.630652
vt 0.408093 0.626708
vt 0.430948 0.578578
vt 0.430948 0.578578
vt 0.293613 0.493040
vt 0.293613 0.493040
vt 0.287841 0.551739
vt 0.287841 0.551739
vt 0.391470 0.643713
vt 0.391470 0.643713
vt 0.428785 0.584051
vt 0.418776 0.609377
vt 0.418776 0.609377
vt 0.303608 0.510286
vt 0.303608 0.510286
vt 0.293613 0.493040
vt 0.293613 0.493040
vt 0.286673 0.521400
vt 0.286673 0.521400
vt 0.376123 0.650021
vt 0.376123 0.650021
vt 0.408093 0.626708
vt 0.405661 0.630652
vt 0.405661 0.630652
vt 0.317857 0.531167
vt 0.317857 0.531167
vt 0.315147 0.527195
vt 0.293613 0.493040
vt 0.293613 0.493040
vt 0.076662 0.081932
vt 0.076662 0.087445
vt 0.081834 0.087445
vt 0.082408 0.081932
vt 0.076662 0.040274
vt 0.076662 0.043220
vt 0.080117 0.043220
vt 0.079042 0.040274
vt 0.076662 0.075951
vt 0.082762 0.075951
vt 0.076662 0.038459
vt 0.077875 0.038459
vt 0.076662 0.069731
vt 0.082882 0.069731
vt 0.076662 0.101002
vt 0.076662 0.101615
vt 0.077875 0.101002
vt 0.076662 0.037847
vt 0.076662 0.063511
vt 0.082762 0.063511
vt 0.076662 0.099188
vt 0.079042 0.099188
vt 0.076662 0.057529
vt 0.082408 0.057529
vt 0.076662 0.096241
vt 0.080117 0.096241
vt 0.076662 0.052017
vt 0.081834 0.052017
vt 0.076662 0.092276
vt 0.081060 0.092276
vt 0.076662 0.047185
vt 0.081060 0.047185
vt 0.085289 0.092276
vt 0.086807 0.087445
vt 0.085289 0.047185
vt 0.083440 0.043220
vt 0.087934 0.081932
vt 0.081331 0.040274
vt 0.088629 0.075951
vt 0.079042 0.038459
vt 0.088863 0.069731
vt 0.079042 0.101002
vt 0.088629 0.063511
vt 0.081331 0.099188
vt 0.087934 0.057529
vt 0.083440 0.096241
vt 0.086807 0.052017
vt 0.094376 0.069731
vt 0.094035 0.063511
vt 0.080117 0.101002
vt 0.083440 0.099188
vt 0.093027 0.057529
vt 0.086503 0.096241
vt 0.091390 0.052017
vt 0.089187 0.092276
vt 0.089187 0.047185
vt 0.091390 0.087445
vt 0.086503 0.043220
vt 0.093027 0.081932
vt 0.083440 0.040274
vt 0.094035 0.075951
vt 0.080117 0.038459
vt 0.092604 0.047185
vt 0.089187 0.043220
vt 0.095408 0.087445
vt 0.097491 0.081932
vt 0.085289 0.040274
vt 0.098774 0.075951
vt 0.081060 0.038459
vt 0.099207 0.069731
vt 0.081060 0.101002
vt 0.098774 0.063511
vt 0.085289 0.099188
vt 0.097491 0.057529
vt 0.089187 0.096241
vt 0.095408 0.052017
vt 0.092604 0.092276
vt 0.081834 0.101002
vt 0.086807 0.099188
vt 0.102663 0.063511
vt 0.101154 0.057529
vt 0.091390 0.096241
vt 0.098704 0.052017
vt 0.095408 0.092276
vt 0.095408 0.047185
vt 0.098704 0.087445
vt 0.091390 0.043220
vt 0.101154 0.081932
vt 0.086807 0.040274
vt 0.102663 0.075951
vt 0.081834 0.038459
vt 0.103172 0.069731
vt 0.101154 0.087445
vt 0.103876 0.081932
vt 0.093027 0.043220
vt 0.087934 0.040274
vt 0.105553 0.075951
vt 0.082408 0.038459
vt 0.106119 0.069731
vt 0.082408 0.101002
vt 0.105553 0.063511
vt 0.087934 0.099188
vt 0.103876 0.057529
vt 0.093027 0.096241
vt 0.101154 0.052017
vt 0.097491 0.092276
vt 0.097491 0.047185
vt 0.107332 0.063511
vt 0.105553 0.057529
vt 0.088629 0.099188
vt 0.094035 0.096241
vt 0.102663 0.052017
vt 0.098774 0.092276
vt 0.098774 0.047185
vt 0.102663 0.087445
vt 0.094035 0.043220
vt 0.105553 0.081932
vt 0.088629 0.040274
vt 0.107332 0.075951
vt 0.082762 0.038459
vt 0.107933 0.069731
vt 0.082762 0.101002
vt 0.094376 0.043220
vt 0.088863 0.040274
vt 0.106119 0.081932
vt 0.107933 0.075951
vt 0.082882 0.038459
vt 0.108546 0.069731
vt 0.082882 0.101002
vt 0.107933 0.063511
vt 0.088863 0.099188
vt 0.106119 0.057529
vt 0.094376 0.096241
vt 0.103172 0.052017
vt 0.099207 0.092276
vt 0.099207 0.047185
vt 0.103172 0.087445
vt 0.098431 0.223878
vt 0.054091 0.306831
vt 0.062609 0.306831
vt 0.106096 0.223878
vt 0.158101 0.829721
vt 0.230809 0.889391
vt 0.235931 0.889391
vt 0.164620 0.829721
vt 0.158101 0.151170
vt 0.164620 0.151170
vt 0.098431 0.757012
vt 0.106096 0.757012
vt 0.230809 0.091499
vt 0.235931 0.091499
vt 0.054091 0.674060
vt 0.062609 0.674060
vt 0.313761 0.047160
vt 0.317290 0.047160
vt 0.026788 0.584051
vt 0.035830 0.584051
vt 0.403770 0.019857
vt 0.405569 0.019857
vt 0.017568 0.490445
vt 0.026788 0.490445
vt 0.403770 0.961033
vt 0.497376 0.970253
vt 0.405569 0.961033
vt 0.497376 0.010637
vt 0.026788 0.396839
vt 0.035830 0.396839
vt 0.313761 0.933730
vt 0.317290 0.933730
vt 0.327738 0.047160
vt 0.410895 0.019857
vt 0.062609 0.584051
vt 0.054091 0.490445
vt 0.410895 0.961033
vt 0.062609 0.396839
vt 0.327738 0.933730
vt 0.087835 0.306831
vt 0.251100 0.889391
vt 0.128799 0.223878
vt 0.183927 0.829721
vt 0.183927 0.151170
vt 0.128799 0.757012
vt 0.251100 0.091499
vt 0.087835 0.674060
vt 0.275734 0.889391
vt 0.215279 0.829721
vt 0.165665 0.223878
vt 0.215279 0.151170
vt 0.165665 0.757012
vt 0.275734 0.091499
vt 0.128799 0.674060
vt 0.344706 0.047160
vt 0.106096 0.584051
vt 0.419546 0.019857
vt 0.098431 0.490445
vt 0.419546 0.961033
vt 0.106096 0.396839
vt 0.344706 0.933730
vt 0.128798 0.306831
vt 0.164620 0.584051
vt 0.158101 0.490445
vt 0.431187 0.961033
vt 0.431187 0.019857
vt 0.163766 0.409105
vt 0.158101 0.410431
vt 0.156499 0.396839
vt 0.367541 0.933730
vt 0.156289 0.395059
vt 0.161455 0.365765
vt 0.169693 0.327999
vt 0.178821 0.306831
vt 0.308885 0.889391
vt 0.188489 0.284412
vt 0.197512 0.270887
vt 0.215279 0.223878
vt 0.257472 0.829721
vt 0.257472 0.151170
vt 0.215279 0.757012
vt 0.308885 0.091499
vt 0.183927 0.674060
vt 0.367541 0.047160
vt 0.232860 0.223878
vt 0.260797 0.194263
vt 0.304406 0.160992
vt 0.308885 0.151170
vt 0.308885 0.829721
vt 0.275734 0.757012
vt 0.349279 0.091499
vt 0.251100 0.674060
vt 0.395365 0.047160
vt 0.235931 0.584051
vt 0.445371 0.019857
vt 0.230809 0.490445
vt 0.445371 0.961033
vt 0.395365 0.933730
vt 0.349279 0.889391
vt 0.219244 0.238312
vt 0.461554 0.961033
vt 0.461554 0.019857
vt 0.235931 0.396839
vt 0.313762 0.490445
vt 0.317290 0.396839
vt 0.427110 0.933730
vt 0.395365 0.889391
vt 0.367541 0.829721
vt 0.311497 0.155582
vt 0.320140 0.151170
vt 0.344706 0.757012
vt 0.369340 0.126051
vt 0.380824 0.122685
vt 0.395365 0.091499
vt 0.327738 0.674060
vt 0.427110 0.047160
vt 0.323233 0.635249
vt 0.313988 0.624323
vt 0.303433 0.605515
vt 0.295482 0.584051
vt 0.292709 0.576566
vt 0.287841 0.551739
vt 0.286673 0.521400
vt 0.293613 0.493040
vt 0.303608 0.510286
vt 0.315147 0.527195
vt 0.431187 0.829721
vt 0.419546 0.757012
vt 0.432104 0.107651
vt 0.441751 0.106728
vt 0.445371 0.091499
vt 0.410895 0.674060
vt 0.461554 0.047160
vt 0.479114 0.019857
vt 0.317857 0.531167
vt 0.337036 0.549945
vt 0.360156 0.556840
vt 0.380256 0.551720
vt 0.396907 0.539095
vt 0.404509 0.528872
vt 0.403770 0.490445
vt 0.479114 0.961033
vt 0.405569 0.396839
vt 0.461554 0.933730
vt 0.445371 0.889391
vt 0.497376 0.490445
vt 0.497376 0.396839
vt 0.497376 0.961033
vt 0.497376 0.933730
vt 0.497376 0.889391
vt 0.497376 0.829721
vt 0.497376 0.757012
vt 0.497376 0.101403
vt 0.497376 0.091499
vt 0.497376 0.674060
vt 0.497376 0.047160
vt 0.497376 0.019856
vt 0.415133 0.514584
vt 0.431325 0.491331
vt 0.437088 0.508849
vt 0.437113 0.550206
vt 0.430948 0.578578
vt 0.428785 0.584051
vt 0.497376 0.584051
vt 0.441751 0.106728
vt 0.445371 0.091499
vt 0.419545 0.757012
vt 0.410895 0.674060
vt 0.461554 0.047160
vt 0.408093 0.626708
vt 0.418776 0.609377
vt 0.428785 0.584051
vt 0.479114 0.019856
vt 0.430948 0.578578
vt 0.437113 0.550206
vt 0.437088 0.508849
vt 0.431324 0.491331
vt 0.415133 0.514584
vt 0.404508 0.528872
vt 0.403770 0.490445
vt 0.479114 0.961033
vt 0.405569 0.396839
vt 0.461554 0.933730
vt 0.445371 0.889391
vt 0.431187 0.829721
vt 0.427110 0.933730
vt 0.395365 0.889391
vt 0.367541 0.829721
vt 0.344706 0.757012
vt 0.432104 0.107651
vt 0.380823 0.122685
vt 0.395365 0.091499
vt 0.327738 0.674060
vt 0.427110 0.047160
vt 0.461554 0.019856
vt 0.396907 0.539095
vt 0.380255 0.551720
vt 0.360156 0.556840
vt 0.337035 0.549945
vt 0.317857 0.531167
vt 0.315146 0.527195
vt 0.313761 0.490445
vt 0.461554 0.961033
vt 0.317290 0.396839
vt 0.349279 0.091499
vt 0.395365 0.047160
vt 0.445371 0.019856
vt 0.303608 0.510286
vt 0.293613 0.493040
vt 0.286673 0.521400
vt 0.287841 0.551739
vt 0.292709 0.576566
vt 0.295482 0.584051
vt 0.235931 0.584051
vt 0.230809 0.490445
vt 0.445371 0.961033
vt 0.235931 0.396839
vt 0.395365 0.933730
vt 0.349279 0.889391
vt 0.308885 0.829721
vt 0.275734 0.757012
vt 0.369340 0.126051
vt 0.320140 0.151170
vt 0.308885 0.151170
vt 0.251100 0.674060
vt 0.367541 0.933730
vt 0.308885 0.889391
vt 0.257472 0.829721
vt 0.304406 0.160992
vt 0.260797 0.194263
vt 0.232859 0.223878
vt 0.215279 0.223878
vt 0.257472 0.151170
vt 0.215279 0.757012
vt 0.308885 0.091499
vt 0.183927 0.674060
vt 0.367541 0.047160
vt 0.164620 0.584051
vt 0.431187 0.019856
vt 0.158101 0.490445
vt 0.431187 0.961033
vt 0.163765 0.409104
vt 0.212680 0.397647
vt 0.216669 0.396839
vt 0.128798 0.674060
vt 0.106096 0.584051
vt 0.344706 0.047160
vt 0.419545 0.019856
vt 0.098431 0.490445
vt 0.419545 0.961033
vt 0.344706 0.933730
vt 0.275734 0.889391
vt 0.197511 0.270887
vt 0.188489 0.284412
vt 0.178821 0.306831
vt 0.128798 0.306831
vt 0.165665 0.223878
vt 0.215279 0.829721
vt 0.215279 0.151170
vt 0.165665 0.757012
vt 0.275734 0.091499
vt 0.087834 0.306831
vt 0.128798 0.223878
vt 0.251100 0.889391
vt 0.183927 0.829721
vt 0.183927 0.151170
vt 0.128798 0.757012
vt 0.251100 0.091499
vt 0.087834 0.674060
vt 0.327738 0.047160
vt 0.062609 0.584051
vt 0.410895 0.019856
vt 0.054092 0.490445
vt 0.410895 0.961033
vt 0.106096 0.396839
vt 0.062609 0.396839
vt 0.327738 0.933730
vt 0.317290 0.047160
vt 0.405569 0.019856
vt 0.035830 0.584051
vt 0.026788 0.490445
vt 0.405569 0.961033
vt 0.035830 0.396839
vt 0.317290 0.933730
vt 0.062609 0.306831
vt 0.235931 0.889391
vt 0.106096 0.223878
vt 0.164620 0.829721
vt 0.164620 0.151170
vt 0.106096 0.757012
vt 0.235931 0.091499
vt 0.062609 0.674060
vt 0.230809 0.889391
vt 0.158101 0.829721
vt 0.098431 0.223878
vt 0.158101 0.151170
vt 0.098431 0.757012
vt 0.230809 0.091499
vt 0.054091 0.674060
vt 0.313761 0.047160
vt 0.026788 0.584051
vt 0.403770 0.019856
vt 0.017569 0.490445
vt 0.403770 0.961033
vt 0.026788 0.396839
vt 0.313761 0.933730
vt 0.054091 0.306831
vt 0.044778 0.069731
vt 0.045390 0.075951
vt 0.045991 0.075951
vt 0.045390 0.069731
vt 0.070441 0.101002
vt 0.070561 0.101002
vt 0.070441 0.038459
vt 0.070561 0.038459
vt 0.045390 0.063511
vt 0.045991 0.063511
vt 0.064460 0.099188
vt 0.064695 0.099188
vt 0.047205 0.057529
vt 0.047771 0.057529
vt 0.058948 0.096241
vt 0.059288 0.096241
vt 0.050151 0.052017
vt 0.050661 0.052017
vt 0.054116 0.092276
vt 0.054550 0.092276
vt 0.054116 0.047185
vt 0.054550 0.047185
vt 0.050151 0.087445
vt 0.050661 0.087445
vt 0.058948 0.043220
vt 0.059288 0.043220
vt 0.047205 0.081932
vt 0.047771 0.081932
vt 0.064460 0.040274
vt 0.064695 0.040274
vt 0.052169 0.052017
vt 0.055833 0.047185
vt 0.055833 0.092276
vt 0.052169 0.087445
vt 0.060296 0.043220
vt 0.049447 0.081932
vt 0.065389 0.040274
vt 0.047771 0.075951
vt 0.070915 0.038459
vt 0.047205 0.069731
vt 0.070915 0.101002
vt 0.047771 0.063511
vt 0.065389 0.099188
vt 0.049447 0.057529
vt 0.060296 0.096241
vt 0.071490 0.038459
vt 0.050151 0.069731
vt 0.050661 0.063511
vt 0.071490 0.101002
vt 0.066517 0.099188
vt 0.052169 0.057529
vt 0.061933 0.096241
vt 0.054619 0.052017
vt 0.057916 0.092276
vt 0.057916 0.047185
vt 0.054619 0.087445
vt 0.061933 0.043220
vt 0.052169 0.081932
vt 0.066517 0.040274
vt 0.050661 0.075951
vt 0.060720 0.047185
vt 0.064136 0.043220
vt 0.057916 0.087445
vt 0.055833 0.081932
vt 0.068034 0.040274
vt 0.054550 0.075951
vt 0.072263 0.038459
vt 0.054116 0.069731
vt 0.072263 0.101002
vt 0.054550 0.063511
vt 0.068034 0.099188
vt 0.055833 0.057529
vt 0.064136 0.096241
vt 0.057916 0.052017
vt 0.060720 0.092276
vt 0.073206 0.101002
vt 0.069883 0.099188
vt 0.059288 0.063511
vt 0.060296 0.057529
vt 0.066820 0.096241
vt 0.061933 0.052017
vt 0.064136 0.092276
vt 0.064136 0.047185
vt 0.061933 0.087445
vt 0.066820 0.043220
vt 0.060296 0.081932
vt 0.069883 0.040274
vt 0.059288 0.075951
vt 0.073206 0.038459
vt 0.058948 0.069731
vt 0.066517 0.087445
vt 0.065389 0.081932
vt 0.069883 0.043220
vt 0.071992 0.040274
vt 0.064695 0.075951
vt 0.074281 0.038459
vt 0.064460 0.069731
vt 0.074281 0.101002
vt 0.064695 0.063511
vt 0.071992 0.099188
vt 0.065389 0.057529
vt 0.069883 0.096241
vt 0.066517 0.052017
vt 0.068034 0.092276
vt 0.068034 0.047185
vt 0.070561 0.063511
vt 0.070915 0.057529
vt 0.074281 0.099188
vt 0.073206 0.096241
vt 0.071490 0.052017
vt 0.072263 0.092276
vt 0.072263 0.047185
vt 0.071490 0.087445
vt 0.073206 0.043220
vt 0.070915 0.081932
vt 0.074281 0.040274
vt 0.070561 0.075951
vt 0.075448 0.038459
vt 0.070441 0.069731
vt 0.075448 0.101002
vt 0.418776 0.609377
vt 0.408093 0.626708
vt 0.405662 0.630652
vt 0.391470 0.643713
vt 0.376123 0.650021
vt 0.359822 0.651404
vt 0.343071 0.648043
vt 0.327186 0.639920
vt 0.323233 0.635249
vt 0.327186 0.639920
vt 0.343071 0.648043
vt 0.359821 0.651404
vt 0.376122 0.650021
vt 0.391470 0.643713
vt 0.405661 0.630652
vt 0.303433 0.605515
vt 0.313988 0.624323
vt 0.407211 0.369082
vt 0.369340 0.371041
vt 0.319435 0.378364
vt 0.319434 0.378364
vt 0.369340 0.371041
vt 0.407211 0.369082
vt 0.156499 0.396839
vt 0.158101 0.410431
vt 0.497376 0.365866
vt 0.432104 0.367795
vt 0.236612 0.392801
vt 0.260923 0.387878
vt 0.311523 0.379525
vt 0.216669 0.396839
vt 0.212680 0.397647
vt 0.169693 0.327999
vt 0.161455 0.365765
vt 0.156289 0.395059
vt 0.219244 0.238312
vt 0.432104 0.367795
vt 0.311497 0.155582
vt 0.311523 0.379525
vt 0.260923 0.387878
vt 0.236612 0.392801
vt 0.367712 0.345385
vt 0.365076 0.319899
vt 0.432104 0.312776
vt 0.432104 0.340148
vt 0.360682 0.243442
vt 0.364309 0.194263
vt 0.432104 0.194263
vt 0.432104 0.236554
vt 0.369340 0.371041
vt 0.432104 0.367795
vt 0.367162 0.155582
vt 0.311497 0.155582
vt 0.369340 0.126051
vt 0.362440 0.298808
vt 0.432104 0.289734
vt 0.365151 0.235533
vt 0.366030 0.271564
vt 0.432104 0.265817
vt 0.432104 0.232863
vt 0.368210 0.155582
vt 0.366730 0.194263
vt 0.432104 0.194263
vt 0.432104 0.155582
vt 0.366030 0.319021
vt 0.368666 0.347143
vt 0.432104 0.341079
vt 0.432104 0.312389
vt 0.366908 0.295293
vt 0.432104 0.288266
vt 0.369340 0.371041
vt 0.311521 0.360036
vt 0.311523 0.379525
vt 0.369340 0.126051
vt 0.432104 0.126051
vt 0.432104 0.126051
vt 0.432104 0.155582
vt 0.432104 0.107651
vt 0.311501 0.194263
vt 0.311497 0.155582
vt 0.260797 0.194263
vt 0.311507 0.241658
vt 0.260826 0.239820
vt 0.260797 0.194263
vt 0.311502 0.194263
vt 0.219244 0.238312
vt 0.260852 0.280099
vt 0.217415 0.282688
vt 0.219244 0.238312
vt 0.260825 0.237520
vt 0.188489 0.284412
vt 0.215837 0.321011
vt 0.169693 0.327999
vt 0.188489 0.284412
vt 0.217431 0.282318
vt 0.214485 0.353820
vt 0.161455 0.365765
vt 0.169693 0.327999
vt 0.215865 0.320342
vt 0.213338 0.381655
vt 0.156289 0.395059
vt 0.161455 0.365765
vt 0.214493 0.353647
vt 0.212680 0.397647
vt 0.158101 0.410431
vt 0.156289 0.395059
vt 0.213317 0.382193
vt 0.497376 0.101403
vt 0.497376 0.126051
vt 0.432104 0.107651
vt 0.432104 0.367795
vt 0.359803 0.274201
vt 0.432104 0.266811
vt 0.311514 0.304479
vt 0.311518 0.331477
vt 0.311506 0.236554
vt 0.260912 0.371454
vt 0.260923 0.387878
vt 0.311511 0.275510
vt 0.260874 0.312878
vt 0.260893 0.343044
vt 0.212680 0.397647
vt 0.260852 0.279176
vt 0.158101 0.410431
vt 0.497376 0.230260
vt 0.497376 0.194263
vt 0.497376 0.155583
vt 0.497376 0.365866
vt 0.497376 0.334839
vt 0.497376 0.305838
vt 0.497376 0.281231
vt 0.497376 0.260140
vt 0.311517 0.331964
vt 0.311514 0.306520
vt 0.311523 0.379525
vt 0.311521 0.358588
vt 0.311511 0.277079
vt 0.260894 0.343367
vt 0.260875 0.314190
vt 0.260923 0.387878
vt 0.260911 0.370478
vt 0.346190 0.633198
vt 0.360204 0.635616
vt 0.360145 0.611809
vt 0.342800 0.611499
vt 0.343071 0.648043
vt 0.359822 0.651404
vt 0.333148 0.627463
vt 0.327186 0.639920
vt 0.321954 0.616086
vt 0.313988 0.624323
vt 0.312589 0.601736
vt 0.303433 0.605515
vt 0.302885 0.579207
vt 0.292709 0.576566
vt 0.298512 0.560029
vt 0.287841 0.551739
vt 0.297469 0.536739
vt 0.286673 0.521400
vt 0.300181 0.527209
vt 0.293613 0.493040
vt 0.302091 0.530043
vt 0.303608 0.510286
vt 0.315895 0.547440
vt 0.317857 0.531167
vt 0.335351 0.563822
vt 0.337036 0.549945
vt 0.360043 0.570155
vt 0.360156 0.556840
vt 0.381675 0.565416
vt 0.380256 0.551720
vt 0.398931 0.554164
vt 0.396907 0.539095
vt 0.416566 0.533769
vt 0.415133 0.514584
vt 0.424834 0.523558
vt 0.431325 0.491331
vt 0.426128 0.526941
vt 0.437088 0.508849
vt 0.426151 0.558842
vt 0.437113 0.550206
vt 0.420622 0.580721
vt 0.430948 0.578578
vt 0.409605 0.604695
vt 0.418776 0.609377
vt 0.398048 0.620819
vt 0.405662 0.630652
vt 0.386176 0.630215
vt 0.391470 0.643713
vt 0.373675 0.634633
vt 0.376123 0.650021
vt 0.376280 0.612097
vt 0.382462 0.612208
vt 0.391586 0.604556
vt 0.400415 0.592488
vt 0.315947 0.578361
vt 0.321539 0.591606
vt 0.328897 0.603378
vt 0.333017 0.611325
vt 0.346190 0.633198
vt 0.342800 0.611499
vt 0.360145 0.611809
vt 0.360204 0.635616
vt 0.359821 0.651404
vt 0.343071 0.648043
vt 0.327186 0.639920
vt 0.333148 0.627463
vt 0.313988 0.624323
vt 0.321953 0.616086
vt 0.303433 0.605515
vt 0.312589 0.601736
vt 0.292709 0.576566
vt 0.302884 0.579207
vt 0.287841 0.551739
vt 0.298512 0.560029
vt 0.286673 0.521400
vt 0.297469 0.536739
vt 0.293613 0.493040
vt 0.300181 0.527209
vt 0.303608 0.510286
vt 0.302091 0.530043
vt 0.317857 0.531167
vt 0.315895 0.547440
vt 0.337035 0.549945
vt 0.335351 0.563822
vt 0.360156 0.556840
vt 0.360043 0.570155
vt 0.380255 0.551720
vt 0.381675 0.565416
vt 0.396907 0.539095
vt 0.398931 0.554164
vt 0.415133 0.514584
vt 0.416566 0.533769
vt 0.431324 0.491331
vt 0.424834 0.523558
vt 0.437088 0.508849
vt 0.426128 0.526941
vt 0.437113 0.550206
vt 0.426151 0.558842
vt 0.430948 0.578578
vt 0.420622 0.580721
vt 0.418776 0.609377
vt 0.409605 0.604695
vt 0.405661 0.630652
vt 0.398048 0.620819
vt 0.391470 0.643713
vt 0.386176 0.630215
vt 0.376122 0.650021
vt 0.373675 0.634633
vt 0.376280 0.612097
vt 0.400415 0.592488
vt 0.391586 0.604556
vt 0.382462 0.612208
vt 0.333017 0.611325
vt 0.328897 0.603378
vt 0.321539 0.591606
vt 0.315947 0.578361
vn -0.9805 0.1963 0.0000
vn -0.9817 0.1906 0.0000
vn -1.0000 -0.0057 0.0000
vn -0.9984 0.0560 0.0000
vn 0.1886 0.9821 0.0000
vn 0.1860 0.9825 0.0000
vn 0.0953 0.9954 0.0000
vn 0.0000 1.0000 0.0000
vn 0.9931 -0.1171 0.0000
vn 1.0000 -0.0057 0.0000
vn 0.9984 0.0560 0.0000
vn 0.1861 -0.9825 0.0000
vn 0.1758 -0.9844 0.0000
vn 0.1515 -0.9884 0.0000
vn 0.1559 -0.9878 0.0000
vn -0.5298 0.8481 0.0000
vn -0.5346 0.8451 0.0000
vn -0.6066 0.7950 0.0000
vn -0.6726 0.7400 0.0000
vn -0.6666 0.7453 0.0000
vn 0.8757 0.4829 0.0000
vn 0.8825 0.4703 0.0000
vn 0.8318 0.5549 0.0000
vn 0.7832 0.6217 0.0000
vn 0.7790 0.6270 0.0000
vn -0.0416 -0.9991 0.0000
vn -0.0400 -0.9992 0.0000
vn -0.0516 -0.9987 0.0000
vn -0.0907 -0.9958 0.0000
vn -0.1055 -0.9944 0.0000
vn -0.9488 0.3157 0.0000
vn -0.9534 0.3017 0.0000
vn 0.3654 0.9308 0.0000
vn 0.3702 0.9289 0.0000
vn 0.2813 0.9596 0.0000
vn -0.2188 -0.9758 0.0000
vn -0.2071 -0.9783 0.0000
vn -0.2281 -0.9736 0.0000
vn 0.2188 -0.9758 0.0000
vn 0.2071 -0.9783 0.0000
vn 0.1985 -0.9801 0.0000
vn -0.3654 0.9308 0.0000
vn -0.3702 0.9289 0.0000
vn -0.4547 0.8906 0.0000
vn 0.9488 0.3157 0.0000
vn 0.9534 0.3017 0.0000
vn 0.9182 0.3959 0.0000
vn 0.0416 -0.9991 0.0000
vn 0.0400 -0.9992 0.0000
vn 0.0000 -1.0000 0.0000
vn -0.8757 0.4829 0.0000
vn -0.8825 0.4703 0.0000
vn -0.9182 0.3959 0.0000
vn 0.5298 0.8481 0.0000
vn 0.5346 0.8451 0.0000
vn 0.4547 0.8906 0.0000
vn -0.1861 -0.9825 0.0000
vn -0.1758 -0.9844 0.0000
vn -0.1985 -0.9801 0.0000
vn 0.2280 -0.9736 0.0000
vn -0.1886 0.9821 0.0000
vn -0.1860 0.9825 0.0000
vn -0.2813 0.9596 0.0000
vn 0.9805 0.1963 0.0000
vn 0.9817 0.1906 0.0000
vn 0.1055 -0.9944 0.0000
vn 0.0907 -0.9958 0.0000
vn 0.0516 -0.9987 0.0000
vn -0.7790 0.6270 0.0000
vn -0.7832 0.6217 0.0000
vn -0.8318 0.5549 0.0000
vn 0.6666 0.7453 0.0000
vn 0.6726 0.7400 0.0000
vn 0.6066 0.7950 0.0000
vn -0.1559 -0.9878 0.0000
vn -0.1515 -0.9884 0.0000
vn -0.9931 -0.1171 0.0000
vn -0.0953 0.9954 0.0000
vn 0.1452 -0.9894 0.0000
vn -0.7274 0.6862 0.0000
vn 0.7274 0.6862 0.0000
vn -0.1452 -0.9894 0.0000
vn -0.8652 0.5014 0.0000
vn -0.8438 0.5366 0.0000
vn -0.8484 0.5294 0.0000
vn -0.4981 -0.8671 0.0000
vn -0.5742 -0.8187 0.0000
vn -0.2675 -0.9635 0.0000
vn -0.2010 -0.9796 0.0000
vn 0.2858 0.9583 0.0000
vn 0.4811 0.8766 0.0000
vn 0.5354 0.8446 0.0000
vn -0.8260 0.5636 0.0000
vn -0.7619 0.6476 0.0000
vn -0.7730 0.6344 0.0000
vn 0.0325 -0.9995 0.0000
vn 0.0822 -0.9966 0.0000
vn -0.3990 0.9170 0.0000
vn -0.4689 0.8832 0.0000
vn -0.2469 0.9690 0.0000
vn -0.4811 0.8766 0.0000
vn -0.5354 0.8446 0.0000
vn -0.6954 0.7186 0.0000
vn -0.7280 0.6856 0.0000
vn -0.2858 0.9583 0.0000
vn -0.3444 -0.9388 0.0000
vn -0.3147 -0.9492 0.0000
vn -0.0325 -0.9995 0.0000
vn -0.0822 -0.9966 0.0000
vn -0.8107 0.5854 0.0000
vn -0.8124 0.5830 0.0000
vn -0.8025 0.5967 0.0000
vn 0.2469 0.9690 0.0000
vn 0.4689 0.8832 0.0000
vn 0.3990 0.9170 0.0000
vn -0.6302 -0.7764 0.0000
vn -0.6176 -0.7865 0.0000
vn -0.8206 0.5714 0.0000
vn 0.7280 0.6856 0.0000
vn 0.6954 0.7186 0.0000
vn -0.8216 -0.5700 0.0000
vn -0.8207 -0.5714 0.0000
vn -0.7634 -0.6460 0.0000
vn 0.3147 -0.9492 0.0000
vn 0.3444 -0.9388 0.0000
vn 0.9886 0.1505 0.0000
vn 0.9860 0.1667 0.0000
vn 0.9499 0.3125 0.0000
vn 0.8025 0.5967 0.0000
vn 0.8124 0.5830 0.0000
vn 0.8107 0.5854 0.0000
vn -0.9064 -0.4223 0.0000
vn -0.9094 -0.4159 0.0000
vn 0.6176 -0.7865 0.0000
vn 0.6302 -0.7764 0.0000
vn 0.9935 -0.1137 0.0000
vn 0.9951 -0.0991 0.0000
vn 0.8206 0.5714 0.0000
vn -0.9620 -0.2728 0.0000
vn -0.9621 -0.2726 0.0000
vn -0.9377 -0.3474 0.0000
vn 0.7634 -0.6460 0.0000
vn 0.8207 -0.5714 0.0000
vn 0.8216 -0.5700 0.0000
vn 0.9539 -0.3001 0.0000
vn 0.9586 -0.2848 0.0000
vn -0.9499 0.3125 0.0000
vn -0.9860 0.1667 0.0000
vn -0.9886 0.1505 0.0000
vn -0.9930 -0.1182 0.0000
vn -0.9935 -0.1135 0.0000
vn 0.9094 -0.4159 0.0000
vn 0.9064 -0.4223 0.0000
vn 0.8866 -0.4626 0.0000
vn 0.9016 -0.4325 0.0000
vn 0.9300 -0.3675 0.0000
vn -0.9951 -0.0991 0.0000
vn -0.9935 -0.1137 0.0000
vn -0.9963 0.0856 0.0000
vn -0.9934 0.1142 0.0000
vn 0.9377 -0.3474 0.0000
vn 0.9621 -0.2726 0.0000
vn 0.9620 -0.2728 0.0000
vn 0.7512 -0.6601 0.0000
vn 0.7938 -0.6081 0.0000
vn 0.8513 -0.5247 0.0000
vn -0.9586 -0.2848 0.0000
vn -0.9539 -0.3001 0.0000
vn -0.9713 0.2377 0.0000
vn 0.9935 -0.1135 0.0000
vn 0.9930 -0.1182 0.0000
vn 0.4981 -0.8671 0.0000
vn 0.5742 -0.8187 0.0000
vn -0.9300 -0.3675 0.0000
vn -0.9016 -0.4325 0.0000
vn -0.8866 -0.4626 0.0000
vn 0.8484 0.5294 0.0000
vn 0.8438 0.5366 0.0000
vn 0.8652 0.5014 0.0000
vn 0.9934 0.1142 0.0000
vn 0.9963 0.0856 0.0000
vn 0.2010 -0.9796 0.0000
vn 0.2675 -0.9635 0.0000
vn -0.8513 -0.5247 0.0000
vn -0.7938 -0.6081 0.0000
vn -0.7512 -0.6601 0.0000
vn 0.7730 0.6344 0.0000
vn 0.7619 0.6476 0.0000
vn 0.8260 0.5636 0.0000
vn 0.9713 0.2377 0.0000
vn 0.0000 0.3805 -0.9247
vn 0.0000 0.5528 -0.8333
vn 0.1626 0.5528 -0.8173
vn 0.1804 0.3805 -0.9070
vn 0.0000 -0.9217 -0.3879
vn 0.0000 -0.8286 -0.5598
vn 0.1092 -0.8286 -0.5490
vn 0.0757 -0.9217 -0.3804
vn 0.0000 0.1939 -0.9810
vn 0.1914 0.1939 -0.9622
vn 0.0000 -0.9796 -0.2010
vn 0.0392 -0.9796 -0.1971
vn 0.0000 0.0000 -1.0000
vn 0.1951 0.0000 -0.9808
vn 0.0000 0.9796 -0.2010
vn 0.0392 0.9796 -0.1971
vn 0.0000 -0.1939 -0.9810
vn 0.1914 -0.1939 -0.9622
vn 0.0000 0.9217 -0.3879
vn 0.0757 0.9217 -0.3804
vn 0.0000 -0.3805 -0.9247
vn 0.1804 -0.3805 -0.9070
vn 0.0000 0.8286 -0.5598
vn 0.1092 0.8286 -0.5490
vn 0.0000 -0.5528 -0.8333
vn 0.1626 -0.5528 -0.8173
vn 0.0000 0.7040 -0.7101
vn 0.1385 0.7040 -0.6965
vn 0.0000 -0.7040 -0.7101
vn 0.1385 -0.7040 -0.6965
vn 0.2717 0.7040 -0.6561
vn 0.3189 0.5528 -0.7699
vn 0.2717 -0.7040 -0.6561
vn 0.2142 -0.8286 -0.5171
vn 0.3539 0.3805 -0.8544
vn 0.1484 -0.9217 -0.3583
vn 0.3754 0.1939 -0.9063
vn 0.0769 -0.9796 -0.1856
vn 0.3827 0.0000 -0.9239
vn 0.0769 0.9796 -0.1856
vn 0.3754 -0.1939 -0.9063
vn 0.1484 0.9217 -0.3583
vn 0.3539 -0.3805 -0.8544
vn 0.2142 0.8286 -0.5171
vn 0.3189 -0.5528 -0.7699
vn 0.5556 0.0000 -0.8314
vn 0.5450 -0.1939 -0.8157
vn 0.1116 0.9796 -0.1671
vn 0.2155 0.9217 -0.3225
vn 0.5137 -0.3805 -0.7689
vn 0.3110 0.8286 -0.4654
vn 0.4630 -0.5528 -0.6929
vn 0.3945 0.7040 -0.5904
vn 0.3945 -0.7040 -0.5904
vn 0.4630 0.5528 -0.6929
vn 0.3110 -0.8286 -0.4654
vn 0.5137 0.3805 -0.7689
vn 0.2155 -0.9217 -0.3225
vn 0.5450 0.1939 -0.8157
vn 0.1116 -0.9796 -0.1671
vn 0.5021 -0.7040 -0.5021
vn 0.3958 -0.8286 -0.3958
vn 0.5893 0.5528 -0.5893
vn 0.6539 0.3805 -0.6539
vn 0.2743 -0.9217 -0.2743
vn 0.6937 0.1939 -0.6937
vn 0.1421 -0.9796 -0.1421
vn 0.7071 0.0000 -0.7071
vn 0.1421 0.9796 -0.1421
vn 0.6937 -0.1939 -0.6937
vn 0.2743 0.9217 -0.2743
vn 0.6539 -0.3805 -0.6539
vn 0.3958 0.8286 -0.3958
vn 0.5893 -0.5528 -0.5893
vn 0.5021 0.7040 -0.5021
vn 0.1671 0.9796 -0.1116
vn 0.3225 0.9217 -0.2155
vn 0.8157 -0.1939 -0.5450
vn 0.7689 -0.3805 -0.5137
vn 0.4654 0.8286 -0.3110
vn 0.6929 -0.5528 -0.4630
vn 0.5904 0.7040 -0.3945
vn 0.5904 -0.7040 -0.3945
vn 0.6929 0.5528 -0.4630
vn 0.4654 -0.8286 -0.3110
vn 0.7689 0.3805 -0.5137
vn 0.3225 -0.9217 -0.2155
vn 0.8157 0.1939 -0.5450
vn 0.1671 -0.9796 -0.1116
vn 0.8314 0.0000 -0.5556
vn 0.7699 0.5528 -0.3189
vn 0.8544 0.3805 -0.3539
vn 0.5171 -0.8286 -0.2142
vn 0.3583 -0.9217 -0.1484
vn 0.9063 0.1939 -0.3754
vn 0.1856 -0.9796 -0.0769
vn 0.9239 0.0000 -0.3827
vn 0.1856 0.9796 -0.0769
vn 0.9063 -0.1939 -0.3754
vn 0.3583 0.9217 -0.1484
vn 0.8544 -0.3805 -0.3539
vn 0.5171 0.8286 -0.2142
vn 0.7699 -0.5528 -0.3189
vn 0.6561 0.7040 -0.2717
vn 0.6561 -0.7040 -0.2717
vn 0.9622 -0.1939 -0.1914
vn 0.9070 -0.3805 -0.1804
vn 0.3804 0.9217 -0.0757
vn 0.5490 0.8286 -0.1092
vn 0.8173 -0.5528 -0.1626
vn 0.6965 0.7040 -0.1385
vn 0.6965 -0.7040 -0.1385
vn 0.8173 0.5528 -0.1626
vn 0.5490 -0.8286 -0.1092
vn 0.9070 0.3805 -0.1804
vn 0.3804 -0.9217 -0.0757
vn 0.9622 0.1939 -0.1914
vn 0.1971 -0.9796 -0.0392
vn 0.9808 0.0000 -0.1951
vn 0.1971 0.9796 -0.0392
vn 0.5598 -0.8286 0.0000
vn 0.3879 -0.9217 0.0000
vn 0.9247 0.3805 0.0000
vn 0.9810 0.1939 0.0000
vn 1.0000 0.0000 0.0000
vn 0.2010 0.9796 0.0000
vn 0.9810 -0.1939 0.0000
vn 0.3879 0.9217 0.0000
vn 0.9247 -0.3805 0.0000
vn 0.5598 0.8286 0.0000
vn 0.8333 -0.5528 0.0000
vn 0.7101 0.7040 0.0000
vn 0.7101 -0.7040 0.0000
vn 0.8333 0.5528 0.0000
vn 0.9070 -0.3805 0.1804
vn 0.8173 -0.5528 0.1626
vn 0.5490 0.8286 0.1092
vn 0.6965 0.7040 0.1385
vn 0.6965 -0.7040 0.1385
vn 0.8173 0.5528 0.1626
vn 0.5490 -0.8286 0.1092
vn 0.9070 0.3805 0.1804
vn 0.3804 -0.9217 0.0757
vn 0.9622 0.1939 0.1914
vn 0.1971 -0.9796 0.0392
vn 0.9808 0.0000 0.1951
vn 0.1971 0.9796 0.0392
vn 0.9622 -0.1939 0.1914
vn 0.3804 0.9217 0.0757
vn 0.3583 -0.9217 0.1484
vn 0.1856 -0.9796 0.0769
vn 0.9063 0.1939 0.3754
vn 0.9239 0.0000 0.3827
vn 0.1856 0.9796 0.0769
vn 0.9063 -0.1939 0.3754
vn 0.3583 0.9217 0.1484
vn 0.8544 -0.3805 0.3539
vn 0.5171 0.8286 0.2142
vn 0.7699 -0.5528 0.3189
vn 0.6561 0.7040 0.2717
vn 0.6561 -0.7040 0.2717
vn 0.7699 0.5528 0.3189
vn 0.5171 -0.8286 0.2142
vn 0.8544 0.3805 0.3539
vn 0.4654 0.8286 0.3110
vn 0.5904 0.7040 0.3945
vn 0.6929 -0.5528 0.4630
vn 0.5904 -0.7040 0.3945
vn 0.6929 0.5528 0.4630
vn 0.4654 -0.8286 0.3110
vn 0.7689 0.3805 0.5137
vn 0.3225 -0.9217 0.2155
vn 0.8157 0.1939 0.5450
vn 0.1671 -0.9796 0.1116
vn 0.8314 0.0000 0.5556
vn 0.1671 0.9796 0.1116
vn 0.8157 -0.1939 0.5450
vn 0.3225 0.9217 0.2155
vn 0.7689 -0.3805 0.5137
vn 0.6937 0.1939 0.6937
vn 0.7071 0.0000 0.7071
vn 0.1421 0.9796 0.1421
vn 0.1421 -0.9796 0.1421
vn 0.6964 -0.0980 0.7109
vn 0.7693 -0.0975 0.6314
vn 0.7619 -0.1686 0.6253
vn 0.2743 0.9217 0.2743
vn 0.7400 -0.2890 0.6073
vn 0.7114 -0.3911 0.5838
vn 0.3958 0.8286 0.3958
vn 0.6825 -0.4696 0.5601
vn 0.6709 -0.4703 0.5734
vn 0.5893 -0.5528 0.5893
vn 0.5021 0.7040 0.5021
vn 0.5021 -0.7040 0.5021
vn 0.5893 0.5528 0.5893
vn 0.3958 -0.8286 0.3958
vn 0.6539 0.3805 0.6539
vn 0.2743 -0.9217 0.2743
vn 0.5161 -0.5815 0.6289
vn 0.4913 -0.6326 0.5987
vn 0.4664 -0.6337 0.6171
vn 0.3945 -0.7040 0.5904
vn 0.3945 0.7040 0.5904
vn 0.4630 0.5528 0.6929
vn 0.3110 -0.8286 0.4654
vn 0.5137 0.3805 0.7689
vn 0.2155 -0.9217 0.3225
vn 0.5450 0.1939 0.8157
vn 0.1116 -0.9796 0.1671
vn 0.5556 0.0000 0.8314
vn 0.1116 0.9796 0.1671
vn 0.2155 0.9217 0.3225
vn 0.3110 0.8286 0.4654
vn 0.5601 -0.4696 0.6825
vn 0.0769 0.9796 0.1856
vn 0.0769 -0.9796 0.1856
vn 0.5450 -0.1939 0.8157
vn 0.3827 0.0000 0.9239
vn 0.3754 -0.1939 0.9063
vn 0.1484 0.9217 0.3583
vn 0.2142 0.8286 0.5171
vn 0.2717 0.7040 0.6561
vn 0.3651 -0.6326 0.6830
vn 0.3146 -0.7447 0.5886
vn 0.3189 0.5528 0.7699
vn 0.2999 -0.7715 0.5611
vn 0.2603 -0.7729 0.5787
vn 0.2142 -0.8286 0.5171
vn 0.3539 0.3805 0.8544
vn 0.1484 -0.9217 0.3583
vn 0.4175 0.2898 0.8612
vn 0.4513 0.2890 0.8443
vn 0.4606 0.2130 0.8617
vn 0.4691 0.0975 0.8777
vn 0.3256 0.0978 0.9404
vn 0.1385 0.7040 0.6965
vn 0.1626 0.5528 0.8173
vn 0.1847 -0.7715 0.6088
vn 0.1299 -0.7730 0.6210
vn 0.1092 -0.8286 0.5490
vn 0.1804 0.3805 0.9070
vn 0.0757 -0.9217 0.3804
vn 0.0392 -0.9796 0.1971
vn 0.2889 0.0975 0.9524
vn 0.2496 0.0978 0.9634
vn 0.1951 0.0000 0.9808
vn 0.0392 0.9796 0.1971
vn 0.1914 -0.1939 0.9622
vn 0.0757 0.9217 0.3804
vn 0.1092 0.8286 0.5490
vn 0.0000 0.0000 1.0000
vn 0.0000 -0.1939 0.9810
vn 0.0000 0.9796 0.2010
vn 0.0000 0.9217 0.3879
vn 0.0000 0.8286 0.5598
vn 0.0000 0.7040 0.7101
vn 0.0000 0.5528 0.8333
vn 0.0000 -0.7730 0.6344
vn 0.0000 -0.8286 0.5598
vn 0.0000 0.3805 0.9247
vn 0.0000 -0.9217 0.3879
vn 0.0000 -0.9796 0.2010
vn 0.0975 0.0975 0.9904
vn 0.0956 0.2177 0.9713
vn 0.0000 0.1939 0.9810
vn -0.1299 -0.7730 0.6210
vn -0.1092 -0.8286 0.5490
vn -0.1626 0.5528 0.8173
vn -0.1804 0.3805 0.9070
vn -0.0757 -0.9217 0.3804
vn -0.1285 0.2898 0.9484
vn -0.0938 0.2890 0.9527
vn -0.0956 0.2177 0.9713
vn -0.0392 -0.9796 0.1971
vn -0.0975 0.0975 0.9904
vn -0.2496 0.0978 0.9634
vn -0.1951 0.0000 0.9808
vn -0.0392 0.9796 0.1971
vn -0.1914 -0.1939 0.9622
vn -0.0757 0.9217 0.3804
vn -0.1092 0.8286 0.5490
vn -0.1385 0.7040 0.6965
vn -0.1484 0.9217 0.3583
vn -0.2142 0.8286 0.5171
vn -0.2717 0.7040 0.6561
vn -0.3189 0.5528 0.7699
vn -0.1847 -0.7715 0.6088
vn -0.2603 -0.7729 0.5787
vn -0.2142 -0.8286 0.5171
vn -0.3539 0.3805 0.8544
vn -0.1484 -0.9217 0.3583
vn -0.0769 -0.9796 0.1856
vn -0.2889 0.0975 0.9524
vn -0.3256 0.0978 0.9404
vn -0.3827 0.0000 0.9239
vn -0.0769 0.9796 0.1856
vn -0.3754 -0.1939 0.9063
vn -0.3110 -0.8286 0.4654
vn -0.2155 -0.9217 0.3225
vn -0.1116 -0.9796 0.1671
vn -0.4691 0.0975 0.8777
vn -0.4606 0.2130 0.8617
vn -0.5450 0.1939 0.8157
vn -0.5556 0.0000 0.8314
vn -0.1116 0.9796 0.1671
vn -0.5450 -0.1939 0.8157
vn -0.2155 0.9217 0.3225
vn -0.3110 0.8286 0.4654
vn -0.3945 0.7040 0.5904
vn -0.4630 0.5528 0.6929
vn -0.2999 -0.7715 0.5611
vn -0.3146 -0.7447 0.5886
vn -0.3945 -0.7040 0.5904
vn -0.5137 0.3805 0.7689
vn -0.2743 0.9217 0.2743
vn -0.3958 0.8286 0.3958
vn -0.5021 0.7040 0.5021
vn -0.4664 -0.6337 0.6171
vn -0.4913 -0.6326 0.5987
vn -0.5161 -0.5815 0.6289
vn -0.5893 -0.5528 0.5893
vn -0.5021 -0.7040 0.5021
vn -0.5893 0.5528 0.5893
vn -0.3958 -0.8286 0.3958
vn -0.6539 0.3805 0.6539
vn -0.2743 -0.9217 0.2743
vn -0.6937 0.1939 0.6937
vn -0.1421 -0.9796 0.1421
vn -0.7071 0.0000 0.7071
vn -0.1421 0.9796 0.1421
vn -0.6964 -0.0980 0.7109
vn -0.6314 -0.0975 0.7693
vn -0.6307 -0.1079 0.7685
vn -0.7689 0.3805 0.5137
vn -0.8157 0.1939 0.5450
vn -0.3225 -0.9217 0.2155
vn -0.1671 -0.9796 0.1116
vn -0.8314 0.0000 0.5556
vn -0.1671 0.9796 0.1116
vn -0.3225 0.9217 0.2155
vn -0.4654 0.8286 0.3110
vn -0.6709 -0.4703 0.5734
vn -0.6825 -0.4696 0.5601
vn -0.7114 -0.3911 0.5838
vn -0.7689 -0.3805 0.5137
vn -0.6929 -0.5528 0.4630
vn -0.5904 0.7040 0.3945
vn -0.5904 -0.7040 0.3945
vn -0.6929 0.5528 0.4630
vn -0.4654 -0.8286 0.3110
vn -0.8544 -0.3805 0.3539
vn -0.7699 -0.5528 0.3189
vn -0.5171 0.8286 0.2142
vn -0.6561 0.7040 0.2717
vn -0.6561 -0.7040 0.2717
vn -0.7699 0.5528 0.3189
vn -0.5171 -0.8286 0.2142
vn -0.8544 0.3805 0.3539
vn -0.3583 -0.9217 0.1484
vn -0.9063 0.1939 0.3754
vn -0.1856 -0.9796 0.0769
vn -0.9239 0.0000 0.3827
vn -0.1856 0.9796 0.0769
vn -0.8157 -0.1939 0.5450
vn -0.9063 -0.1939 0.3754
vn -0.3583 0.9217 0.1484
vn -0.3804 -0.9217 0.0757
vn -0.1971 -0.9796 0.0392
vn -0.9622 0.1939 0.1914
vn -0.9808 0.0000 0.1951
vn -0.1971 0.9796 0.0392
vn -0.9622 -0.1939 0.1914
vn -0.3804 0.9217 0.0757
vn -0.9070 -0.3805 0.1804
vn -0.5490 0.8286 0.1092
vn -0.8173 -0.5528 0.1626
vn -0.6965 0.7040 0.1385
vn -0.6965 -0.7040 0.1385
vn -0.8173 0.5528 0.1626
vn -0.5490 -0.8286 0.1092
vn -0.9070 0.3805 0.1804
vn -0.5598 0.8286 0.0000
vn -0.7101 0.7040 0.0000
vn -0.8333 -0.5528 0.0000
vn -0.7101 -0.7040 0.0000
vn -0.8333 0.5528 0.0000
vn -0.5598 -0.8286 0.0000
vn -0.9247 0.3805 0.0000
vn -0.3879 -0.9217 0.0000
vn -0.9810 0.1939 0.0000
vn -1.0000 0.0000 0.0000
vn -0.2010 0.9796 0.0000
vn -0.9810 -0.1939 0.0000
vn -0.3879 0.9217 0.0000
vn -0.9247 -0.3805 0.0000
vn -0.9622 0.1939 -0.1914
vn -0.9808 0.0000 -0.1951
vn -0.1971 0.9796 -0.0392
vn -0.1971 -0.9796 -0.0392
vn -0.9622 -0.1939 -0.1914
vn -0.3804 0.9217 -0.0757
vn -0.9070 -0.3805 -0.1804
vn -0.5490 0.8286 -0.1092
vn -0.8173 -0.5528 -0.1626
vn -0.6965 0.7040 -0.1385
vn -0.6965 -0.7040 -0.1385
vn -0.8173 0.5528 -0.1626
vn -0.5490 -0.8286 -0.1092
vn -0.9070 0.3805 -0.1804
vn -0.3804 -0.9217 -0.0757
vn -0.7699 -0.5528 -0.3189
vn -0.6561 -0.7040 -0.2717
vn -0.6561 0.7040 -0.2717
vn -0.7699 0.5528 -0.3189
vn -0.5171 -0.8286 -0.2142
vn -0.8544 0.3805 -0.3539
vn -0.3583 -0.9217 -0.1484
vn -0.9063 0.1939 -0.3754
vn -0.1856 -0.9796 -0.0769
vn -0.9239 0.0000 -0.3827
vn -0.1856 0.9796 -0.0769
vn -0.9063 -0.1939 -0.3754
vn -0.3583 0.9217 -0.1484
vn -0.8544 -0.3805 -0.3539
vn -0.5171 0.8286 -0.2142
vn -0.1671 -0.9796 -0.1116
vn -0.8314 0.0000 -0.5556
vn -0.8157 -0.1939 -0.5450
vn -0.1671 0.9796 -0.1116
vn -0.3225 0.9217 -0.2155
vn -0.7689 -0.3805 -0.5137
vn -0.4654 0.8286 -0.3110
vn -0.6929 -0.5528 -0.4630
vn -0.5904 0.7040 -0.3945
vn -0.5904 -0.7040 -0.3945
vn -0.6929 0.5528 -0.4630
vn -0.4654 -0.8286 -0.3110
vn -0.7689 0.3805 -0.5137
vn -0.3225 -0.9217 -0.2155
vn -0.8157 0.1939 -0.5450
vn -0.5021 -0.7040 -0.5021
vn -0.3958 -0.8286 -0.3958
vn -0.5893 0.5528 -0.5893
vn -0.6539 0.3805 -0.6539
vn -0.2743 -0.9217 -0.2743
vn -0.6937 0.1939 -0.6937
vn -0.1421 -0.9796 -0.1421
vn -0.7071 0.0000 -0.7071
vn -0.1421 0.9796 -0.1421
vn -0.6937 -0.1939 -0.6937
vn -0.2743 0.9217 -0.2743
vn -0.6539 -0.3805 -0.6539
vn -0.3958 0.8286 -0.3958
vn -0.5893 -0.5528 -0.5893
vn -0.5021 0.7040 -0.5021
vn -0.1116 0.9796 -0.1671
vn -0.2155 0.9217 -0.3225
vn -0.5450 -0.1939 -0.8157
vn -0.5137 -0.3805 -0.7689
vn -0.3110 0.8286 -0.4654
vn -0.4630 -0.5528 -0.6929
vn -0.3945 0.7040 -0.5904
vn -0.3945 -0.7040 -0.5904
vn -0.4630 0.5528 -0.6929
vn -0.3110 -0.8286 -0.4654
vn -0.5137 0.3805 -0.7689
vn -0.2155 -0.9217 -0.3225
vn -0.5450 0.1939 -0.8157
vn -0.1116 -0.9796 -0.1671
vn -0.5556 0.0000 -0.8314
vn -0.3189 0.5528 -0.7699
vn -0.3539 0.3805 -0.8544
vn -0.2142 -0.8286 -0.5171
vn -0.1484 -0.9217 -0.3583
vn -0.3754 0.1939 -0.9063
vn -0.0769 -0.9796 -0.1856
vn -0.3827 0.0000 -0.9239
vn -0.0769 0.9796 -0.1856
vn -0.3754 -0.1939 -0.9063
vn -0.1484 0.9217 -0.3583
vn -0.3539 -0.3805 -0.8544
vn -0.2142 0.8286 -0.5171
vn -0.3189 -0.5528 -0.7699
vn -0.2717 0.7040 -0.6561
vn -0.2717 -0.7040 -0.6561
vn -0.1914 -0.1939 -0.9622
vn -0.1804 -0.3805 -0.9070
vn -0.0757 0.9217 -0.3804
vn -0.1092 0.8286 -0.5490
vn -0.1626 -0.5528 -0.8173
vn -0.1385 0.7040 -0.6965
vn -0.1385 -0.7040 -0.6965
vn -0.1626 0.5528 -0.8173
vn -0.1092 -0.8286 -0.5490
vn -0.1804 0.3805 -0.9070
vn -0.0757 -0.9217 -0.3804
vn -0.1914 0.1939 -0.9622
vn -0.0392 -0.9796 -0.1971
vn -0.1951 0.0000 -0.9808
vn -0.0392 0.9796 -0.1971
vn 0.0938 0.2890 0.9527
vn 0.1285 0.2898 0.9484
vn 0.2779 0.2890 0.9161
vn -0.4175 0.2898 0.8612
vn -0.2779 0.2890 0.9161
vn -0.4513 0.2890 0.8443
vn 0.1836 -0.2903 0.9391
vn 0.2779 -0.2890 0.9161
vn 0.3584 -0.2903 0.8873
vn -0.3584 -0.2903 0.8873
vn -0.2779 -0.2890 0.9161
vn -0.1836 -0.2903 0.9391
vn -0.7619 -0.1686 0.6253
vn -0.7693 -0.0975 0.6314
vn 0.0000 -0.2903 0.9569
vn 0.0938 -0.2890 0.9527
vn -0.5229 -0.2903 0.8014
vn -0.4513 -0.2890 0.8443
vn 0.6307 -0.1079 0.7685
vn 0.6314 -0.0975 0.7693
vn -0.7400 -0.2890 0.6073
vn -0.5601 -0.4696 0.6825
vn -0.0938 -0.2890 0.9527
vn -0.3651 -0.6326 0.6830
vn 0.4513 -0.2890 0.8443
vn 0.5229 -0.2903 0.8014
vn -0.2642 -0.2931 0.9188
vn -0.2684 -0.3303 0.9049
vn -0.1549 -0.3580 0.9207
vn -0.1539 -0.2914 0.9441
vn -0.2840 -0.5213 0.8047
vn -0.2836 -0.6018 0.7466
vn -0.1501 -0.6093 0.7786
vn -0.1539 -0.5288 0.8347
vn -0.2589 -0.2932 0.9203
vn -0.1524 -0.2904 0.9447
vn -0.2710 -0.6939 0.6671
vn -0.3805 -0.6522 0.6556
vn -0.2412 -0.7616 0.6015
vn -0.2694 -0.4174 0.8679
vn -0.1527 -0.4478 0.8809
vn 0.2792 -0.5306 0.8003
vn 0.2726 -0.4718 0.8384
vn 0.1511 -0.4700 0.8697
vn 0.1505 -0.5344 0.8317
vn 0.2699 -0.6934 0.6680
vn 0.2798 -0.6088 0.7423
vn 0.1468 -0.6147 0.7750
vn 0.1401 -0.6972 0.7030
vn 0.2697 -0.3365 0.9022
vn 0.2630 -0.2930 0.9192
vn 0.1535 -0.2911 0.9443
vn 0.1545 -0.3604 0.9199
vn 0.2651 -0.4269 0.8645
vn 0.1517 -0.4496 0.8802
vn 0.2594 -0.2929 0.9203
vn 0.3834 -0.2928 0.8759
vn 0.3821 -0.2931 0.8764
vn 0.2417 -0.7608 0.6022
vn 0.1368 -0.7685 0.6250
vn -0.1368 -0.7685 0.6250
vn -0.1402 -0.6972 0.7030
vn 0.1361 -0.7740 0.6183
vn -0.3966 -0.6008 0.6940
vn 0.3789 -0.6515 0.6572
vn -0.4647 -0.5929 0.6576
vn -0.3883 -0.5318 0.7526
vn -0.4877 -0.5321 0.6921
vn 0.4667 -0.5966 0.6529
vn 0.3950 -0.6057 0.6907
vn -0.5482 -0.5105 0.6624
vn -0.4971 -0.4521 0.7406
vn -0.5841 -0.4276 0.6899
vn 0.5504 -0.5098 0.6611
vn 0.4890 -0.5350 0.6889
vn -0.6073 -0.4111 0.6798
vn -0.5997 -0.3387 0.7249
vn -0.6336 -0.3251 0.7020
vn 0.6074 -0.4115 0.6794
vn 0.5841 -0.4288 0.6891
vn -0.5997 -0.2864 0.7472
vn -0.6388 -0.2880 0.7134
vn 0.6337 -0.3252 0.7018
vn 0.5999 -0.3398 0.7243
vn -0.5946 -0.2711 0.7569
vn -0.6411 -0.2569 0.7231
vn 0.6388 -0.2879 0.7134
vn 0.5998 -0.2863 0.7472
vn -0.5948 -0.2536 0.7628
vn -0.6447 -0.2243 0.7308
vn 0.6412 -0.2565 0.7232
vn 0.5946 -0.2707 0.7570
vn 0.0000 -0.7782 0.6279
vn 0.0000 -0.7697 0.6384
vn -0.1361 -0.7740 0.6183
vn 0.1520 -0.2898 0.9449
vn -0.2786 -0.4714 0.8368
vn -0.1524 -0.4699 0.8694
vn 0.3791 -0.3947 0.8369
vn 0.3851 -0.3077 0.8700
vn 0.3867 -0.5371 0.7497
vn 0.4996 -0.2868 0.8174
vn 0.4970 -0.2859 0.8193
vn 0.3804 -0.4714 0.7956
vn 0.5031 -0.3614 0.7850
vn 0.5053 -0.2893 0.8130
vn 0.5948 -0.2531 0.7629
vn 0.4972 -0.4539 0.7394
vn 0.6449 -0.2233 0.7309
vn -0.0013 -0.5399 0.8417
vn -0.0013 -0.6183 0.7859
vn 0.0000 -0.6982 0.7159
vn 0.0000 -0.2921 0.9564
vn 0.0000 -0.3779 0.9258
vn 0.0000 -0.4623 0.8867
vn 0.0000 -0.4714 0.8819
vn -0.3867 -0.3007 0.8718
vn -0.3825 -0.3858 0.8395
vn -0.3823 -0.2928 0.8764
vn -0.3838 -0.2926 0.8758
vn -0.3835 -0.4700 0.7950
vn -0.5060 -0.2875 0.8132
vn -0.5045 -0.3579 0.7857
vn -0.4971 -0.2859 0.8192
vn -0.4997 -0.2868 0.8173
vn 0.2813 0.2551 0.9251
vn 0.2759 0.2445 0.9296
vn 0.3019 0.2921 0.9074
vn 0.3127 0.2935 0.9033
vn 0.3585 0.2911 0.8870
vn 0.3956 0.2950 0.8697
vn 0.4277 0.2710 0.8623
vn 0.4608 0.2712 0.8450
vn 0.4686 0.1818 0.8645
vn 0.4737 0.1527 0.8673
vn 0.4592 0.0939 0.8833
vn 0.4630 0.0953 0.8812
vn 0.3742 0.1082 0.9210
vn 0.3995 0.0909 0.9122
vn 0.2741 0.1512 0.9497
vn 0.2890 0.0976 0.9523
vn 0.2863 0.1684 0.9432
vn 0.2936 0.1551 0.9433
vn 0.2275 0.1250 0.9657
vn 0.2117 0.0955 0.9726
vn 0.1571 0.1129 0.9811
vn 0.1154 0.0969 0.9886
vn 0.1074 0.1031 0.9888
vn 0.1237 0.1122 0.9859
vn 0.1248 0.1129 0.9857
vn 0.1157 0.1749 0.9778
vn 0.0888 0.1549 0.9839
vn 0.1692 0.2603 0.9506
vn 0.1256 0.2814 0.9513
vn 0.2445 0.2908 0.9250
vn 0.2367 0.2905 0.9271
vn 0.2829 0.2488 0.9263
vn 0.2913 0.2503 0.9233
vn 0.2844 0.2446 0.9269
vn 0.2371 0.1873 0.9532
vn 0.3656 0.1777 0.9136
vn 0.3321 0.2223 0.9167
vn 0.2876 0.2312 0.9294
vn 0.2671 0.2537 0.9297
vn -0.2759 0.2445 0.9296
vn -0.2813 0.2551 0.9251
vn -0.3127 0.2935 0.9033
vn -0.3019 0.2921 0.9074
vn -0.3956 0.2950 0.8697
vn -0.3585 0.2911 0.8870
vn -0.4608 0.2712 0.8450
vn -0.4277 0.2710 0.8623
vn -0.4737 0.1527 0.8673
vn -0.4686 0.1818 0.8645
vn -0.4630 0.0953 0.8812
vn -0.4592 0.0939 0.8833
vn -0.3995 0.0909 0.9122
vn -0.3742 0.1082 0.9210
vn -0.2890 0.0976 0.9523
vn -0.2741 0.1512 0.9497
vn -0.2863 0.1684 0.9432
vn -0.2936 0.1551 0.9433
vn -0.2117 0.0955 0.9726
vn -0.2275 0.1250 0.9657
vn -0.1154 0.0969 0.9886
vn -0.1571 0.1129 0.9811
vn -0.1074 0.1031 0.9888
vn -0.1237 0.1122 0.9859
vn -0.1248 0.1129 0.9857
vn -0.0888 0.1549 0.9839
vn -0.1157 0.1749 0.9778
vn -0.1256 0.2814 0.9513
vn -0.1692 0.2603 0.9506
vn -0.2367 0.2905 0.9271
vn -0.2445 0.2908 0.9250
vn -0.2829 0.2488 0.9263
vn -0.2371 0.1873 0.9532
vn -0.2844 0.2446 0.9269
vn -0.2913 0.2503 0.9233
vn -0.2671 0.2537 0.9297
vn -0.2876 0.2312 0.9294
vn -0.3321 0.2223 0.9167
vn -0.3656 0.1777 0.9136
usemtl Yellow
s 1
f 18/1/1 948/2/2 949/3/3 16/4/4
f 36/5/5 978/6/6 764/7/7 757/8/8 34/9/8
f 818/10/9 824/11/9 999/12/9 998/13/10 52/14/11
f 10/15/12 964/16/13 967/17/14 8/18/15
f 28/19/16 954/20/17 740/21/18 956/22/19 26/23/20
f 46/24/21 995/25/22 780/26/23 992/27/24 44/28/25
f 64/29/26 977/30/27 982/31/28 983/32/29 62/33/30
f 20/34/31 951/35/32 948/2/2 18/1/1
f 38/36/33 981/37/34 765/38/35 978/6/6 36/5/5
f 56/39/36 1003/40/37 1000/41/38 825/42/38 54/43/38
f 12/44/39 952/45/40 962/46/41 963/47/41 964/16/13 10/15/12
f 30/48/42 965/49/43 751/50/44 954/20/17 28/19/16
f 48/51/45 993/52/46 994/53/47 995/25/22 46/24/21
f 4/54/48 975/55/49 976/56/50 2/57/50
f 2/57/50 976/56/50 977/30/27 64/29/26
f 22/58/51 961/59/52 744/60/53 951/35/32 20/34/31
f 40/61/54 985/62/55 984/63/56 981/37/34 38/36/33
f 58/64/57 986/65/58 1001/66/59 788/67/59 1003/40/37 56/39/36
f 797/68/60 826/69/60 953/70/60 952/45/40 12/44/39
f 32/71/61 970/72/62 758/73/63 965/49/43 30/48/42
f 50/74/64 997/75/65 993/52/46 48/51/45
f 6/76/66 969/77/67 974/78/68 975/55/49 4/54/48
f 24/79/69 958/80/70 746/81/71 961/59/52 22/58/51
f 42/82/72 990/83/73 774/84/74 985/62/55 40/61/54
f 60/85/75 987/86/76 986/65/58 58/64/57
f 16/4/4 949/3/3 733/87/77 827/88/77 14/89/77
f 34/9/8 757/8/8 756/90/78 970/72/62 32/71/61
f 52/14/11 998/13/10 997/75/65 50/74/64
f 8/18/15 967/17/14 968/91/79 969/77/67 6/76/66
f 26/23/20 956/22/19 957/92/80 958/80/70 24/79/69
f 44/28/25 992/27/24 991/93/81 990/83/73 42/82/72
f 62/33/30 983/32/29 988/94/82 987/86/76 60/85/75
f 864/95/83 882/96/83 947/97/84 168/98/85
f 181/99/86 926/100/87 925/101/88 182/102/89
f 842/103/90 884/104/90 904/105/91 112/106/92
f 168/98/85 947/97/84 730/107/93 938/108/94 169/109/95
f 182/102/89 925/101/88 935/110/96 159/111/97
f 114/112/98 905/113/99 885/114/100 113/115/100
f 169/109/95 938/108/94 937/116/101 170/117/102
f 115/118/103 910/119/104 905/113/99 114/112/98
f 170/117/102 937/116/101 931/120/105 869/121/105
f 102/122/106 902/123/107 901/124/108 101/125/109
f 116/126/110 912/127/111 695/128/112 910/119/104 115/118/103
f 171/129/113 930/130/113 929/131/114 172/132/115
f 103/133/116 893/134/117 902/123/107 102/122/106
f 847/135/118 886/136/118 912/127/111 116/126/110
f 172/132/115 929/131/114 932/137/119 173/138/120
f 104/139/121 891/140/122 892/141/123 893/134/117 103/133/116
f 159/111/97 935/110/96 934/142/124 160/143/125
f 118/144/126 916/145/127 887/146/128 117/147/128
f 173/138/120 932/137/119 715/148/129 922/149/130 174/150/131
f 105/151/132 894/152/133 891/140/122 104/139/121
f 160/143/125 934/142/124 936/153/134 161/154/135
f 119/155/136 915/156/137 916/145/127 118/144/126
f 174/150/131 922/149/130 920/157/138 874/158/138
f 106/159/139 895/160/140 680/161/141 894/152/133 105/151/132
f 161/154/135 936/153/134 940/162/142 939/163/143 162/164/144
f 120/165/145 914/166/146 915/156/137 119/155/136
f 175/167/147 921/168/147 918/169/148 176/170/149
f 107/171/150 897/172/151 895/160/140 106/159/139
f 162/164/144 939/163/143 941/173/152 163/174/153
f 121/175/154 909/176/155 913/177/156 914/166/146 120/165/145
f 176/170/149 918/169/148 917/178/157 177/179/158
f 108/180/159 890/181/160 897/172/151 107/171/150
f 163/174/153 941/173/152 942/182/161 943/183/162 164/184/163
f 122/185/164 907/186/165 908/187/166 909/176/155 121/175/154
f 177/179/158 917/178/157 919/188/167 178/189/168
f 837/190/169 888/191/169 890/181/160 108/180/159
f 164/184/163 943/183/162 944/192/170 165/193/171
f 123/194/172 906/195/173 907/186/165 122/185/164
f 178/189/168 919/188/167 707/196/174 923/197/175 179/198/176
f 110/199/177 898/200/178 889/201/179 109/202/179
f 165/193/171 944/192/170 945/203/180 166/204/181
f 124/205/182 903/206/183 906/195/173 123/194/172
f 179/198/176 923/197/175 928/207/184 927/208/185 180/209/186
f 111/210/187 900/211/188 681/212/189 898/200/178 110/199/177
f 166/204/181 945/203/180 883/213/190 167/214/190
f 101/125/109 901/124/108 903/206/183 124/205/182
f 180/209/186 927/208/185 926/100/87 181/99/86
f 112/106/92 904/105/91 900/211/188 111/210/187
f 222/215/191 221/216/192 231/217/193 232/218/194
f 669/219/195 226/220/196 239/221/197 240/222/198
f 223/223/199 222/215/191 232/218/194 233/224/200
f 670/225/201 669/219/195 240/222/198 241/226/202
f 666/227/203 223/223/199 233/224/200 234/228/204
f 217/229/205 515/230/8 227/231/206
f 671/232/50 670/225/201 241/226/202
f 667/233/207 666/227/203 234/228/204 235/234/208
f 218/235/209 217/229/205 227/231/206 228/236/210
f 668/237/211 667/233/207 235/234/208 236/238/212
f 219/239/213 218/235/209 228/236/210 229/240/214
f 224/241/215 668/237/211 236/238/212 237/242/216
f 220/243/217 219/239/213 229/240/214 230/244/218
f 225/245/219 224/241/215 237/242/216 238/246/220
f 221/216/192 220/243/217 230/244/218 231/217/193
f 226/220/196 225/245/219 238/246/220 239/221/197
f 231/217/193 230/244/218 245/247/221 246/248/222
f 239/221/197 238/246/220 253/249/223 254/250/224
f 232/218/194 231/217/193 246/248/222 247/251/225
f 240/222/198 239/221/197 254/250/224 255/252/226
f 233/224/200 232/218/194 247/251/225 248/253/227
f 241/226/202 240/222/198 255/252/226 256/254/228
f 234/228/204 233/224/200 248/253/227 249/255/229
f 227/231/206 515/230/8 242/256/230
f 671/232/50 241/226/202 256/254/228
f 235/234/208 234/228/204 249/255/229 250/257/231
f 228/236/210 227/231/206 242/256/230 243/258/232
f 236/238/212 235/234/208 250/257/231 251/259/233
f 229/240/214 228/236/210 243/258/232 244/260/234
f 237/242/216 236/238/212 251/259/233 252/261/235
f 230/244/218 229/240/214 244/260/234 245/247/221
f 238/246/220 237/242/216 252/261/235 253/249/223
f 250/257/231 249/255/229 264/262/236 265/263/237
f 243/258/232 242/256/230 257/264/238 258/265/239
f 251/259/233 250/257/231 265/263/237 266/266/240
f 244/260/234 243/258/232 258/265/239 259/267/241
f 252/261/235 251/259/233 266/266/240 267/268/242
f 245/247/221 244/260/234 259/267/241 260/269/243
f 253/249/223 252/261/235 267/268/242 268/270/244
f 246/248/222 245/247/221 260/269/243 261/271/245
f 254/250/224 253/249/223 268/270/244 269/272/246
f 247/251/225 246/248/222 261/271/245 262/273/247
f 255/252/226 254/250/224 269/272/246 270/274/248
f 248/253/227 247/251/225 262/273/247 263/275/249
f 256/254/228 255/252/226 270/274/248 271/276/250
f 249/255/229 248/253/227 263/275/249 264/262/236
f 242/256/230 515/230/8 257/264/238
f 671/232/50 256/254/228 271/276/250
f 269/272/246 268/270/244 283/277/251 284/278/252
f 262/273/247 261/271/245 276/279/253 277/280/254
f 270/274/248 269/272/246 284/278/252 285/281/255
f 263/275/249 262/273/247 277/280/254 278/282/256
f 271/276/250 270/274/248 285/281/255 286/283/257
f 264/262/236 263/275/249 278/282/256 279/284/258
f 257/264/238 515/230/8 272/285/259
f 671/232/50 271/276/250 286/283/257
f 265/263/237 264/262/236 279/284/258 280/286/260
f 258/265/239 257/264/238 272/285/259 273/287/261
f 266/266/240 265/263/237 280/286/260 281/288/262
f 259/267/241 258/265/239 273/287/261 274/289/263
f 267/268/242 266/266/240 281/288/262 282/290/264
f 260/269/243 259/267/241 274/289/263 275/291/265
f 268/270/244 267/268/242 282/290/264 283/277/251
f 261/271/245 260/269/243 275/291/265 276/279/253
f 273/287/261 272/285/259 287/292/266 288/293/267
f 281/288/262 280/286/260 295/294/268 296/295/269
f 274/289/263 273/287/261 288/293/267 289/296/270
f 282/290/264 281/288/262 296/295/269 297/297/271
f 275/291/265 274/289/263 289/296/270 290/298/272
f 283/277/251 282/290/264 297/297/271 298/299/273
f 276/279/253 275/291/265 290/298/272 291/300/274
f 284/278/252 283/277/251 298/299/273 299/301/275
f 277/280/254 276/279/253 291/300/274 292/302/276
f 285/281/255 284/278/252 299/301/275 300/303/277
f 278/282/256 277/280/254 292/302/276 293/304/278
f 286/283/257 285/281/255 300/303/277 301/305/279
f 279/284/258 278/282/256 293/304/278 294/306/280
f 272/285/259 515/230/8 287/292/266
f 671/232/50 286/283/257 301/305/279
f 280/286/260 279/284/258 294/306/280 295/294/268
f 292/302/276 291/300/274 306/307/281 307/308/282
f 300/303/277 299/301/275 314/309/283 315/310/284
f 293/304/278 292/302/276 307/308/282 308/311/285
f 301/305/279 300/303/277 315/310/284 316/312/286
f 294/306/280 293/304/278 308/311/285 309/313/287
f 287/292/266 515/230/8 302/314/288
f 671/232/50 301/305/279 316/312/286
f 295/294/268 294/306/280 309/313/287 310/315/289
f 288/293/267 287/292/266 302/314/288 303/316/290
f 296/295/269 295/294/268 310/315/289 311/317/291
f 289/296/270 288/293/267 303/316/290 304/318/292
f 297/297/271 296/295/269 311/317/291 312/319/293
f 290/298/272 289/296/270 304/318/292 305/320/294
f 298/299/273 297/297/271 312/319/293 313/321/295
f 291/300/274 290/298/272 305/320/294 306/307/281
f 299/301/275 298/299/273 313/321/295 314/309/283
f 311/317/291 310/315/289 325/322/296 326/323/297
f 304/318/292 303/316/290 318/324/298 319/325/299
f 312/319/293 311/317/291 326/323/297 327/326/300
f 305/320/294 304/318/292 319/325/299 320/327/301
f 313/321/295 312/319/293 327/326/300 328/328/302
f 306/307/281 305/320/294 320/327/301 321/329/303
f 314/309/283 313/321/295 328/328/302 329/330/304
f 307/308/282 306/307/281 321/329/303 322/331/305
f 315/310/284 314/309/283 329/330/304 330/332/306
f 308/311/285 307/308/282 322/331/305 323/333/307
f 316/312/286 315/310/284 330/332/306 331/334/308
f 309/313/287 308/311/285 323/333/307 324/335/309
f 302/314/288 515/230/8 317/336/310
f 671/232/50 316/312/286 331/334/308
f 310/315/289 309/313/287 324/335/309 325/322/296
f 303/316/290 302/314/288 317/336/310 318/324/298
f 330/332/306 329/330/304 344/337/311 345/338/312
f 323/333/307 322/331/305 337/339/313 338/340/314
f 331/334/308 330/332/306 345/338/312 346/341/182
f 324/335/309 323/333/307 338/340/314 339/342/315
f 317/336/310 515/230/8 332/343/316
f 671/232/50 331/334/308 346/341/182
f 325/322/296 324/335/309 339/342/315 340/344/317
f 318/324/298 317/336/310 332/343/316 333/345/318
f 326/323/297 325/322/296 340/344/317 341/346/319
f 319/325/299 318/324/298 333/345/318 334/347/320
f 327/326/300 326/323/297 341/346/319 342/348/321
f 320/327/301 319/325/299 334/347/320 335/349/322
f 328/328/302 327/326/300 342/348/321 343/350/323
f 321/329/303 320/327/301 335/349/322 336/351/324
f 329/330/304 328/328/302 343/350/323 344/337/311
f 322/331/305 321/329/303 336/351/324 337/339/313
f 342/352/321 341/353/319 356/354/325 357/355/326
f 335/356/322 334/357/320 349/358/327 350/359/328
f 343/360/323 342/352/321 357/355/326 358/361/329
f 336/362/324 335/356/322 350/359/328 351/363/330
f 344/364/311 343/360/323 358/361/329 359/365/331
f 337/366/313 336/362/324 351/363/330 352/367/332
f 345/368/312 344/364/311 359/365/331 360/369/333
f 338/370/314 337/366/313 352/367/332 353/371/334
f 346/372/182 345/368/312 360/369/333 361/373/335
f 339/374/315 338/370/314 353/371/334 354/375/336
f 332/376/316 515/377/8 347/378/337
f 671/379/50 346/372/182 361/373/335
f 340/380/317 339/374/315 354/375/336 355/381/338
f 333/382/318 332/376/316 347/378/337 348/383/339
f 341/353/319 340/380/317 355/381/338 356/354/325
f 334/357/320 333/382/318 348/383/339 349/358/327
f 361/373/335 360/369/333 375/384/340 376/385/341
f 354/375/336 353/371/334 368/386/342 369/387/343
f 347/378/337 515/377/8 362/388/344
f 671/379/50 361/373/335 376/385/341
f 355/381/338 354/375/336 369/387/343 370/389/345
f 348/383/339 347/378/337 362/388/344 363/390/346
f 356/354/325 355/381/338 370/389/345 371/391/347
f 349/358/327 348/383/339 363/390/346 364/392/348
f 357/355/326 356/354/325 371/391/347 372/393/349
f 350/359/328 349/358/327 364/392/348 365/394/350
f 358/361/329 357/355/326 372/393/349 373/395/351
f 351/363/330 350/359/328 365/394/350 366/396/352
f 359/365/331 358/361/329 373/395/351 374/397/353
f 352/367/332 351/363/330 366/396/352 367/398/354
f 360/369/333 359/365/331 374/397/353 375/384/340
f 353/371/334 352/367/332 367/398/354 368/386/342
f 365/394/350 364/392/348 379/399/355 380/400/356
f 373/395/351 372/393/349 387/401/357 388/402/358
f 366/396/352 365/394/350 380/400/356 381/403/359
f 374/397/353 373/395/351 388/402/358 389/404/360
f 367/398/354 366/396/352 381/403/359 382/405/361
f 375/384/340 374/397/353 389/404/360 390/406/362
f 368/386/342 367/398/354 382/405/361 383/407/363
f 376/385/341 375/384/340 390/406/362 391/408/364
f 369/387/343 368/386/342 383/407/363 384/409/365
f 362/388/344 515/377/8 377/410/366
f 671/379/50 376/385/341 391/408/364
f 370/389/345 369/387/343 384/409/365 385/411/367
f 363/390/346 362/388/344 377/410/366 378/412/368
f 371/391/347 370/389/345 385/411/367 386/413/369
f 364/392/348 363/390/346 378/412/368 379/399/355
f 372/393/349 371/391/347 386/413/369 387/401/357
f 384/409/365 383/407/363 398/414/370 399/415/371
f 377/410/366 515/377/8 392/416/372
f 671/379/50 391/408/364 404/417/373
f 385/411/367 384/409/365 399/415/371 737/418/374 735/419/375 950/420/376
f 378/412/368 377/410/366 392/416/372 393/421/377
f 386/413/369 385/411/367 950/420/376 734/422/378 732/423/378 736/424/378 960/425/379
f 379/399/355 378/412/368 393/421/377 394/426/380
f 387/401/357 386/413/369 960/425/379 745/427/381 959/428/382 400/429/383
f 380/400/356 379/399/355 394/426/380 395/430/384
f 388/402/358 387/401/357 400/429/383 401/431/385
f 381/403/359 380/400/356 395/430/384 396/432/386
f 389/404/360 388/402/358 401/431/385 402/433/387
f 382/405/361 381/403/359 396/432/386 397/434/388
f 390/406/362 389/404/360 402/433/387 403/435/389
f 383/407/363 382/405/361 397/434/388 398/414/370
f 391/408/364 390/406/362 403/435/389 404/417/373
f 401/431/385 400/429/383 743/436/390 741/437/391 955/438/392 414/439/393
f 396/432/386 395/430/384 408/440/394 409/441/395
f 402/433/387 401/431/385 414/439/393 415/442/396
f 397/434/388 396/432/386 409/441/395 410/443/397
f 403/435/389 402/433/387 415/442/396 416/444/398
f 398/414/370 397/434/388 410/443/397 411/445/399
f 404/417/373 403/435/389 416/444/398 417/446/400
f 399/415/371 398/414/370 411/445/399 412/447/401
f 392/416/372 515/377/8 405/448/402
f 671/379/50 404/417/373 417/446/400
f 393/421/377 392/416/372 405/448/402 406/449/403
f 394/426/380 393/421/377 406/449/403 407/450/404
f 400/429/383 959/428/382 742/451/405 743/436/390
f 395/430/384 394/426/380 407/450/404 408/440/394
f 405/448/402 515/377/8 418/452/406
f 671/379/50 417/446/400 428/453/407
f 413/454/408 412/447/401 424/455/409 425/456/410
f 406/449/403 405/448/402 418/452/406 419/457/411
f 407/450/404 406/449/403 419/457/411 420/458/412
f 408/440/394 407/450/404 420/458/412 421/459/413
f 414/439/393 955/438/392 739/460/414 966/461/415
f 409/441/395 408/440/394 421/459/413 422/462/416
f 415/442/396 414/439/393 966/461/415 750/463/417 972/464/418 426/465/419
f 410/443/397 409/441/395 422/462/416 423/466/420
f 416/444/398 415/442/396 426/465/419 427/467/421
f 411/445/399 410/443/397 423/466/420 676/468/422 675/469/423 678/470/423 896/471/424
f 417/446/400 416/444/398 427/467/421 428/453/407
f 412/447/401 411/445/399 896/471/424 679/472/425 672/473/425 673/474/425 674/475/425 683/476/425 899/477/426 424/455/409
f 422/462/416 421/459/413 432/478/427 433/479/428
f 426/465/419 972/464/418 755/480/429 971/481/430 437/482/431
f 423/466/420 422/462/416 433/479/428 434/483/432
f 427/467/421 426/465/419 437/482/431 438/484/433
f 428/453/407 427/467/421 438/484/433 439/485/434
f 424/455/409 899/477/426 682/486/435 687/487/435 688/488/435 689/489/435 694/490/435 911/491/436 435/492/437
f 418/452/406 515/377/8 429/493/438
f 671/379/50 428/453/407 439/485/434
f 425/456/410 424/455/409 435/492/437 436/494/439
f 419/457/411 418/452/406 429/493/438 430/495/440
f 420/458/412 419/457/411 430/495/440 431/496/441
f 421/459/413 420/458/412 431/496/441 432/478/427
f 436/494/439 435/492/437 447/497/442 448/498/443
f 430/495/440 429/493/438 440/499/444 441/500/445
f 431/496/441 430/495/440 441/500/445 442/501/446
f 432/478/427 431/496/441 442/501/446 443/502/447
f 433/479/428 432/478/427 443/502/447 444/503/448
f 437/482/431 971/481/430 973/504/449 449/505/450
f 434/483/432 433/479/428 444/503/448 445/506/451
f 438/484/433 437/482/431 449/505/450 450/507/452
f 439/485/434 438/484/433 450/507/452 451/508/453
f 435/492/437 911/491/436 696/509/454 699/510/454 701/511/454 700/512/454 697/513/454 698/514/455 446/515/456 447/497/442
f 429/493/438 515/377/8 440/499/444
f 671/379/50 439/485/434 451/508/453
f 449/505/450 973/504/449 979/516/457 460/517/458
f 445/506/451 444/503/448 456/518/459 457/519/460
f 450/507/452 449/505/450 460/517/458 461/520/461
f 446/515/456 445/506/451 457/519/460 712/521/462 708/522/463 924/523/464
f 451/508/453 450/507/452 461/520/461 462/524/465
f 447/497/442 446/515/456 924/523/464 704/525/466 703/526/466 702/527/466 706/528/466 705/529/466 933/530/467 458/531/468
f 440/499/444 515/377/8 452/532/469
f 671/379/50 451/508/453 462/524/465
f 448/498/443 447/497/442 458/531/468 459/533/470
f 441/500/445 440/499/444 452/532/469 453/534/471
f 442/501/446 441/500/445 453/534/471 454/535/472
f 443/502/447 442/501/446 454/535/472 455/536/473
f 444/503/448 443/502/447 455/536/473 456/518/459
f 454/535/472 453/534/471 464/537/474 465/538/475
f 455/536/473 454/535/472 465/538/475 466/539/476
f 456/518/459 455/536/473 466/539/476 467/540/477
f 460/517/458 979/516/457 763/541/478 980/542/479 471/543/480
f 457/519/460 456/518/459 467/540/477 468/544/481
f 461/520/461 460/517/458 471/543/480 472/545/482
f 462/524/465 461/520/461 472/545/482 473/546/483
f 458/531/468 933/530/467 716/547/484 714/548/484 713/549/484 721/550/484 720/551/484 946/552/485 469/553/486
f 452/532/469 515/377/8 463/554/487
f 671/379/50 462/524/465 473/546/483
f 459/533/470 458/531/468 469/553/486 470/555/488
f 453/534/471 452/532/469 463/554/487 464/537/474
f 472/545/482 471/543/480 484/556/489 485/557/490
f 473/546/483 472/545/482 485/557/490 486/558/491
f 469/553/486 946/552/485 729/559/492 731/560/492 728/561/492 727/562/492 726/563/492 725/564/493 480/565/494 481/566/495
f 463/554/487 515/377/8 474/567/496
f 671/379/50 473/546/483 486/558/491
f 470/555/488 469/553/486 481/566/495 482/568/497
f 464/537/474 463/554/487 474/567/496 475/569/498
f 465/538/475 464/537/474 475/569/498 476/570/499
f 466/539/476 465/538/475 476/570/499 477/571/500
f 467/540/477 466/539/476 477/571/500 478/572/501
f 471/543/480 980/542/479 766/573/502 769/574/503 483/575/504 484/556/489
f 468/544/481 467/540/477 478/572/501 479/576/505
f 476/570/499 475/569/498 488/577/506 489/578/507
f 477/571/500 476/570/499 489/578/507 490/579/508
f 483/575/504 989/580/509 775/581/510 777/582/511 495/583/512 496/584/513
f 478/572/501 477/571/500 490/579/508 491/585/514
f 484/556/489 483/575/504 496/584/513 497/586/515
f 479/576/505 478/572/501 491/585/514 492/587/516
f 485/557/490 484/556/489 497/586/515 498/588/517
f 480/565/494 479/576/505 492/587/516 493/589/518
f 486/558/491 485/557/490 498/588/517 499/590/519
f 481/566/495 480/565/494 493/589/518 494/591/520
f 474/567/496 515/377/8 487/592/521
f 671/379/50 486/558/491 499/590/519
f 482/568/497 481/566/495 494/591/520 786/593/522 789/594/523 1002/595/524
f 475/569/498 474/567/496 487/592/521 488/577/506
f 493/589/518 492/587/516 505/596/525 506/597/526
f 499/590/519 498/588/517 513/598/527 514/599/528
f 494/591/520 493/589/518 506/597/526 507/600/529
f 487/592/521 515/377/8 500/601/530
f 671/379/50 499/590/519 514/599/528
f 488/577/506 487/592/521 500/601/530 501/602/531
f 489/578/507 488/577/506 501/602/531 502/603/532
f 495/583/512 996/604/533 779/605/534 778/606/535 509/607/536 510/608/537
f 490/579/508 489/578/507 502/603/532 503/609/538
f 496/584/513 495/583/512 510/608/537 511/610/539
f 491/585/514 490/579/508 503/609/538 504/611/540
f 497/586/515 496/584/513 511/610/539 512/612/541
f 492/587/516 491/585/514 504/611/540 505/596/525
f 498/588/517 497/586/515 512/612/541 513/598/527
f 510/608/537 509/607/536 525/613/542 526/614/543
f 503/609/538 502/603/532 518/615/544 519/616/545
f 511/610/539 510/608/537 526/614/543 527/617/546
f 504/611/540 503/609/538 519/616/545 520/618/547
f 512/612/541 511/610/539 527/617/546 528/619/548
f 505/596/525 504/611/540 520/618/547 521/620/549
f 513/598/527 512/612/541 528/619/548 529/621/550
f 506/597/526 505/596/525 521/620/549 522/622/551
f 514/599/528 513/598/527 529/621/550 530/623/552
f 507/600/529 506/597/526 522/622/551 523/624/553
f 500/601/530 515/377/8 516/625/554
f 671/379/50 514/599/528 530/623/552
f 508/626/555 507/600/529 523/624/553 524/627/556
f 501/602/531 500/601/530 516/625/554 517/628/557
f 509/607/536 508/626/555 524/627/556 525/613/542
f 502/603/532 501/602/531 517/628/557 518/615/544
f 530/623/552 529/621/550 544/629/558 545/630/559
f 523/624/553 522/622/551 537/631/560 538/632/561
f 516/625/554 515/377/8 531/633/562
f 671/379/50 530/623/552 545/630/559
f 524/627/556 523/624/553 538/632/561 539/634/563
f 517/628/557 516/625/554 531/633/562 532/635/564
f 525/613/542 524/627/556 539/634/563 540/636/565
f 518/615/544 517/628/557 532/635/564 533/637/566
f 526/614/543 525/613/542 540/636/565 541/638/567
f 519/616/545 518/615/544 533/637/566 534/639/568
f 527/617/546 526/614/543 541/638/567 542/640/569
f 520/618/547 519/616/545 534/639/568 535/641/570
f 528/619/548 527/617/546 542/640/569 543/642/571
f 521/620/549 520/618/547 535/641/570 536/643/572
f 529/621/550 528/619/548 543/642/571 544/629/558
f 522/622/551 521/620/549 536/643/572 537/631/560
f 534/639/568 533/637/566 548/644/573 549/645/574
f 542/640/569 541/638/567 556/646/575 557/647/576
f 535/641/570 534/639/568 549/645/574 550/648/577
f 543/642/571 542/640/569 557/647/576 558/649/578
f 536/643/572 535/641/570 550/648/577 551/650/579
f 544/629/558 543/642/571 558/649/578 559/651/580
f 537/631/560 536/643/572 551/650/579 552/652/581
f 545/630/559 544/629/558 559/651/580 560/653/89
f 538/632/561 537/631/560 552/652/581 553/654/582
f 531/633/562 515/377/8 546/655/583
f 671/379/50 545/630/559 560/653/89
f 539/634/563 538/632/561 553/654/582 554/656/584
f 532/635/564 531/633/562 546/655/583 547/657/585
f 540/636/565 539/634/563 554/656/584 555/658/586
f 533/637/566 532/635/564 547/657/585 548/644/573
f 541/638/567 540/636/565 555/658/586 556/646/575
f 553/659/582 552/660/581 567/661/587 568/662/588
f 546/663/583 515/230/8 561/664/589
f 671/232/50 560/665/89 575/666/590
f 554/667/584 553/659/582 568/662/588 569/668/591
f 547/669/585 546/663/583 561/664/589 562/670/592
f 555/671/586 554/667/584 569/668/591 570/672/593
f 548/673/573 547/669/585 562/670/592 563/674/594
f 556/675/575 555/671/586 570/672/593 571/676/595
f 549/677/574 548/673/573 563/674/594 564/678/596
f 557/679/576 556/675/575 571/676/595 572/680/597
f 550/681/577 549/677/574 564/678/596 565/682/598
f 558/683/578 557/679/576 572/680/597 573/684/599
f 551/685/579 550/681/577 565/682/598 566/686/600
f 559/687/580 558/683/578 573/684/599 574/688/601
f 552/660/581 551/685/579 566/686/600 567/661/587
f 560/665/89 559/687/580 574/688/601 575/666/590
f 572/680/597 571/676/595 586/689/602 587/690/603
f 565/682/598 564/678/596 579/691/604 580/692/605
f 573/684/599 572/680/597 587/690/603 588/693/606
f 566/686/600 565/682/598 580/692/605 581/694/607
f 574/688/601 573/684/599 588/693/606 589/695/608
f 567/661/587 566/686/600 581/694/607 582/696/609
f 575/666/590 574/688/601 589/695/608 590/697/610
f 568/662/588 567/661/587 582/696/609 583/698/611
f 561/664/589 515/230/8 576/699/612
f 671/232/50 575/666/590 590/697/610
f 569/668/591 568/662/588 583/698/611 584/700/613
f 562/670/592 561/664/589 576/699/612 577/701/614
f 570/672/593 569/668/591 584/700/613 585/702/615
f 563/674/594 562/670/592 577/701/614 578/703/616
f 571/676/595 570/672/593 585/702/615 586/689/602
f 564/678/596 563/674/594 578/703/616 579/691/604
f 671/232/50 590/697/610 605/704/617
f 584/700/613 583/698/611 598/705/618 599/706/619
f 577/701/614 576/699/612 591/707/620 592/708/621
f 585/702/615 584/700/613 599/706/619 600/709/622
f 578/703/616 577/701/614 592/708/621 593/710/623
f 586/689/602 585/702/615 600/709/622 601/711/624
f 579/691/604 578/703/616 593/710/623 594/712/625
f 587/690/603 586/689/602 601/711/624 602/713/626
f 580/692/605 579/691/604 594/712/625 595/714/627
f 588/693/606 587/690/603 602/713/626 603/715/628
f 581/694/607 580/692/605 595/714/627 596/716/629
f 589/695/608 588/693/606 603/715/628 604/717/630
f 582/696/609 581/694/607 596/716/629 597/718/631
f 590/697/610 589/695/608 604/717/630 605/704/617
f 583/698/611 582/696/609 597/718/631 598/705/618
f 576/699/612 515/230/8 591/707/620
f 603/715/628 602/713/626 617/719/632 618/720/633
f 596/716/629 595/714/627 610/721/634 611/722/635
f 604/717/630 603/715/628 618/720/633 619/723/636
f 597/718/631 596/716/629 611/722/635 612/724/637
f 605/704/617 604/717/630 619/723/636 620/725/638
f 598/705/618 597/718/631 612/724/637 613/726/639
f 591/707/620 515/230/8 606/727/640
f 671/232/50 605/704/617 620/725/638
f 599/706/619 598/705/618 613/726/639 614/728/641
f 592/708/621 591/707/620 606/727/640 607/729/642
f 600/709/622 599/706/619 614/728/641 615/730/643
f 593/710/623 592/708/621 607/729/642 608/731/644
f 601/711/624 600/709/622 615/730/643 616/732/645
f 594/712/625 593/710/623 608/731/644 609/733/646
f 602/713/626 601/711/624 616/732/645 617/719/632
f 595/714/627 594/712/625 609/733/646 610/721/634
f 607/729/642 606/727/640 621/734/647 622/735/648
f 615/730/643 614/728/641 629/736/649 630/737/650
f 608/731/644 607/729/642 622/735/648 623/738/651
f 616/732/645 615/730/643 630/737/650 631/739/652
f 609/733/646 608/731/644 623/738/651 624/740/653
f 617/719/632 616/732/645 631/739/652 632/741/654
f 610/721/634 609/733/646 624/740/653 625/742/655
f 618/720/633 617/719/632 632/741/654 633/743/656
f 611/722/635 610/721/634 625/742/655 626/744/657
f 619/723/636 618/720/633 633/743/656 634/745/658
f 612/724/637 611/722/635 626/744/657 627/746/659
f 620/725/638 619/723/636 634/745/658 635/747/660
f 613/726/639 612/724/637 627/746/659 628/748/661
f 606/727/640 515/230/8 621/734/647
f 671/232/50 620/725/638 635/747/660
f 614/728/641 613/726/639 628/748/661 629/736/649
f 626/744/657 625/742/655 640/749/662 641/750/663
f 634/745/658 633/743/656 648/751/664 649/752/665
f 627/746/659 626/744/657 641/750/663 642/753/666
f 635/747/660 634/745/658 649/752/665 650/754/667
f 628/748/661 627/746/659 642/753/666 643/755/668
f 621/734/647 515/230/8 636/756/669
f 671/232/50 635/747/660 650/754/667
f 629/736/649 628/748/661 643/755/668 644/757/670
f 622/735/648 621/734/647 636/756/669 637/758/671
f 630/737/650 629/736/649 644/757/670 645/759/672
f 623/738/651 622/735/648 637/758/671 638/760/673
f 631/739/652 630/737/650 645/759/672 646/761/674
f 624/740/653 623/738/651 638/760/673 639/762/675
f 632/741/654 631/739/652 646/761/674 647/763/676
f 625/742/655 624/740/653 639/762/675 640/749/662
f 633/743/656 632/741/654 647/763/676 648/751/664
f 645/759/672 644/757/670 659/764/677 660/765/678
f 638/760/673 637/758/671 652/766/679 653/767/680
f 646/761/674 645/759/672 660/765/678 661/768/681
f 639/762/675 638/760/673 653/767/680 654/769/682
f 647/763/676 646/761/674 661/768/681 662/770/683
f 640/749/662 639/762/675 654/769/682 655/771/684
f 648/751/664 647/763/676 662/770/683 663/772/685
f 641/750/663 640/749/662 655/771/684 656/773/686
f 649/752/665 648/751/664 663/772/685 664/774/687
f 642/753/666 641/750/663 656/773/686 657/775/688
f 650/754/667 649/752/665 664/774/687 665/776/689
f 643/755/668 642/753/666 657/775/688 658/777/690
f 636/756/669 515/230/8 651/778/691
f 671/232/50 650/754/667 665/776/689
f 644/757/670 643/755/668 658/777/690 659/764/677
f 637/758/671 636/756/669 651/778/691 652/766/679
f 664/774/687 663/772/685 226/220/196 669/219/195
f 657/775/688 656/773/686 222/215/191 223/223/199
f 665/776/689 664/774/687 669/219/195 670/225/201
f 658/777/690 657/775/688 223/223/199 666/227/203
f 651/778/691 515/230/8 217/229/205
f 671/232/50 665/776/689 670/225/201
f 659/764/677 658/777/690 666/227/203 667/233/207
f 652/766/679 651/778/691 217/229/205 218/235/209
f 660/765/678 659/764/677 667/233/207 668/237/211
f 653/767/680 652/766/679 218/235/209 219/239/213
f 661/768/681 660/765/678 668/237/211 224/241/215
f 654/769/682 653/767/680 219/239/213 220/243/217
f 662/770/683 661/768/681 224/241/215 225/245/219
f 655/771/684 654/769/682 220/243/217 221/216/192
f 663/772/685 662/770/683 225/245/219 226/220/196
f 656/773/686 655/771/684 221/216/192 222/215/191
f 698/514/455 692/779/692 693/780/693 434/483/432 445/506/451 446/515/456
f 693/780/693 691/781/694 690/782/694 686/783/694 685/784/694 684/785/694 677/786/694 676/468/422 423/466/420 434/483/432
f 723/787/695 719/788/696 717/789/696 718/790/696 709/791/696 710/792/696 711/793/696 712/521/462 457/519/460 468/544/481
f 725/564/493 724/794/697 722/795/697 723/787/695 468/544/481 479/576/505 480/565/494
f 759/796/698 753/797/699 754/798/700 425/456/410 436/494/439
f 773/799/701 768/800/702 767/801/703 459/533/470 470/555/488
f 784/802/704 785/803/705 786/593/522 494/591/520 507/600/529 508/626/555
f 761/804/706 760/805/707 759/796/698 436/494/439 448/498/443
f 787/806/708 771/807/709 772/808/709 773/799/701 470/555/488 482/568/497
f 1002/595/524 787/806/708 482/568/497
f 747/809/710 738/810/711 737/418/374 399/415/371 412/447/401 413/454/408
f 778/606/535 781/811/712 782/812/712 783/813/712 784/802/704 508/626/555 509/607/536
f 777/582/511 776/814/713 996/604/533 495/583/512
f 767/801/703 762/815/714 761/804/706 448/498/443 459/533/470
f 769/574/503 770/816/715 989/580/509 483/575/504
f 754/798/700 752/817/716 749/818/716 748/819/717 413/454/408 425/456/410
f 748/819/717 747/809/710 413/454/408
usemtl Brown
f 59/820/718 53/821/719 79/822/720 85/823/721
f 35/824/722 23/825/723 78/826/724 84/827/725
f 822/828/726 59/820/718 85/823/721 823/829/727
f 21/830/728 810/831/729 809/832/730
f 53/821/719 47/833/731 80/834/732 79/822/720
f 37/835/733 43/836/734 77/837/735 72/838/736
f 25/839/737 27/840/738 70/841/739 71/842/740
f 55/843/741 61/844/742 73/845/743 74/846/744
f 43/836/734 49/847/745 76/848/746 77/837/735
f 27/840/738 37/835/733 72/838/736 70/841/739
f 792/849/747 61/844/742 9/850/748 793/851/749
f 805/852/750 25/839/737 71/842/740 75/853/751
f 49/847/745 55/843/741 74/846/744 76/848/746
f 809/832/730 82/854/752 81/855/753 21/830/728
f 805/852/750 75/853/751 806/856/754
f 810/831/729 21/830/728 23/825/723 87/857/755
f 804/858/756 25/839/737 805/852/750
f 811/859/757 87/857/755 86/860/758 92/861/759
f 803/862/760 15/863/761 804/858/756
f 812/864/762 92/861/759 96/865/763 100/866/764
f 802/867/765 7/868/766 803/862/760
f 813/869/767 100/866/764 99/870/768 814/871/769
f 801/872/770 66/873/771 802/867/765
f 814/871/769 99/870/768 98/874/772 815/875/773
f 800/876/774 69/877/775 66/873/771 801/872/770
f 815/875/773 98/874/772 97/878/776 816/879/777
f 799/880/778 68/881/779 69/877/775 800/876/774
f 816/879/777 97/878/776 819/882/780 817/883/781
f 798/884/782 67/885/783 68/881/779 799/880/778
f 807/886/784 29/887/785 82/854/752 808/888/786
f 790/889/787 73/845/743 61/844/742 792/849/747
f 47/833/731 41/890/788 83/891/789 80/834/732
f 23/825/723 21/830/728 81/855/753 78/826/724
f 41/890/788 35/824/722 84/827/725 83/891/789
f 17/892/790 19/893/791 55/843/741 49/847/745
f 15/863/761 11/894/792 37/835/733 27/840/738
f 793/851/749 9/850/748 3/895/793 794/896/794
f 13/897/795 17/892/790 49/847/745 43/836/734
f 19/893/791 9/850/748 61/844/742 55/843/741
f 804/858/756 15/863/761 27/840/738 25/839/737
f 11/894/792 13/897/795 43/836/734 37/835/733
f 65/898/796 5/899/797 19/893/791 17/892/790
f 794/896/794 3/895/793 67/885/783 795/900/798
f 803/862/760 7/868/766 11/894/792 15/863/761
f 5/899/797 3/895/793 9/850/748 19/893/791
f 7/868/766 1/901/799 13/897/795 11/894/792
f 1/901/799 65/898/796 17/892/790 13/897/795
f 69/877/775 68/881/779 5/899/797 65/898/796
f 795/900/798 67/885/783 798/884/782 796/902/800
f 66/873/771 69/877/775 65/898/796 1/901/799
f 68/881/779 67/885/783 3/895/793 5/899/797
f 802/867/765 66/873/771 1/901/799 7/868/766
f 70/841/739 72/838/736 39/903/801 33/904/802
f 71/842/740 70/841/739 33/904/802 31/905/803
f 73/845/743 790/889/787 791/906/706 63/907/804
f 74/846/744 73/845/743 63/907/804 57/908/805
f 806/856/754 75/853/751 29/887/785 807/886/784
f 75/853/751 71/842/740 31/905/803 29/887/785
f 77/837/735 76/848/746 51/909/806 45/910/807
f 72/838/736 77/837/735 45/910/807 39/903/801
f 76/848/746 74/846/744 57/908/805 51/909/806
f 78/826/724 81/855/753 31/905/803 33/904/802
f 823/829/727 85/823/721 63/907/804 791/906/706
f 81/855/753 82/854/752 29/887/785 31/905/803
f 83/891/789 84/827/725 39/903/801 45/910/807
f 79/822/720 80/834/732 51/909/806 57/908/805
f 84/827/725 78/826/724 33/904/802 39/903/801
f 80/834/732 83/891/789 45/910/807 51/909/806
f 808/888/786 82/854/752 809/832/730
f 85/823/721 79/822/720 57/908/805 63/907/804
f 88/911/808 90/912/809 47/833/731 53/821/719
f 821/913/810 89/914/811 59/820/718 822/828/726
f 86/860/758 87/857/755 23/825/723 35/824/722
f 90/912/809 91/915/812 41/890/788 47/833/731
f 89/914/811 88/911/808 53/821/719 59/820/718
f 87/857/755 811/859/757 810/831/729
f 91/915/812 86/860/758 35/824/722 41/890/788
f 94/916/813 95/917/814 90/912/809 88/911/808
f 820/918/815 93/919/816 89/914/811 821/913/810
f 92/861/759 812/864/762 811/859/757
f 95/917/814 96/865/763 91/915/812 90/912/809
f 93/919/816 94/916/813 88/911/808 89/914/811
f 96/865/763 92/861/759 86/860/758 91/915/812
f 98/874/772 99/870/768 95/917/814 94/916/813
f 819/882/780 97/878/776 93/919/816 820/918/815
f 99/870/768 100/866/764 96/865/763 95/917/814
f 97/878/776 98/874/772 94/916/813 93/919/816
f 100/866/764 813/869/767 812/864/762
f 125/920/694 126/921/694 151/922/817 149/923/818
f 126/921/694 125/920/694 828/924/694 829/925/694
f 125/920/694 127/926/819 830/927/820 828/924/694
f 127/926/819 128/928/821 831/929/822 830/927/820
f 128/928/821 129/930/823 832/931/824 831/929/822
f 129/930/823 130/932/825 833/933/826 832/931/824
f 130/932/825 131/934/425 834/935/425 833/933/826
f 131/934/425 132/936/425 835/937/425 834/935/425
f 132/936/425 133/938/425 836/939/425 835/937/425
f 133/938/425 134/940/827 838/941/828 836/939/425
f 134/940/827 135/942/829 839/943/830 838/941/828
f 135/942/829 136/944/831 840/945/832 839/943/830
f 136/944/831 137/946/833 841/947/435 840/945/832
f 137/946/833 138/948/834 843/949/435 841/947/435
f 138/948/834 139/950/835 844/951/836 843/949/435
f 139/950/835 140/952/837 845/953/838 844/951/836
f 140/952/837 141/954/839 846/955/454 845/953/838
f 141/954/839 142/956/840 848/957/454 846/955/454
f 142/956/840 143/958/841 849/959/454 848/957/454
f 143/958/841 144/960/842 850/961/843 849/959/454
f 144/960/842 145/962/844 851/963/845 850/961/843
f 145/962/844 146/964/846 852/965/847 851/963/845
f 146/964/846 147/966/694 853/967/694 852/965/847
f 147/966/694 148/968/694 854/969/694 853/967/694
f 148/968/694 126/921/694 829/925/694 854/969/694
f 137/946/833 151/922/817 150/970/848 138/948/834
f 138/948/834 150/970/848 153/971/849 154/972/850 158/973/851 139/950/835
f 136/944/831 135/942/829 157/974/852 156/975/853 155/976/854 152/977/855 149/923/818
f 149/923/818 152/977/855 127/926/819 125/920/694
f 150/970/848 151/922/817 126/921/694 148/968/694
f 147/966/694 153/971/849 150/970/848 148/968/694
f 149/923/818 151/922/817 137/946/833 136/944/831
f 146/964/846 154/972/850 153/971/849 147/966/694
f 152/977/855 155/976/854 128/928/821 127/926/819
f 155/976/854 156/975/853 129/930/823 128/928/821
f 156/975/853 157/974/852 130/932/825 129/930/823
f 157/974/852 135/942/829 134/940/827 133/938/425 132/936/425 131/934/425 130/932/825
f 145/962/844 158/973/851 154/972/850 146/964/846
f 139/950/835 158/973/851 145/962/844 144/960/842 143/958/841 142/956/840 141/954/839 140/952/837
f 183/978/696 207/979/856 209/980/857 184/981/696
f 184/981/696 856/982/696 855/983/696 183/978/696
f 183/978/696 855/983/696 857/984/858 185/985/859
f 185/985/859 857/984/858 858/986/860 186/987/861
f 186/987/861 858/986/860 859/988/862 187/989/863
f 187/989/863 859/988/862 860/990/864 188/991/865
f 188/991/865 860/990/864 861/992/492 189/993/492
f 189/993/492 861/992/492 862/994/492 190/995/492
f 190/995/492 862/994/492 863/996/492 191/997/492
f 191/997/492 863/996/492 865/998/866 192/999/867
f 192/999/867 865/998/866 866/1000/868 193/1001/869
f 193/1001/869 866/1000/868 867/1002/870 194/1003/871
f 194/1003/871 867/1002/870 868/1004/484 195/1005/872
f 195/1005/872 868/1004/484 870/1006/484 196/1007/873
f 196/1007/873 870/1006/484 871/1008/874 197/1009/875
f 197/1009/875 871/1008/874 872/1010/876 198/1011/877
f 198/1011/877 872/1010/876 873/1012/466 199/1013/878
f 199/1013/878 873/1012/466 875/1014/466 200/1015/879
f 200/1015/879 875/1014/466 876/1016/466 201/1017/880
f 201/1017/880 876/1016/466 877/1018/881 202/1019/882
f 202/1019/882 877/1018/881 878/1020/883 203/1021/884
f 203/1021/884 878/1020/883 879/1022/885 204/1023/886
f 204/1023/886 879/1022/885 880/1024/696 205/1025/696
f 205/1025/696 880/1024/696 881/1026/696 206/1027/696
f 206/1027/696 881/1026/696 856/982/696 184/981/696
f 195/1005/872 196/1007/873 208/1028/887 209/980/857
f 196/1007/873 197/1009/875 216/1029/888 212/1030/889 211/1031/890 208/1028/887
f 194/1003/871 207/979/856 210/1032/891 213/1033/892 214/1034/893 215/1035/894 193/1001/869
f 207/979/856 183/978/696 185/985/859 210/1032/891
f 208/1028/887 206/1027/696 184/981/696 209/980/857
f 205/1025/696 206/1027/696 208/1028/887 211/1031/890
f 207/979/856 194/1003/871 195/1005/872 209/980/857
f 204/1023/886 205/1025/696 211/1031/890 212/1030/889
f 210/1032/891 185/985/859 186/987/861 213/1033/892
f 213/1033/892 186/987/861 187/989/863 214/1034/893
f 214/1034/893 187/989/863 188/991/865 215/1035/894
f 215/1035/894 188/991/865 189/993/492 190/995/492 191/997/492 192/999/867 193/1001/869
f 203/1021/884 204/1023/886 212/1030/889 216/1029/888
f 197/1009/875 198/1011/877 199/1013/878 200/1015/879 201/1017/880 202/1019/882 203/1021/884 216/1029/888
o Sphere.001
v -2.927638 1.153597 0.857203
v -2.927638 1.328659 0.848988
v -2.959441 1.322694 0.839951
v -2.989077 1.305205 0.829559
v -3.014525 1.277385 0.819048
v -3.034053 1.241128 0.812640
v -3.046328 1.198906 0.810300
v -3.050515 1.153597 0.803026
v -3.046328 1.108288 0.800228
v -3.034053 1.066066 0.802097
v -3.014525 1.029809 0.808505
v -2.989077 1.001989 0.818104
v -2.959441 0.984500 0.825669
v -2.927638 0.978535 0.833434
v -2.895835 0.984500 0.844964
v -2.866199 1.001989 0.859471
v -2.840751 1.029809 0.870881
v -2.821223 1.066066 0.880518
v -2.808948 1.108288 0.888566
v -2.804761 1.153597 0.894477
v -2.808948 1.198906 0.897848
v -2.821223 1.241128 0.890234
v -2.840751 1.277385 0.880597
v -2.866199 1.305205 0.870027
v -2.895835 1.322694 0.859246
v -2.280272 1.385617 0.847676
v -2.221624 1.389466 0.829491
v -2.284664 1.438340 0.834613
v -2.220270 1.450061 0.809725
v -2.333166 1.384462 0.863840
v -2.330088 1.416121 0.855401
v -2.153535 1.387224 0.793509
v -2.144984 1.448934 0.769870
v -2.079512 1.375555 0.755239
v -2.062953 1.432253 0.731733
v -2.000120 1.350412 0.701580
v -1.981032 1.402239 0.677728
v -1.931626 1.319019 0.649349
v -1.913329 1.365643 0.628421
v -1.884744 1.300328 0.608642
v -1.874578 1.326853 0.592157
v -3.271454 1.428583 0.618623
v -3.240776 1.477723 0.624610
v -3.316877 1.457774 0.554000
v -3.287820 1.516008 0.561694
v -3.301135 1.385133 0.604219
v -3.325728 1.407703 0.567042
v -3.198795 1.527251 0.639720
v -3.240811 1.573886 0.587026
v -3.142939 1.575984 0.666528
v -3.176754 1.629375 0.604336
v -3.072580 1.620535 0.688395
v -3.105436 1.675656 0.631017
v -3.004457 1.652726 0.705392
v -3.033842 1.703158 0.659267
v -2.959969 1.676560 0.714796
v -2.974799 1.702679 0.691115
v -2.381798 1.057258 0.882655
v -2.324021 1.069669 0.866400
v -2.378627 1.154312 0.891634
v -2.329031 1.172071 0.878408
v -2.427184 1.057753 0.891758
v -2.420445 1.116432 0.896873
v -2.270285 1.077329 0.850884
v -2.273247 1.180609 0.862361
v -2.214791 1.078292 0.833304
v -2.210105 1.178041 0.841885
v -2.153972 1.072356 0.800136
v -2.142577 1.165836 0.804434
v -2.093650 1.062122 0.766756
v -2.082487 1.143463 0.769829
v -2.045585 1.065186 0.740609
v -2.042363 1.106992 0.743266
v -2.389508 0.701841 0.755797
v -2.475929 0.667303 0.753817
v -2.417900 0.584709 0.681221
v -2.492593 0.548680 0.664359
v -2.323504 0.718505 0.745038
v -2.353816 0.642890 0.711437
v -2.560406 0.647929 0.751781
v -2.567863 0.528501 0.655212
v -2.654518 0.648847 0.750113
v -2.643748 0.526428 0.651678
v -2.753110 0.667710 0.750485
v -2.726564 0.543077 0.657185
v -2.847365 0.705210 0.744362
v -2.810759 0.584618 0.670327
v -2.900522 0.722457 0.737824
v -2.881421 0.652474 0.704717
v -2.282468 1.411978 0.842263
v -2.251117 1.388394 0.838548
v -2.220947 1.419764 0.820458
v -2.254124 1.445420 0.823115
v -2.338810 1.398401 0.863637
v -2.310520 1.382075 0.857215
v -2.310833 1.429222 0.845427
v -2.149259 1.418079 0.782717
v -2.183726 1.451374 0.789743
v -2.188778 1.389192 0.812127
v -2.071232 1.403904 0.745863
v -2.104526 1.442518 0.750441
v -2.117330 1.382969 0.774629
v -1.990576 1.376325 0.690462
v -2.021147 1.418504 0.704298
v -2.039631 1.364409 0.732231
v -1.922477 1.342331 0.638885
v -1.944630 1.384453 0.651724
v -1.963733 1.334832 0.673693
v -1.873947 1.309406 0.594084
v -1.888831 1.346233 0.606529
v -1.904752 1.305384 0.629023
v -3.294166 1.443179 0.588620
v -3.256928 1.453890 0.620661
v -3.264298 1.496866 0.597830
v -3.304386 1.486475 0.555563
v -3.316095 1.389476 0.585320
v -3.285999 1.401873 0.617118
v -3.325069 1.431270 0.556631
v -3.219803 1.550568 0.613373
v -3.266692 1.545158 0.573567
v -3.221442 1.502277 0.630887
v -3.159846 1.602679 0.636582
v -3.210363 1.602232 0.595432
v -3.172870 1.551872 0.651381
v -3.089008 1.648096 0.662991
v -3.141513 1.654246 0.616142
v -3.108731 1.599319 0.680844
v -3.019149 1.677942 0.682330
v -3.069213 1.692375 0.646865
v -3.037230 1.638343 0.696550
v -2.960099 1.690826 0.706121
v -3.001018 1.706838 0.674592
v -2.976720 1.664508 0.713112
v -2.380213 1.105785 0.887144
v -2.352666 1.063995 0.874508
v -2.326526 1.120870 0.872404
v -2.354348 1.164599 0.885323
v -2.430138 1.084111 0.894644
v -2.408889 1.051637 0.889353
v -2.401772 1.139514 0.897139
v -2.271766 1.128969 0.856622
v -2.302054 1.177556 0.870786
v -2.296838 1.074218 0.858620
v -2.212448 1.128166 0.837595
v -2.242579 1.180678 0.853065
v -2.243184 1.078698 0.842803
v -2.148275 1.119096 0.802285
v -2.176219 1.173089 0.823222
v -2.184770 1.076155 0.817020
v -2.088068 1.102792 0.768292
v -2.110973 1.156121 0.786462
v -2.123423 1.067224 0.783237
v -2.037771 1.083553 0.736526
v -2.058522 1.127285 0.755222
v -2.066017 1.059525 0.751697
v -2.403704 0.643275 0.726899
v -2.433261 0.683169 0.758095
v -2.484262 0.607992 0.712214
v -2.454548 0.564821 0.673859
v -2.329269 0.686444 0.728965
v -2.348040 0.719131 0.752829
v -2.384254 0.609219 0.691934
v -2.564135 0.588215 0.703851
v -2.530436 0.536434 0.658036
v -2.517585 0.655234 0.751469
v -2.649133 0.587637 0.701381
v -2.605228 0.525230 0.654489
v -2.606370 0.646022 0.753346
v -2.739837 0.605394 0.707019
v -2.684429 0.532038 0.652275
v -2.703474 0.655783 0.748999
v -2.829062 0.644914 0.716236
v -2.769032 0.560586 0.662473
v -2.802639 0.685089 0.746745
v -2.899437 0.693968 0.722317
v -2.849875 0.615115 0.684489
v -2.881693 0.722374 0.743490
v -2.252620 1.416907 0.831654
v -2.311491 1.405434 0.853131
v -2.186252 1.420283 0.801735
v -2.110928 1.412743 0.764055
v -2.030389 1.391456 0.721217
v -1.954181 1.359643 0.662709
v -1.896143 1.325333 0.618668
v -3.280657 1.470183 0.592229
v -3.305836 1.415784 0.587435
v -3.244067 1.523718 0.603946
v -3.191617 1.577052 0.626163
v -3.125122 1.626783 0.648493
v -3.053221 1.665359 0.671707
v -2.988042 1.685810 0.694211
v -2.353507 1.114297 0.879915
v -2.406048 1.095237 0.893368
v -2.299446 1.125887 0.864703
v -2.242882 1.129688 0.847934
v -2.180495 1.124622 0.820121
v -2.117198 1.111672 0.784849
v -2.061566 1.093117 0.753051
v -2.443905 0.623995 0.721373
v -2.365081 0.664827 0.727812
v -2.524010 0.595834 0.706152
v -2.605799 0.585626 0.703998
v -2.693951 0.593911 0.702115
v -2.785836 0.622838 0.710507
v -2.866744 0.669482 0.718623
v -2.596501 2.181811 -0.195090
v -2.596501 2.124906 -0.382683
v -2.596501 2.032495 -0.555570
v -2.596501 1.908133 -0.707107
v -2.596501 1.756596 -0.831469
v -2.596501 1.583709 -0.923879
v -2.596501 1.396116 -0.980785
v -2.596501 0.645456 -0.831469
v -2.596501 0.493919 -0.707107
v -2.596501 0.369556 -0.555570
v -2.558441 2.181811 -0.191342
v -2.521843 2.124906 -0.375330
v -2.488115 2.032495 -0.544895
v -2.458552 1.908133 -0.693520
v -2.434290 1.756596 -0.815493
v -2.416261 1.583709 -0.906127
v -2.405160 1.396116 -0.961940
v -2.401411 1.201026 -0.980785
v -2.405160 1.005936 -0.961940
v -2.416261 0.818343 -0.906127
v -2.434290 0.645456 -0.815493
v -2.458552 0.493919 -0.693520
v -2.488115 0.369556 -0.544895
v -2.521843 0.277146 -0.375330
v -2.558441 0.220241 -0.191342
v -2.521843 2.181811 -0.180240
v -2.450055 2.124906 -0.353553
v -2.383894 2.032495 -0.513280
v -2.325903 1.908133 -0.653281
v -2.278312 1.756596 -0.768177
v -2.242948 1.583709 -0.853553
v -2.221171 1.396116 -0.906127
v -2.213818 1.201026 -0.923879
v -2.221171 1.005936 -0.906127
v -2.242948 0.818343 -0.853553
v -2.278312 0.645456 -0.768178
v -2.325903 0.493919 -0.653281
v -2.383894 0.369556 -0.513280
v -2.450055 0.277146 -0.353553
v -2.521843 0.220241 -0.180240
v -2.488115 2.181811 -0.162211
v -2.383894 2.124906 -0.318190
v -2.287843 2.032495 -0.461940
v -2.203654 1.908133 -0.587938
v -2.134562 1.756596 -0.691341
v -2.083221 1.583709 -0.768178
v -2.051606 1.396116 -0.815493
v -2.040931 1.201026 -0.831469
v -2.051606 1.005936 -0.815493
v -2.083221 0.818343 -0.768178
v -2.134562 0.645456 -0.691341
v -2.203654 0.493919 -0.587938
v -2.287843 0.369556 -0.461940
v -2.383894 0.277146 -0.318190
v -2.488115 0.220241 -0.162211
v -2.458552 2.181811 -0.137949
v -2.325903 2.124906 -0.270598
v -2.203654 2.032495 -0.392847
v -2.096501 1.908133 -0.500000
v -2.008564 1.756596 -0.587937
v -1.943220 1.583709 -0.653281
v -1.902982 1.396116 -0.693520
v -1.889395 1.201026 -0.707106
v -1.902982 1.005936 -0.693520
v -1.943220 0.818343 -0.653281
v -2.008564 0.645456 -0.587937
v -2.096501 0.493919 -0.500000
v -2.203654 0.369556 -0.392847
v -2.325903 0.277146 -0.270598
v -2.458552 0.220241 -0.137949
v -2.434290 2.181811 -0.108386
v -2.278311 2.124906 -0.212607
v -2.134562 2.032495 -0.308658
v -2.008564 1.908133 -0.392847
v -1.905160 1.756596 -0.461939
v -1.828324 1.583709 -0.513280
v -1.781008 1.396116 -0.544895
v -1.765032 1.201026 -0.555570
v -1.781008 1.005936 -0.544895
v -1.828323 0.818343 -0.513280
v -1.905160 0.645456 -0.461939
v -2.008564 0.493919 -0.392847
v -2.134562 0.369556 -0.308658
v -2.278311 0.277146 -0.212607
v -2.434290 0.220241 -0.108386
v -2.416261 2.181811 -0.074658
v -2.242948 2.124906 -0.146446
v -2.083221 2.032495 -0.212607
v -1.943220 1.908133 -0.270598
v -1.828324 1.756596 -0.318189
v -1.742948 1.583709 -0.353553
v -1.690374 1.396116 -0.375330
v -1.672622 1.201026 -0.382683
v -1.690374 1.005936 -0.375330
v -1.742948 0.818343 -0.353553
v -1.828324 0.645456 -0.318189
v -1.943220 0.493919 -0.270598
v -2.083221 0.369556 -0.212607
v -2.242948 0.277146 -0.146446
v -2.416261 0.220241 -0.074658
v -2.405159 2.181811 -0.038060
v -2.221171 2.124906 -0.074658
v -2.051606 2.032495 -0.108386
v -1.902982 1.908133 -0.137949
v -1.781008 1.756596 -0.162211
v -1.690374 1.583709 -0.180240
v -1.634562 1.396116 -0.191341
v -1.615716 1.201026 -0.195090
v -1.634562 1.005936 -0.191341
v -1.690374 0.818343 -0.180240
v -1.781008 0.645456 -0.162211
v -1.902982 0.493919 -0.137949
v -2.051606 0.369556 -0.108386
v -2.221171 0.277146 -0.074658
v -2.405160 0.220241 -0.038060
v -2.401411 2.181811 0.000000
v -2.213818 2.124906 0.000000
v -2.040931 2.032495 0.000000
v -1.889395 1.908133 0.000000
v -1.765032 1.756596 0.000000
v -1.672622 1.583709 0.000000
v -1.615716 1.396116 0.000000
v -1.596502 1.201026 0.000000
v -1.615716 1.005936 0.000000
v -1.672622 0.818343 0.000000
v -1.765032 0.645456 0.000000
v -1.889395 0.493919 0.000000
v -2.040931 0.369556 0.000000
v -2.213818 0.277146 0.000000
v -2.401411 0.220241 0.000000
v -2.405159 2.181811 0.038060
v -2.221171 2.124906 0.074658
v -2.051606 2.032495 0.108387
v -1.902982 1.908133 0.137950
v -1.781008 1.756596 0.162212
v -1.690374 1.583709 0.180240
v -1.634562 1.396116 0.191342
v -1.615716 1.201026 0.195091
v -1.634562 1.005936 0.191342
v -1.690374 0.818343 0.180240
v -1.781008 0.645456 0.162212
v -1.902982 0.493919 0.137950
v -2.051606 0.369556 0.108387
v -2.221171 0.277146 0.074658
v -2.405160 0.220241 0.038060
v -2.416261 2.181811 0.074658
v -2.242948 2.124906 0.146447
v -2.083221 2.032495 0.212608
v -1.943220 1.908133 0.270598
v -1.828324 1.756596 0.318190
v -1.742948 1.583709 0.353554
v -1.690374 1.396116 0.375330
v -1.672622 1.201026 0.382684
v -1.690374 1.005936 0.375330
v -1.742948 0.818343 0.353554
v -1.828324 0.645456 0.318190
v -1.943220 0.493919 0.270598
v -2.083221 0.369556 0.212608
v -2.242948 0.277146 0.146447
v -2.416261 0.220241 0.074658
v -2.434290 2.181811 0.108387
v -2.278312 2.124906 0.212608
v -2.134562 2.032495 0.308658
v -2.008564 1.908133 0.392848
v -1.905160 1.756596 0.461940
v -1.828324 1.583709 0.513280
v -1.781008 1.396116 0.544895
v -1.765032 1.201026 0.555570
v -1.781008 1.005936 0.544895
v -1.828324 0.818343 0.513280
v -1.905160 0.645456 0.461940
v -2.008564 0.493919 0.392848
v -2.134562 0.369556 0.308658
v -2.278312 0.277146 0.212608
v -2.434290 0.220241 0.108387
v -2.458552 2.181811 0.137950
v -2.325903 2.124906 0.270598
v -2.203654 2.032495 0.392848
v -2.096501 1.908133 0.500000
v -2.008564 1.756596 0.587938
v -1.943220 1.583709 0.653282
v -1.902982 1.396116 0.693520
v -1.889395 1.201026 0.707107
v -1.902982 1.005936 0.693520
v -1.943220 0.818343 0.653282
v -2.008564 0.645456 0.587938
v -2.096501 0.493919 0.500000
v -2.203654 0.369556 0.392848
v -2.325903 0.277146 0.270598
v -2.458552 0.220241 0.137950
v -2.488115 2.181811 0.162212
v -2.383894 2.124906 0.318190
v -2.287843 2.032495 0.461940
v -2.203654 1.908133 0.587938
v -2.134562 1.756596 0.691342
v -2.083221 1.583709 0.768178
v -2.040932 1.201026 0.831470
v -2.051606 1.005936 0.815493
v -2.083221 0.818343 0.768178
v -2.134562 0.645456 0.691342
v -2.203654 0.493919 0.587938
v -2.287843 0.369556 0.461940
v -2.383894 0.277146 0.318190
v -2.488115 0.220241 0.162212
v -2.521843 2.181811 0.180240
v -2.450055 2.124906 0.353554
v -2.383894 2.032495 0.513280
v -2.325903 1.908133 0.653282
v -2.278312 1.756596 0.768178
v -2.242948 1.583709 0.853553
v -2.213818 1.201026 0.923879
v -2.221171 1.005936 0.906127
v -2.242948 0.818343 0.853554
v -2.278312 0.645456 0.768178
v -2.325903 0.493919 0.653282
v -2.383894 0.369556 0.513280
v -2.450055 0.277146 0.353554
v -2.521843 0.220241 0.180240
v -2.558441 2.181811 0.191342
v -2.521843 2.124906 0.375331
v -2.488115 2.032495 0.544895
v -2.458552 1.908133 0.693520
v -2.434290 1.756596 0.815493
v -2.416261 1.583709 0.906127
v -2.405160 1.396116 0.961940
v -2.401411 1.201026 0.980785
v -2.405160 1.005936 0.961940
v -2.416261 0.818343 0.906128
v -2.458552 0.493919 0.693520
v -2.488115 0.369556 0.544895
v -2.521843 0.277146 0.375331
v -2.558441 0.220241 0.191342
v -2.596501 2.181811 0.195091
v -2.596501 2.124906 0.382684
v -2.596501 2.032495 0.555570
v -2.596501 1.908133 0.707107
v -2.596501 1.756596 0.831469
v -2.596501 1.583709 0.923880
v -2.596501 1.396116 0.980785
v -2.596502 1.201026 1.000000
v -2.596501 1.005936 0.980785
v -2.596501 0.818343 0.923880
v -2.596501 0.493919 0.707107
v -2.596501 0.369556 0.555570
v -2.596501 0.277146 0.382684
v -2.596501 0.220241 0.195091
v -2.634562 2.181811 0.191342
v -2.671159 2.124906 0.375331
v -2.704888 2.032495 0.544895
v -2.734451 1.908133 0.693520
v -2.758713 1.756596 0.815493
v -2.776741 1.583709 0.906127
v -2.787843 1.396116 0.961940
v -2.791592 1.201026 0.980785
v -2.787843 1.005936 0.961940
v -2.776742 0.818343 0.906128
v -2.734451 0.493919 0.693520
v -2.704888 0.369556 0.544895
v -2.671159 0.277146 0.375331
v -2.634562 0.220241 0.191342
v -2.671159 2.181811 0.180240
v -2.742948 2.124906 0.353554
v -2.809109 2.032495 0.513280
v -2.867099 1.908133 0.653282
v -2.914691 1.756596 0.768178
v -2.950055 1.583709 0.853553
v -2.971832 1.396116 0.906127
v -2.950055 0.818343 0.853553
v -2.914691 0.645456 0.768178
v -2.867099 0.493919 0.653282
v -2.809109 0.369556 0.513280
v -2.742948 0.277146 0.353554
v -2.671159 0.220241 0.180240
v -2.704888 2.181811 0.162212
v -2.809109 2.124906 0.318190
v -2.905159 2.032495 0.461940
v -2.989349 1.908133 0.587938
v -3.058441 1.756596 0.691342
v -3.109781 1.583709 0.768178
v -3.141396 1.396116 0.815493
v -3.152071 1.201026 0.831469
v -3.141396 1.005936 0.815493
v -3.109781 0.818343 0.768178
v -3.058441 0.645456 0.691342
v -2.989349 0.493919 0.587938
v -2.905159 0.369556 0.461940
v -2.809109 0.277146 0.318190
v -2.704888 0.220241 0.162212
v -2.734451 2.181811 0.137950
v -2.867100 2.124906 0.270598
v -2.989349 2.032495 0.392847
v -3.096501 1.908133 0.500000
v -3.184439 1.756596 0.587938
v -3.249783 1.583709 0.653282
v -3.290021 1.396116 0.693520
v -3.303608 1.201026 0.707106
v -3.290021 1.005936 0.693520
v -3.249783 0.818343 0.653282
v -3.184439 0.645456 0.587938
v -3.096501 0.493919 0.500000
v -2.989349 0.369556 0.392847
v -2.867099 0.277146 0.270598
v -2.734451 0.220241 0.137950
v -2.758713 2.181811 0.108387
v -2.914691 2.124906 0.212608
v -3.058441 2.032495 0.308658
v -3.184439 1.908133 0.392848
v -3.287843 1.756596 0.461940
v -3.364679 1.583709 0.513280
v -3.411994 1.396116 0.544895
v -3.427970 1.201026 0.555570
v -3.411994 1.005936 0.544895
v -3.364679 0.818343 0.513280
v -3.287843 0.645456 0.461940
v -3.184439 0.493919 0.392848
v -3.058441 0.369556 0.308658
v -2.914691 0.277146 0.212608
v -2.758713 0.220241 0.108387
v -2.596501 2.201026 0.000000
v -2.776741 2.181811 0.074658
v -2.950055 2.124906 0.146447
v -3.109781 2.032495 0.212608
v -3.249783 1.908133 0.270598
v -3.364679 1.756596 0.318190
v -3.450054 1.583709 0.353553
v -3.502628 1.396116 0.375330
v -3.520380 1.201026 0.382683
v -3.502628 1.005936 0.375330
v -3.450055 0.818343 0.353553
v -3.364679 0.645456 0.318190
v -3.249783 0.493919 0.270598
v -3.109781 0.369556 0.212608
v -2.950055 0.277146 0.146447
v -2.776741 0.220241 0.074658
v -2.787843 2.181811 0.038060
v -2.971832 2.124906 0.074658
v -3.141396 2.032495 0.108386
v -3.290021 1.908133 0.137950
v -3.411994 1.756596 0.162212
v -3.502629 1.583709 0.180240
v -3.558441 1.396116 0.191342
v -3.577286 1.201026 0.195090
v -3.558441 1.005936 0.191342
v -3.502629 0.818343 0.180240
v -3.411994 0.645456 0.162212
v -3.290021 0.493919 0.137950
v -3.141396 0.369556 0.108386
v -2.971832 0.277146 0.074658
v -2.787843 0.220241 0.038060
v -2.791592 2.181811 0.000000
v -2.979185 2.124906 0.000000
v -3.152071 2.032495 0.000000
v -3.303608 1.908133 0.000000
v -3.427970 1.756596 0.000000
v -3.520380 1.583709 0.000000
v -3.577286 1.396116 0.000000
v -3.596500 1.201026 -0.000000
v -3.577286 1.005936 0.000000
v -3.520381 0.818343 0.000000
v -3.427970 0.645456 0.000000
v -3.303608 0.493919 0.000000
v -3.152071 0.369556 0.000000
v -2.979185 0.277146 0.000000
v -2.791592 0.220241 0.000000
v -2.787843 2.181811 -0.038060
v -2.971832 2.124906 -0.074658
v -3.141396 2.032495 -0.108386
v -3.290021 1.908133 -0.137949
v -3.411994 1.756596 -0.162211
v -3.502628 1.583709 -0.180240
v -3.558441 1.396116 -0.191342
v -3.577286 1.201026 -0.195090
v -3.558441 1.005936 -0.191342
v -3.502629 0.818343 -0.180240
v -3.411994 0.645456 -0.162211
v -3.290021 0.493919 -0.137949
v -3.141396 0.369556 -0.108386
v -2.971832 0.277146 -0.074658
v -2.787843 0.220241 -0.038060
v -2.776741 2.181811 -0.074658
v -2.950055 2.124906 -0.146446
v -3.109781 2.032495 -0.212607
v -3.249783 1.908133 -0.270598
v -3.364679 1.756596 -0.318189
v -3.450054 1.583709 -0.353553
v -3.502628 1.396116 -0.375330
v -3.520380 1.201026 -0.382683
v -3.502628 1.005936 -0.375330
v -3.450054 0.818343 -0.353553
v -3.364679 0.645456 -0.318189
v -3.249783 0.493919 -0.270598
v -3.109781 0.369556 -0.212607
v -2.950055 0.277146 -0.146446
v -2.776741 0.220241 -0.074658
v -2.758713 2.181811 -0.108386
v -2.914691 2.124906 -0.212607
v -3.058441 2.032495 -0.308658
v -3.184439 1.908133 -0.392847
v -3.287843 1.756596 -0.461939
v -3.364679 1.583709 -0.513280
v -3.411994 1.396116 -0.544895
v -3.427970 1.201026 -0.555570
v -3.411994 1.005936 -0.544895
v -3.364679 0.818343 -0.513280
v -3.287843 0.645456 -0.461939
v -3.184439 0.493919 -0.392847
v -3.058441 0.369556 -0.308658
v -2.914691 0.277146 -0.212607
v -2.758713 0.220241 -0.108386
v -2.734451 2.181811 -0.137949
v -2.867099 2.124906 -0.270598
v -2.989348 2.032495 -0.392847
v -3.096501 1.908133 -0.500000
v -3.184439 1.756596 -0.587937
v -3.249783 1.583709 -0.653281
v -3.290021 1.396116 -0.693519
v -3.303607 1.201026 -0.707106
v -3.290021 1.005936 -0.693519
v -3.249783 0.818343 -0.653281
v -3.184439 0.645456 -0.587937
v -3.096501 0.493919 -0.500000
v -2.989348 0.369556 -0.392847
v -2.867099 0.277146 -0.270598
v -2.734451 0.220241 -0.137949
v -2.704888 2.181811 -0.162211
v -2.809109 2.124906 -0.318189
v -2.905159 2.032495 -0.461939
v -2.989349 1.908133 -0.587937
v -3.058441 1.756596 -0.691341
v -3.109781 1.583709 -0.768177
v -3.141396 1.396116 -0.815493
v -3.152071 1.201026 -0.831469
v -3.141396 1.005936 -0.815493
v -3.109781 0.818343 -0.768177
v -3.058441 0.645456 -0.691341
v -2.989349 0.493919 -0.587937
v -2.905159 0.369556 -0.461939
v -2.809109 0.277146 -0.318189
v -2.704888 0.220241 -0.162211
v -2.671159 2.181811 -0.180240
v -2.742948 2.124906 -0.353553
v -2.809108 2.032495 -0.513279
v -2.867099 1.908133 -0.653281
v -2.914691 1.756596 -0.768177
v -2.950055 1.583709 -0.853553
v -2.971831 1.396116 -0.906127
v -2.979184 1.201026 -0.923878
v -2.971831 1.005936 -0.906127
v -2.950054 0.818343 -0.853553
v -2.914691 0.645456 -0.768177
v -2.867099 0.493919 -0.653281
v -2.809108 0.369556 -0.513279
v -2.742948 0.277146 -0.353553
v -2.671159 0.220241 -0.180240
v -2.634562 2.181811 -0.191341
v -2.671159 2.124906 -0.375330
v -2.704887 2.032495 -0.544894
v -2.734451 1.908133 -0.693519
v -2.758713 1.756596 -0.815492
v -2.776741 1.583709 -0.906127
v -2.787843 1.396116 -0.961939
v -2.791591 1.201026 -0.980784
v -2.787843 1.005936 -0.961939
v -2.776741 0.818343 -0.906127
v -2.758713 0.645456 -0.815492
v -2.734451 0.493919 -0.693519
v -2.704887 0.369556 -0.544894
v -2.671159 0.277146 -0.375330
v -2.634562 0.220241 -0.191341
v -2.596501 1.201026 -0.999999
v -2.596501 1.005936 -0.980784
v -2.596501 0.818343 -0.923879
v -2.596501 0.277146 -0.382683
v -2.596501 0.220241 -0.195090
v -2.596501 0.201026 0.000000
v -1.874578 1.326853 0.669612
v -1.873947 1.309406 0.671539
v -1.888831 1.346233 0.683984
v -1.900131 1.355186 0.696371
v -1.884744 1.300328 0.686097
v -1.896518 1.303303 0.699984
v -1.913329 1.365643 0.705875
v -1.904752 1.305384 0.706477
v -1.931626 1.319019 0.726804
v -1.944630 1.384453 0.729178
v -1.963733 1.334832 0.751148
v -1.981032 1.402239 0.755183
v -1.968501 1.396116 0.747290
v -2.000120 1.350412 0.779035
v -2.021147 1.418504 0.781753
v -2.039631 1.364409 0.809686
v -2.062953 1.432253 0.809188
v -2.104526 1.442518 0.827896
v -2.057388 1.430423 0.806840
v -2.050031 1.367315 0.817852
v -2.079512 1.375555 0.832694
v -2.117330 1.382969 0.852084
v -2.058522 1.127285 0.832677
v -2.082487 1.143463 0.847284
v -2.110973 1.156121 0.863917
v -2.045838 1.111356 0.824126
v -2.042363 1.106992 0.820721
v -2.037771 1.083553 0.813981
v -2.048407 1.064404 0.820281
v -2.045585 1.065186 0.818064
v -2.066017 1.059525 0.829152
v -2.093650 1.062122 0.844210
v -2.123423 1.067224 0.860691
v -2.183726 1.451374 0.867198
v -2.220270 1.450061 0.887180
v -2.144984 1.448934 0.847325
v -2.153535 1.387224 0.870963
v -2.188778 1.389192 0.889582
v -2.176219 1.173089 0.900677
v -2.210105 1.178041 0.919340
v -2.142577 1.165836 0.881889
v -2.153972 1.072356 0.877591
v -2.184770 1.076155 0.894475
v -2.214791 1.078292 0.910759
v -2.227321 1.449095 0.891280
v -2.254124 1.445420 0.900570
v -2.284664 1.438340 0.912067
v -2.221624 1.389466 0.906946
v -2.220920 1.389460 0.906733
v -2.251117 1.388394 0.916002
v -2.280272 1.385617 0.925131
v -2.242579 1.180678 0.930520
v -2.273247 1.180609 0.939816
v -2.214671 1.178411 0.921822
v -2.218442 1.078344 0.912716
v -2.243184 1.078698 0.920258
v -2.270285 1.077329 0.928338
v -2.296838 1.074218 0.936075
v -2.310833 1.429222 0.922882
v -2.330088 1.416121 0.932856
v -2.310520 1.382075 0.934669
v -2.333166 1.384462 0.941294
v -2.302054 1.177556 0.948241
v -2.329031 1.172071 0.955863
v -2.354348 1.164599 0.962777
v -2.324021 1.069669 0.943854
v -2.352666 1.063995 0.951963
v -2.323504 0.718505 0.822493
v -2.352369 0.645456 0.790643
v -2.353816 0.642890 0.788891
v -2.329269 0.686444 0.806420
v -2.348040 0.719131 0.830283
v -2.338810 1.398401 0.941092
v -2.337885 1.396116 0.941532
v -2.378627 1.154312 0.969089
v -2.401772 1.139514 0.974594
v -2.402613 1.138474 0.974743
v -2.420445 1.116432 0.974328
v -2.381798 1.057258 0.960110
v -2.408889 1.051637 0.966808
v -2.404263 1.052597 0.966447
v -2.427184 1.057753 0.969212
v -2.389508 0.701841 0.833252
v -2.430222 0.684466 0.835944
v -2.433261 0.683169 0.835550
v -2.417900 0.584709 0.758676
v -2.384254 0.609219 0.769388
v -2.430138 1.084111 0.972099
v -2.475929 0.667303 0.831272
v -2.517585 0.655234 0.828924
v -2.560406 0.647929 0.829236
v -2.596501 0.646432 0.831991
v -2.606370 0.646022 0.830800
v -2.492593 0.548680 0.741814
v -2.446501 0.569188 0.754105
v -2.454548 0.564821 0.751313
v -2.643748 0.526428 0.729133
v -2.605228 0.525230 0.731943
v -2.596501 0.525994 0.733430
v -2.567863 0.528501 0.732667
v -2.530436 0.536434 0.735491
v -3.033842 1.703158 0.736722
v -3.001018 1.706838 0.752046
v -2.974799 1.702679 0.768570
v -3.069213 1.692375 0.724319
v -3.105436 1.675656 0.708472
v -3.078830 1.687936 0.721856
v -2.960099 1.690826 0.783576
v -2.959969 1.676560 0.792250
v -3.230259 1.583709 0.669304
v -3.240811 1.573886 0.664481
v -3.210363 1.602232 0.672887
v -3.176754 1.629375 0.681791
v -3.141513 1.654246 0.693597
v -3.131613 1.583709 0.750260
v -3.142939 1.575984 0.743983
v -3.108731 1.599319 0.758298
v -3.104389 1.601867 0.760108
v -3.072580 1.620535 0.765850
v -3.037230 1.638343 0.774005
v -3.004457 1.652726 0.782847
v -2.976720 1.664508 0.790567
v -3.316877 1.457774 0.631455
v -3.304386 1.486475 0.633017
v -3.325069 1.431270 0.634085
v -3.287820 1.516008 0.639149
v -3.255352 1.557746 0.658851
v -3.266692 1.545158 0.651022
v -3.271454 1.428583 0.696078
v -3.256928 1.453890 0.698116
v -3.240776 1.477723 0.702064
v -3.221442 1.502277 0.708342
v -3.198795 1.527251 0.717175
v -3.172870 1.551872 0.728836
v -3.325728 1.407703 0.644497
v -3.316095 1.389476 0.662774
v -3.319604 1.396116 0.657472
v -3.301135 1.385133 0.681674
v -3.285999 1.401873 0.694572
v -3.289653 1.397832 0.693152
v -3.291204 1.396116 0.692078
v -3.050515 1.153597 0.880481
v -3.046328 1.198906 0.887754
v -3.045712 1.201026 0.888319
v -3.034053 1.241128 0.890095
v -3.014525 1.277385 0.896503
v -2.974944 1.313545 0.913641
v -2.989077 1.305205 0.907013
v -2.959441 1.322694 0.917406
v -2.927638 1.328659 0.926443
v -2.895835 1.322694 0.936701
v -2.866199 1.305205 0.947482
v -2.840751 1.277385 0.958051
v -2.821223 1.241128 0.967689
v -2.804761 1.153597 0.971932
v -2.808948 1.198906 0.975303
v -2.809564 1.201026 0.975333
v -3.046328 1.108288 0.877683
v -3.034053 1.066066 0.879552
v -2.821223 1.066066 0.957973
v -2.808948 1.108288 0.966021
v -3.014525 1.029809 0.885960
v -2.992687 1.005936 0.894980
v -2.989077 1.001989 0.895559
v -2.862589 1.005936 0.939266
v -2.866199 1.001989 0.936925
v -2.840751 1.029809 0.948335
v -2.959441 0.984500 0.903124
v -2.970071 0.990773 0.901878
v -2.927638 0.978535 0.910889
v -2.895835 0.984500 0.922418
v -2.899437 0.693968 0.799771
v -2.900522 0.722457 0.815279
v -2.881693 0.722374 0.820945
v -2.847365 0.705210 0.821817
v -2.802639 0.685089 0.824200
v -2.684429 0.532038 0.729730
v -2.726564 0.543077 0.734639
v -2.743435 0.550032 0.738686
v -2.769032 0.560586 0.739928
v -2.810759 0.584618 0.747781
v -2.849875 0.615115 0.761944
v -2.875494 0.645456 0.780068
v -2.881421 0.652474 0.782171
v -2.654518 0.648847 0.827568
v -2.703474 0.655783 0.826454
v -2.753110 0.667710 0.827940
v -2.761335 0.670596 0.828673
v -2.959441 1.322694 0.839951
v -2.927638 1.328659 0.848988
v -2.989077 1.305205 0.829559
v -3.014525 1.277385 0.819048
v -3.034053 1.241128 0.812640
v -3.046328 1.198906 0.810300
v -3.050515 1.153597 0.803026
v -3.046328 1.108288 0.800228
v -3.034053 1.066066 0.802097
v -3.014525 1.029809 0.808505
v -2.989077 1.001989 0.818104
v -2.959441 0.984500 0.825669
v -2.927638 0.978535 0.833434
v -2.895835 0.984500 0.844964
v -2.866199 1.001989 0.859471
v -2.840751 1.029809 0.870881
v -2.821223 1.066066 0.880518
v -2.808948 1.108288 0.888566
v -2.804761 1.153597 0.894477
v -2.808948 1.198906 0.897848
v -2.821223 1.241128 0.890234
v -2.840751 1.277385 0.880597
v -2.866199 1.305205 0.870027
v -2.895835 1.322694 0.859246
v -2.280272 1.385617 0.847676
v -2.251117 1.388394 0.838548
v -2.221624 1.389466 0.829491
v -2.220270 1.450061 0.809725
v -2.254124 1.445420 0.823115
v -2.284664 1.438340 0.834613
v -2.330088 1.416121 0.855401
v -2.338810 1.398401 0.863637
v -2.338810 1.398401 0.863637
v -2.333166 1.384462 0.863840
v -2.333166 1.384462 0.863840
v -2.310520 1.382075 0.857215
v -2.310833 1.429222 0.845427
v -2.144984 1.448934 0.769870
v -2.183726 1.451374 0.789743
v -2.188778 1.389192 0.812127
v -2.153535 1.387224 0.793509
v -2.062953 1.432253 0.731733
v -2.104526 1.442518 0.750441
v -2.117330 1.382969 0.774629
v -2.079512 1.375555 0.755239
v -1.981032 1.402239 0.677728
v -2.021147 1.418504 0.704298
v -2.039631 1.364409 0.732231
v -2.000120 1.350412 0.701580
v -1.913329 1.365643 0.628421
v -1.944630 1.384453 0.651724
v -1.963733 1.334832 0.673693
v -1.931626 1.319019 0.649349
v -1.884744 1.300328 0.608642
v -1.884744 1.300328 0.608642
v -1.873947 1.309406 0.594084
v -1.873947 1.309406 0.594084
v -1.874578 1.326853 0.592157
v -1.874578 1.326853 0.592157
v -1.888831 1.346233 0.606529
v -1.904752 1.305384 0.629023
v -3.240776 1.477723 0.624610
v -3.256928 1.453890 0.620661
v -3.271454 1.428583 0.618623
v -3.316877 1.457774 0.554000
v -3.304386 1.486475 0.555563
v -3.287820 1.516008 0.561694
v -3.301135 1.385133 0.604219
v -3.301135 1.385133 0.604219
v -3.316095 1.389476 0.585320
v -3.316095 1.389476 0.585320
v -3.325728 1.407703 0.567042
v -3.285999 1.401873 0.617118
v -3.325069 1.431270 0.556631
v -3.266692 1.545158 0.573567
v -3.240811 1.573886 0.587026
v -3.198795 1.527251 0.639720
v -3.221442 1.502277 0.630887
v -3.210363 1.602232 0.595432
v -3.176754 1.629375 0.604336
v -3.142939 1.575984 0.666528
v -3.172870 1.551872 0.651381
v -3.141513 1.654246 0.616142
v -3.105436 1.675656 0.631017
v -3.072580 1.620535 0.688395
v -3.108731 1.599319 0.680844
v -3.069213 1.692375 0.646865
v -3.033842 1.703158 0.659267
v -3.004457 1.652726 0.705392
v -3.037230 1.638343 0.696550
v -2.974799 1.702679 0.691115
v -2.960099 1.690826 0.706121
v -2.960099 1.690826 0.706121
v -2.959969 1.676560 0.714796
v -2.959969 1.676560 0.714796
v -3.001018 1.706838 0.674592
v -2.976720 1.664508 0.713112
v -2.324021 1.069669 0.866400
v -2.352666 1.063995 0.874508
v -2.381798 1.057258 0.882655
v -2.378627 1.154312 0.891634
v -2.354348 1.164599 0.885323
v -2.329031 1.172071 0.878408
v -2.427184 1.057753 0.891758
v -2.427184 1.057753 0.891758
v -2.430138 1.084111 0.894644
v -2.420445 1.116432 0.896873
v -2.408889 1.051637 0.889353
v -2.408889 1.051637 0.889353
v -2.401772 1.139514 0.897139
v -2.302054 1.177556 0.870786
v -2.273247 1.180609 0.862361
v -2.270285 1.077329 0.850884
v -2.296838 1.074218 0.858620
v -2.242579 1.180678 0.853065
v -2.210105 1.178041 0.841885
v -2.214791 1.078292 0.833304
v -2.243184 1.078698 0.842803
v -2.176219 1.173089 0.823222
v -2.142577 1.165836 0.804434
v -2.153972 1.072356 0.800136
v -2.184770 1.076155 0.817020
v -2.110973 1.156121 0.786462
v -2.082487 1.143463 0.769829
v -2.093650 1.062122 0.766756
v -2.123423 1.067224 0.783237
v -2.042363 1.106992 0.743266
v -2.037771 1.083553 0.736526
v -2.037771 1.083553 0.736526
v -2.045585 1.065186 0.740609
v -2.045585 1.065186 0.740609
v -2.058522 1.127285 0.755222
v -2.066017 1.059525 0.751697
v -2.475929 0.667303 0.753817
v -2.433261 0.683169 0.758095
v -2.389508 0.701841 0.755797
v -2.417900 0.584709 0.681221
v -2.454548 0.564821 0.673859
v -2.492593 0.548680 0.664359
v -2.323504 0.718505 0.745038
v -2.323504 0.718505 0.745038
v -2.329269 0.686444 0.728965
v -2.353816 0.642890 0.711437
v -2.348040 0.719131 0.752829
v -2.384254 0.609219 0.691934
v -2.530436 0.536434 0.658036
v -2.567863 0.528501 0.655212
v -2.560406 0.647929 0.751781
v -2.517585 0.655234 0.751469
v -2.605228 0.525230 0.654489
v -2.643748 0.526428 0.651678
v -2.654518 0.648847 0.750113
v -2.606370 0.646022 0.753346
v -2.684429 0.532038 0.652275
v -2.726564 0.543077 0.657185
v -2.753110 0.667710 0.750485
v -2.703474 0.655783 0.748999
v -2.769032 0.560586 0.662473
v -2.810759 0.584618 0.670327
v -2.847365 0.705210 0.744362
v -2.802639 0.685089 0.746745
v -2.881421 0.652474 0.704717
v -2.899437 0.693968 0.722317
v -2.900522 0.722457 0.737824
v -2.900522 0.722457 0.737824
v -2.849875 0.615115 0.684489
v -2.881693 0.722374 0.743490
v -3.301135 1.385133 0.681674
v -3.301135 1.385133 0.681674
v -2.900522 0.722457 0.815279
v -2.900522 0.722457 0.815279
v -2.037771 1.083553 0.813981
v -2.037771 1.083553 0.813981
v -2.045585 1.065186 0.818064
v -2.045585 1.065186 0.818064
v -2.960099 1.690826 0.783576
v -2.960099 1.690826 0.783576
v -2.959969 1.676560 0.792250
v -2.959969 1.676560 0.792250
v -1.884744 1.300328 0.686097
v -1.884744 1.300328 0.686097
v -2.408889 1.051637 0.966808
v -2.408889 1.051637 0.966808
v -3.316095 1.389476 0.662774
v -3.316095 1.389476 0.662774
v -1.888831 1.346233 0.683984
v -1.874578 1.326853 0.669612
v -1.874578 1.326853 0.669612
v -1.873947 1.309406 0.671539
v -1.873947 1.309406 0.671539
v -1.900131 1.355186 0.696371
v -1.913329 1.365643 0.705875
v -1.896518 1.303303 0.699984
v -1.944630 1.384453 0.729178
v -1.904752 1.305384 0.706477
v -1.931626 1.319019 0.726804
v -1.968501 1.396116 0.747290
v -1.963733 1.334832 0.751148
v -1.981032 1.402239 0.755183
v -2.021147 1.418504 0.781753
v -2.000120 1.350412 0.779035
v -2.039631 1.364409 0.809686
v -2.057388 1.430423 0.806840
v -2.104526 1.442518 0.827896
v -2.062953 1.432253 0.809188
v -2.050031 1.367315 0.817852
v -2.079512 1.375555 0.832694
v -2.117330 1.382969 0.852084
v -2.082487 1.143463 0.847284
v -2.058522 1.127285 0.832677
v -2.110973 1.156121 0.863917
v -2.042363 1.106992 0.820721
v -2.045838 1.111356 0.824126
v -2.048407 1.064404 0.820281
v -2.066017 1.059525 0.829152
v -2.093650 1.062122 0.844210
v -2.123423 1.067224 0.860691
v -2.183726 1.451374 0.867198
v -2.144984 1.448934 0.847325
v -2.220270 1.450061 0.887180
v -2.153535 1.387224 0.870963
v -2.188778 1.389192 0.889582
v -2.210105 1.178041 0.919340
v -2.176219 1.173089 0.900677
v -2.142577 1.165836 0.881889
v -2.153972 1.072356 0.877591
v -2.184770 1.076155 0.894475
v -2.214791 1.078292 0.910759
v -2.227321 1.449095 0.891280
v -2.254124 1.445420 0.900570
v -2.284664 1.438340 0.912067
v -2.220920 1.389460 0.906733
v -2.221624 1.389466 0.906946
v -2.251117 1.388394 0.916002
v -2.280272 1.385617 0.925131
v -2.273247 1.180609 0.939816
v -2.242579 1.180678 0.930520
v -2.214671 1.178411 0.921822
v -2.218442 1.078344 0.912716
v -2.243184 1.078698 0.920258
v -2.270285 1.077329 0.928338
v -2.296838 1.074218 0.936075
v -2.310833 1.429222 0.922882
v -2.330088 1.416121 0.932856
v -2.310520 1.382075 0.934669
v -2.333166 1.384462 0.941294
v -2.333166 1.384462 0.941294
v -2.302054 1.177556 0.948241
v -2.329031 1.172071 0.955863
v -2.354348 1.164599 0.962777
v -2.324021 1.069669 0.943854
v -2.352666 1.063995 0.951963
v -2.348040 0.719131 0.830283
v -2.323504 0.718505 0.822493
v -2.323504 0.718505 0.822493
v -2.329269 0.686444 0.806420
v -2.352369 0.645456 0.790643
v -2.353816 0.642890 0.788891
v -2.338810 1.398401 0.941092
v -2.338810 1.398401 0.941092
v -2.337885 1.396116 0.941532
v -2.378627 1.154312 0.969089
v -2.401772 1.139514 0.974594
v -2.402613 1.138474 0.974743
v -2.420445 1.116432 0.974328
v -2.381798 1.057258 0.960110
v -2.404263 1.052597 0.966447
v -2.427184 1.057753 0.969212
v -2.427184 1.057753 0.969212
v -2.389508 0.701841 0.833252
v -2.430222 0.684466 0.835944
v -2.433261 0.683169 0.835550
v -2.384254 0.609219 0.769388
v -2.417900 0.584709 0.758676
v -2.430138 1.084111 0.972099
v -2.475929 0.667303 0.831272
v -2.517585 0.655234 0.828924
v -2.560406 0.647929 0.829236
v -2.596501 0.646432 0.831991
v -2.606370 0.646022 0.830800
v -2.454548 0.564821 0.751313
v -2.492593 0.548680 0.741814
v -2.446501 0.569188 0.754105
v -2.605228 0.525230 0.731943
v -2.643748 0.526428 0.729133
v -2.567863 0.528501 0.732667
v -2.596501 0.525994 0.733430
v -2.530436 0.536434 0.735491
v -3.033842 1.703158 0.736722
v -3.001018 1.706838 0.752046
v -2.974799 1.702679 0.768570
v -3.069213 1.692375 0.724319
v -3.078830 1.687936 0.721856
v -3.105436 1.675656 0.708472
v -3.210363 1.602232 0.672887
v -3.230259 1.583709 0.669304
v -3.240811 1.573886 0.664481
v -3.176754 1.629375 0.681791
v -3.141513 1.654246 0.693597
v -3.108731 1.599319 0.758298
v -3.131613 1.583709 0.750260
v -3.142939 1.575984 0.743983
v -3.072580 1.620535 0.765850
v -3.104389 1.601867 0.760108
v -3.037230 1.638343 0.774005
v -3.004457 1.652726 0.782847
v -2.976720 1.664508 0.790567
v -3.316877 1.457774 0.631455
v -3.304386 1.486475 0.633017
v -3.287820 1.516008 0.639149
v -3.325069 1.431270 0.634085
v -3.325728 1.407703 0.644497
v -3.255352 1.557746 0.658851
v -3.266692 1.545158 0.651022
v -3.256928 1.453890 0.698116
v -3.271454 1.428583 0.696078
v -3.240776 1.477723 0.702064
v -3.221442 1.502277 0.708342
v -3.198795 1.527251 0.717175
v -3.172870 1.551872 0.728836
v -3.319604 1.396116 0.657472
v -3.291204 1.396116 0.692078
v -3.285999 1.401873 0.694572
v -3.289653 1.397832 0.693152
v -3.050515 1.153597 0.880481
v -3.046328 1.198906 0.887754
v -3.034053 1.241128 0.890095
v -3.045712 1.201026 0.888319
v -3.014525 1.277385 0.896503
v -2.989077 1.305205 0.907013
v -2.974944 1.313545 0.913641
v -2.959441 1.322694 0.917406
v -2.927638 1.328659 0.926443
v -2.895835 1.322694 0.936701
v -2.866199 1.305205 0.947482
v -2.840751 1.277385 0.958051
v -2.821223 1.241128 0.967689
v -2.808948 1.198906 0.975303
v -2.804761 1.153597 0.971932
v -2.809564 1.201026 0.975333
v -3.046328 1.108288 0.877683
v -3.034053 1.066066 0.879552
v -2.808948 1.108288 0.966021
v -2.821223 1.066066 0.957973
v -3.014525 1.029809 0.885960
v -2.992687 1.005936 0.894980
v -2.989077 1.001989 0.895559
v -2.840751 1.029809 0.948335
v -2.862589 1.005936 0.939266
v -2.866199 1.001989 0.936925
v -2.970071 0.990773 0.901878
v -2.959441 0.984500 0.903124
v -2.927638 0.978535 0.910889
v -2.895835 0.984500 0.922418
v -2.899437 0.693968 0.799771
v -2.881693 0.722374 0.820945
v -2.847365 0.705210 0.821817
v -2.802639 0.685089 0.824200
v -2.684429 0.532038 0.729730
v -2.726564 0.543077 0.734639
v -2.743435 0.550032 0.738686
v -2.769032 0.560586 0.739928
v -2.810759 0.584618 0.747781
v -2.849875 0.615115 0.761944
v -2.875494 0.645456 0.780068
v -2.881421 0.652474 0.782171
v -2.654518 0.648847 0.827568
v -2.703474 0.655783 0.826454
v -2.761335 0.670596 0.828673
v -2.753110 0.667710 0.827940
vt 0.343492 0.486085
vt 0.343492 0.486085
vt 0.357283 0.484623
vt 0.357283 0.484623
vt 0.168153 0.592015
vt 0.168153 0.592015
vt 0.175116 0.604802
vt 0.175116 0.604802
vt 0.480968 0.231065
vt 0.480968 0.231065
vt 0.498249 0.230348
vt 0.493524 0.230152
vt 0.493524 0.230152
vt 0.332897 0.585561
vt 0.332897 0.585561
vt 0.318777 0.586075
vt 0.318777 0.586075
vt 0.354786 0.435150
vt 0.354786 0.435150
vt 0.342073 0.436640
vt 0.342073 0.436640
vt 0.339718 0.556964
vt 0.339718 0.556964
vt 0.324492 0.554108
vt 0.324492 0.554108
vt 0.160906 0.584000
vt 0.160906 0.584000
vt 0.165661 0.589259
vt 0.166404 0.590080
vt 0.367800 0.432972
vt 0.367800 0.432972
vt 0.149448 0.606088
vt 0.149448 0.606088
vt 0.149133 0.594806
vt 0.149133 0.594806
vt 0.153370 0.618777
vt 0.153370 0.618777
vt 0.456154 0.175582
vt 0.456154 0.175582
vt 0.475629 0.172897
vt 0.475629 0.172897
vt 0.318129 0.615085
vt 0.318129 0.615085
vt 0.321505 0.614622
vt 0.334337 0.612863
vt 0.334337 0.612863
vt 0.317070 0.549728
vt 0.310304 0.545735
vt 0.310304 0.545735
vt 0.435981 0.180867
vt 0.435981 0.180867
vt 0.348957 0.609473
vt 0.348957 0.609473
vt 0.328809 0.486118
vt 0.328809 0.486118
vt 0.447036 0.234825
vt 0.447036 0.234825
vt 0.423272 0.240535
vt 0.423272 0.240535
vt 0.370704 0.598836
vt 0.370704 0.598836
vt 0.374880 0.590352
vt 0.374880 0.590352
vt 0.313263 0.484855
vt 0.313263 0.484855
vt 0.315448 0.485033
vt 0.298120 0.532416
vt 0.298120 0.532416
vt 0.177396 0.660612
vt 0.177396 0.660612
vt 0.167281 0.646657
vt 0.167281 0.646657
vt 0.470473 0.231505
vt 0.470473 0.231505
vt 0.374880 0.590352
vt 0.374880 0.590352
vt 0.374437 0.589259
vt 0.372178 0.583679
vt 0.372178 0.583679
vt 0.329099 0.437295
vt 0.329099 0.437295
vt 0.317254 0.437126
vt 0.315506 0.437101
vt 0.315506 0.437101
vt 0.189787 0.674366
vt 0.189787 0.674366
vt 0.182825 0.666638
vt 0.372178 0.583679
vt 0.372178 0.583679
vt 0.361336 0.582537
vt 0.361336 0.582537
vt 0.288772 0.515058
vt 0.288772 0.515058
vt 0.199060 0.640083
vt 0.199060 0.640083
vt 0.209902 0.652039
vt 0.209902 0.652039
vt 0.346855 0.584232
vt 0.346855 0.584232
vt 0.189803 0.628328
vt 0.189803 0.628328
vt 0.415650 0.189250
vt 0.415650 0.189250
vt 0.427905 0.184197
vt 0.361486 0.605108
vt 0.361486 0.605108
vt 0.283190 0.495859
vt 0.282895 0.494845
vt 0.282895 0.494845
vt 0.395673 0.200755
vt 0.395673 0.200755
vt 0.297040 0.482484
vt 0.297040 0.482484
vt 0.399561 0.248856
vt 0.399561 0.248856
vt 0.378148 0.258488
vt 0.378148 0.258488
vt 0.280934 0.479012
vt 0.280934 0.479012
vt 0.280890 0.473153
vt 0.280890 0.473153
vt 0.204364 0.687936
vt 0.204364 0.687936
vt 0.194838 0.679069
vt 0.419335 0.241917
vt 0.301133 0.436078
vt 0.301133 0.436078
vt 0.286389 0.434259
vt 0.286389 0.434259
vt 0.220454 0.700931
vt 0.220454 0.700931
vt 0.353219 0.253106
vt 0.353219 0.253106
vt 0.361844 0.233241
vt 0.361844 0.233241
vt 0.282085 0.614545
vt 0.282085 0.614545
vt 0.300634 0.615713
vt 0.300634 0.615713
vt 0.282895 0.451461
vt 0.282895 0.451461
vt 0.222313 0.663826
vt 0.222313 0.663826
vt 0.236643 0.675370
vt 0.236643 0.675370
vt 0.352700 0.266745
vt 0.352700 0.266745
vt 0.376947 0.215355
vt 0.376947 0.215355
vt 0.318440 0.586072
vt 0.303052 0.585944
vt 0.303052 0.585944
vt 0.288772 0.431247
vt 0.288772 0.431247
vt 0.364681 0.229881
vt 0.286180 0.585001
vt 0.286180 0.585001
vt 0.265803 0.474361
vt 0.265803 0.474361
vt 0.361714 0.266706
vt 0.361714 0.266706
vt 0.352700 0.266745
vt 0.352700 0.266745
vt 0.252165 0.468301
vt 0.252165 0.468301
vt 0.298120 0.413890
vt 0.298120 0.413890
vt 0.237325 0.712838
vt 0.237325 0.712838
vt 0.271764 0.431802
vt 0.271764 0.431802
vt 0.257510 0.429359
vt 0.257510 0.429359
vt 0.254597 0.723088
vt 0.254597 0.723088
vt 0.242813 0.606559
vt 0.242813 0.606559
vt 0.262717 0.611473
vt 0.262717 0.611473
vt 0.308575 0.402460
vt 0.310304 0.400571
vt 0.310304 0.400571
vt 0.253020 0.686542
vt 0.253020 0.686542
vt 0.255098 0.687761
vt 0.270327 0.696699
vt 0.270327 0.696699
vt 0.230758 0.439619
vt 0.230758 0.439619
vt 0.232956 0.450841
vt 0.232956 0.450841
vt 0.242065 0.679069
vt 0.268846 0.582964
vt 0.268846 0.582964
vt 0.234499 0.430826
vt 0.234499 0.430826
vt 0.230758 0.439619
vt 0.230758 0.439619
vt 0.319403 0.395201
vt 0.324492 0.392198
vt 0.324492 0.392198
vt 0.250741 0.579415
vt 0.250741 0.579415
vt 0.240693 0.460556
vt 0.240693 0.460556
vt 0.234620 0.452930
vt 0.339718 0.389342
vt 0.339718 0.389342
vt 0.271939 0.731092
vt 0.271939 0.731092
vt 0.267335 0.728967
vt 0.244281 0.428116
vt 0.244281 0.428116
vt 0.235850 0.430452
vt 0.234499 0.430826
vt 0.234499 0.430826
vt 0.288873 0.736255
vt 0.288873 0.736255
vt 0.203594 0.592190
vt 0.203594 0.592190
vt 0.222799 0.599977
vt 0.222799 0.599977
vt 0.354943 0.392198
vt 0.354943 0.392198
vt 0.287251 0.705224
vt 0.287251 0.705224
vt 0.302941 0.712110
vt 0.302941 0.712110
vt 0.240150 0.605683
vt 0.236627 0.575470
vt 0.231648 0.574079
vt 0.231648 0.574079
vt 0.369131 0.400571
vt 0.369131 0.400571
vt 0.324177 0.730351
vt 0.324177 0.730351
vt 0.317140 0.736025
vt 0.317140 0.736025
vt 0.212733 0.567378
vt 0.212733 0.567378
vt 0.420098 0.247936
vt 0.420098 0.247936
vt 0.440525 0.240340
vt 0.440525 0.240340
vt 0.324239 0.723521
vt 0.324239 0.723521
vt 0.324177 0.730351
vt 0.324177 0.730351
vt 0.399151 0.256875
vt 0.399151 0.256875
vt 0.418643 0.248557
vt 0.370860 0.402460
vt 0.381315 0.413890
vt 0.381315 0.413890
vt 0.304587 0.738016
vt 0.304587 0.738016
vt 0.171181 0.574670
vt 0.171181 0.574670
vt 0.186167 0.583675
vt 0.186167 0.583675
vt 0.390664 0.431247
vt 0.390664 0.431247
vt 0.316220 0.717750
vt 0.316220 0.717750
vt 0.324239 0.723521
vt 0.324239 0.723521
vt 0.197595 0.589259
vt 0.430289 0.191277
vt 0.430289 0.191277
vt 0.426436 0.193368
vt 0.412744 0.200799
vt 0.412744 0.200799
vt 0.195312 0.559919
vt 0.195312 0.559919
vt 0.448503 0.183550
vt 0.448503 0.183550
vt 0.396540 0.451461
vt 0.396540 0.451461
vt 0.179941 0.552348
vt 0.179941 0.552348
vt 0.370312 0.249504
vt 0.370312 0.249504
vt 0.367552 0.264853
vt 0.367552 0.264853
vt 0.157497 0.543400
vt 0.157497 0.543400
vt 0.152327 0.547746
vt 0.152327 0.547746
vt 0.382063 0.228653
vt 0.382063 0.228653
vt 0.381371 0.229881
vt 0.398545 0.473153
vt 0.398545 0.473153
vt 0.381513 0.430256
vt 0.381513 0.430256
vt 0.152327 0.547746
vt 0.152327 0.547746
vt 0.152630 0.556099
vt 0.152630 0.556099
vt 0.379298 0.265153
vt 0.379298 0.265153
vt 0.395460 0.427031
vt 0.395460 0.427031
vt 0.152630 0.556099
vt 0.152630 0.556099
vt 0.159453 0.565377
vt 0.159453 0.565377
vt 0.367552 0.264853
vt 0.367552 0.264853
vt 0.396540 0.494845
vt 0.396540 0.494845
vt 0.164863 0.569664
vt 0.396636 0.212533
vt 0.396636 0.212533
vt 0.167075 0.545820
vt 0.167075 0.545820
vt 0.396246 0.495859
vt 0.390664 0.515058
vt 0.390664 0.515058
vt 0.382319 0.478420
vt 0.382319 0.478420
vt 0.393942 0.473495
vt 0.393942 0.473495
vt 0.163133 0.544825
vt 0.157497 0.543400
vt 0.157497 0.543400
vt 0.370198 0.481997
vt 0.370198 0.481997
vt 0.381315 0.532416
vt 0.381315 0.532416
vt 0.418603 0.439887
vt 0.418603 0.439887
vt 0.417188 0.427268
vt 0.417188 0.427268
vt 0.466620 0.177687
vt 0.466620 0.177687
vt 0.413962 0.455360
vt 0.413962 0.455360
vt 0.182070 0.616918
vt 0.182070 0.616918
vt 0.484538 0.173889
vt 0.484538 0.173889
vt 0.369131 0.545735
vt 0.369131 0.545735
vt 0.408430 0.424340
vt 0.408430 0.424340
vt 0.406215 0.424799
vt 0.460468 0.234562
vt 0.460468 0.234562
vt 0.417188 0.427268
vt 0.417188 0.427268
vt 0.408430 0.424340
vt 0.408430 0.424340
vt 0.354943 0.554108
vt 0.354943 0.554108
vt 0.405023 0.466411
vt 0.405023 0.466411
vt 0.405425 0.465913
vt 0.159350 0.632518
vt 0.159350 0.632518
vt 0.494071 0.172323
vt 0.494071 0.172323
vt 0.498249 0.172689
vt 0.153745 0.586080
vt 0.153745 0.586080
vt 0.160906 0.584000
vt 0.160906 0.584000
vt 0.152064 0.589259
vt 0.153745 0.586080
vt 0.153745 0.586080
vt 0.091676 0.105796
vt 0.091676 0.113254
vt 0.098674 0.113254
vt 0.099452 0.105796
vt 0.091676 0.049430
vt 0.091676 0.053417
vt 0.096352 0.053417
vt 0.094897 0.049430
vt 0.091676 0.097703
vt 0.099931 0.097703
vt 0.091676 0.046975
vt 0.093318 0.046975
vt 0.091676 0.089287
vt 0.100093 0.089287
vt 0.091676 0.131598
vt 0.091676 0.132427
vt 0.093318 0.131598
vt 0.091676 0.046146
vt 0.091676 0.080871
vt 0.099931 0.080871
vt 0.091676 0.129143
vt 0.094897 0.129143
vt 0.091676 0.072778
vt 0.099452 0.072778
vt 0.091676 0.125157
vt 0.096352 0.125157
vt 0.091676 0.065319
vt 0.098674 0.065319
vt 0.091676 0.119792
vt 0.097628 0.119792
vt 0.091676 0.058782
vt 0.097628 0.058782
vt 0.103350 0.119792
vt 0.105403 0.113254
vt 0.103350 0.058782
vt 0.100848 0.053417
vt 0.106929 0.105796
vt 0.097994 0.049430
vt 0.107868 0.097703
vt 0.094897 0.046975
vt 0.108185 0.089287
vt 0.094897 0.131598
vt 0.107868 0.080871
vt 0.097994 0.129143
vt 0.106929 0.072778
vt 0.100848 0.125157
vt 0.105403 0.065319
vt 0.115644 0.089287
vt 0.115183 0.080871
vt 0.096352 0.131598
vt 0.100848 0.129143
vt 0.113819 0.072778
vt 0.104992 0.125157
vt 0.111605 0.065319
vt 0.108624 0.119792
vt 0.108624 0.058782
vt 0.111605 0.113254
vt 0.104992 0.053417
vt 0.113819 0.105796
vt 0.100848 0.049430
vt 0.115183 0.097703
vt 0.096352 0.046975
vt 0.113247 0.058782
vt 0.108624 0.053417
vt 0.117040 0.113254
vt 0.119859 0.105796
vt 0.103350 0.049430
vt 0.121595 0.097703
vt 0.097628 0.046975
vt 0.122181 0.089287
vt 0.097628 0.131598
vt 0.121595 0.080871
vt 0.103350 0.129143
vt 0.119859 0.072778
vt 0.108624 0.125157
vt 0.117040 0.065319
vt 0.113247 0.119792
vt 0.098674 0.131598
vt 0.105403 0.129143
vt 0.126857 0.080871
vt 0.124816 0.072778
vt 0.111605 0.125157
vt 0.121501 0.065319
vt 0.117040 0.119792
vt 0.117040 0.058782
vt 0.121501 0.113254
vt 0.111605 0.053417
vt 0.124816 0.105796
vt 0.105403 0.049430
vt 0.126857 0.097703
vt 0.098674 0.046975
vt 0.127546 0.089287
vt 0.124816 0.113254
vt 0.128499 0.105796
vt 0.113819 0.053417
vt 0.106929 0.049430
vt 0.130767 0.097703
vt 0.099452 0.046975
vt 0.131533 0.089287
vt 0.099452 0.131598
vt 0.130767 0.080871
vt 0.106929 0.129143
vt 0.128499 0.072778
vt 0.113819 0.125157
vt 0.124816 0.065319
vt 0.119859 0.119792
vt 0.119859 0.058782
vt 0.133175 0.080871
vt 0.130767 0.072778
vt 0.107868 0.129143
vt 0.115183 0.125157
vt 0.126857 0.065319
vt 0.121595 0.119792
vt 0.121595 0.058782
vt 0.126857 0.113254
vt 0.115183 0.053417
vt 0.130767 0.105796
vt 0.107868 0.049430
vt 0.133175 0.097703
vt 0.099931 0.046975
vt 0.133988 0.089287
vt 0.099931 0.131598
vt 0.115644 0.053417
vt 0.108185 0.049430
vt 0.131533 0.105796
vt 0.133988 0.097703
vt 0.100093 0.046975
vt 0.134817 0.089287
vt 0.100093 0.131598
vt 0.133988 0.080871
vt 0.108185 0.129143
vt 0.131533 0.072778
vt 0.115644 0.125157
vt 0.127546 0.065319
vt 0.122181 0.119792
vt 0.122181 0.058782
vt 0.127546 0.113254
vt 0.100184 0.229881
vt 0.055943 0.312650
vt 0.064442 0.312650
vt 0.107833 0.229881
vt 0.159723 0.834386
vt 0.232271 0.893924
vt 0.237381 0.893924
vt 0.166227 0.834386
vt 0.159723 0.157333
vt 0.166227 0.157333
vt 0.100184 0.761838
vt 0.107833 0.761838
vt 0.232271 0.097795
vt 0.237381 0.097795
vt 0.055943 0.679068
vt 0.064442 0.679068
vt 0.315040 0.053554
vt 0.318560 0.053554
vt 0.028700 0.589259
vt 0.037722 0.589259
vt 0.404850 0.026310
vt 0.406644 0.026310
vt 0.019501 0.495859
vt 0.028700 0.495859
vt 0.404850 0.965409
vt 0.498249 0.974608
vt 0.406644 0.965409
vt 0.498249 0.017111
vt 0.028700 0.402460
vt 0.037722 0.402460
vt 0.315040 0.938166
vt 0.318560 0.938166
vt 0.328986 0.053554
vt 0.411959 0.026310
vt 0.064442 0.589259
vt 0.055943 0.495859
vt 0.411959 0.965409
vt 0.064442 0.402460
vt 0.328986 0.938166
vt 0.089612 0.312650
vt 0.252517 0.893924
vt 0.130485 0.229881
vt 0.185492 0.834386
vt 0.185492 0.157333
vt 0.130485 0.761838
vt 0.252517 0.097795
vt 0.089612 0.679068
vt 0.277096 0.893924
vt 0.216775 0.834386
vt 0.167270 0.229881
vt 0.216775 0.157333
vt 0.167270 0.761838
vt 0.277096 0.097795
vt 0.130485 0.679069
vt 0.345916 0.053554
vt 0.107833 0.589259
vt 0.420590 0.026310
vt 0.100184 0.495859
vt 0.420590 0.965409
vt 0.107833 0.402460
vt 0.345916 0.938166
vt 0.130485 0.312650
vt 0.166228 0.589259
vt 0.164863 0.569664
vt 0.159453 0.565377
vt 0.152630 0.556099
vt 0.152327 0.547746
vt 0.157497 0.543400
vt 0.163133 0.544825
vt 0.159723 0.495859
vt 0.432206 0.965409
vt 0.432206 0.026310
vt 0.166228 0.402460
vt 0.368701 0.938166
vt 0.185492 0.312650
vt 0.310174 0.893924
vt 0.216775 0.229881
vt 0.258875 0.834386
vt 0.258875 0.157333
vt 0.216775 0.761838
vt 0.310174 0.097795
vt 0.185492 0.679069
vt 0.368701 0.053554
vt 0.277096 0.229881
vt 0.310174 0.157333
vt 0.310174 0.834386
vt 0.277096 0.761838
vt 0.350479 0.097795
vt 0.252517 0.679069
vt 0.396464 0.053554
vt 0.240150 0.605683
vt 0.222799 0.599977
vt 0.203594 0.592190
vt 0.197595 0.589259
vt 0.446359 0.026310
vt 0.167075 0.545820
vt 0.179941 0.552348
vt 0.195312 0.559919
vt 0.212733 0.567378
vt 0.231648 0.574079
vt 0.236627 0.575470
vt 0.232271 0.495859
vt 0.446359 0.965409
vt 0.234620 0.452930
vt 0.232956 0.450841
vt 0.230758 0.439619
vt 0.234499 0.430826
vt 0.235850 0.430452
vt 0.237382 0.402460
vt 0.396464 0.938166
vt 0.252517 0.312650
vt 0.350479 0.893924
vt 0.462507 0.965409
vt 0.462507 0.026310
vt 0.244281 0.428116
vt 0.257510 0.429359
vt 0.271764 0.431802
vt 0.286389 0.434259
vt 0.301133 0.436078
vt 0.315506 0.437101
vt 0.317254 0.437126
vt 0.318560 0.402460
vt 0.428138 0.938166
vt 0.328986 0.312650
vt 0.396464 0.893924
vt 0.345916 0.229881
vt 0.368701 0.834386
vt 0.368701 0.157333
vt 0.345916 0.761838
vt 0.396464 0.097795
vt 0.328986 0.679069
vt 0.428138 0.053554
vt 0.250741 0.579415
vt 0.268846 0.582964
vt 0.286180 0.585001
vt 0.303052 0.585944
vt 0.318440 0.586072
vt 0.315040 0.495859
vt 0.432206 0.834386
vt 0.420591 0.761838
vt 0.432206 0.157333
vt 0.446359 0.097795
vt 0.411959 0.679069
vt 0.462507 0.053554
vt 0.480028 0.026310
vt 0.318777 0.586075
vt 0.332897 0.585561
vt 0.346855 0.584232
vt 0.361336 0.582537
vt 0.372178 0.583679
vt 0.374437 0.589259
vt 0.406645 0.589259
vt 0.404850 0.495859
vt 0.480028 0.965409
vt 0.329099 0.437295
vt 0.342073 0.436640
vt 0.354786 0.435150
vt 0.367800 0.432972
vt 0.381513 0.430256
vt 0.395460 0.427031
vt 0.406215 0.424799
vt 0.406645 0.402460
vt 0.462507 0.938166
vt 0.411959 0.312650
vt 0.446359 0.893924
vt 0.418643 0.248557
vt 0.399151 0.256875
vt 0.379298 0.265153
vt 0.367552 0.264853
vt 0.370312 0.249504
vt 0.381371 0.229881
vt 0.382063 0.228653
vt 0.396636 0.212533
vt 0.412744 0.200799
vt 0.426436 0.193368
vt 0.408430 0.424340
vt 0.417188 0.427268
vt 0.418603 0.439887
vt 0.413962 0.455360
vt 0.405425 0.465913
vt 0.498249 0.495859
vt 0.498249 0.402460
vt 0.498249 0.965409
vt 0.498249 0.938166
vt 0.498249 0.312650
vt 0.498249 0.893924
vt 0.498249 0.834386
vt 0.430289 0.191277
vt 0.448503 0.183550
vt 0.466620 0.177687
vt 0.484538 0.173889
vt 0.498249 0.172689
vt 0.498249 0.157333
vt 0.498249 0.761838
vt 0.498249 0.097795
vt 0.498249 0.679069
vt 0.498249 0.053554
vt 0.498249 0.589259
vt 0.498249 0.026310
vt 0.432206 0.157333
vt 0.446359 0.097795
vt 0.420590 0.761838
vt 0.411959 0.679069
vt 0.462506 0.053554
vt 0.406644 0.589259
vt 0.480028 0.026310
vt 0.404850 0.495859
vt 0.480028 0.965409
vt 0.406644 0.402460
vt 0.462506 0.938166
vt 0.411959 0.312650
vt 0.446359 0.893924
vt 0.432206 0.834386
vt 0.494071 0.172323
vt 0.475629 0.172897
vt 0.456154 0.175582
vt 0.435981 0.180867
vt 0.427905 0.184197
vt 0.370860 0.402460
vt 0.369131 0.400571
vt 0.354943 0.392198
vt 0.339718 0.389342
vt 0.324492 0.392198
vt 0.319403 0.395201
vt 0.328986 0.312650
vt 0.428138 0.938166
vt 0.396463 0.893924
vt 0.368701 0.834386
vt 0.415650 0.189250
vt 0.395673 0.200755
vt 0.376947 0.215355
vt 0.364681 0.229881
vt 0.345916 0.229881
vt 0.368701 0.157333
vt 0.345916 0.761838
vt 0.396463 0.097795
vt 0.328986 0.679069
vt 0.428138 0.053554
vt 0.318560 0.589259
vt 0.462506 0.026310
vt 0.317070 0.549728
vt 0.324492 0.554108
vt 0.339718 0.556964
vt 0.354943 0.554108
vt 0.369131 0.545735
vt 0.381315 0.532416
vt 0.390664 0.515058
vt 0.396246 0.495859
vt 0.462506 0.965409
vt 0.396540 0.494845
vt 0.398545 0.473153
vt 0.396540 0.451461
vt 0.390664 0.431247
vt 0.381315 0.413890
vt 0.350479 0.097795
vt 0.396463 0.053554
vt 0.252517 0.679069
vt 0.237381 0.589259
vt 0.446359 0.026310
vt 0.446359 0.965409
vt 0.396463 0.938166
vt 0.310304 0.400571
vt 0.308575 0.402460
vt 0.237381 0.402460
vt 0.252517 0.312650
vt 0.350479 0.893924
vt 0.277096 0.229881
vt 0.310174 0.834386
vt 0.310174 0.157333
vt 0.277096 0.761838
vt 0.267335 0.728967
vt 0.271939 0.731092
vt 0.288873 0.736255
vt 0.304587 0.738016
vt 0.317140 0.736025
vt 0.324177 0.730351
vt 0.324239 0.723521
vt 0.316220 0.717750
vt 0.302941 0.712110
vt 0.287251 0.705224
vt 0.270327 0.696699
vt 0.255098 0.687761
vt 0.368701 0.938166
vt 0.310174 0.893924
vt 0.185491 0.312650
vt 0.216775 0.229881
vt 0.258875 0.834386
vt 0.258875 0.157333
vt 0.216775 0.761838
vt 0.310174 0.097795
vt 0.253020 0.686542
vt 0.242065 0.679069
vt 0.368701 0.053554
vt 0.236643 0.675370
vt 0.222313 0.663826
vt 0.209902 0.652039
vt 0.199060 0.640083
vt 0.189803 0.628328
vt 0.182070 0.616918
vt 0.175116 0.604802
vt 0.168153 0.592015
vt 0.166404 0.590080
vt 0.166228 0.589259
vt 0.432206 0.026310
vt 0.232271 0.495859
vt 0.159723 0.495859
vt 0.432206 0.965409
vt 0.166228 0.402460
vt 0.165661 0.589259
vt 0.345916 0.053554
vt 0.420590 0.026310
vt 0.160906 0.584000
vt 0.153745 0.586080
vt 0.152064 0.589259
vt 0.107833 0.589259
vt 0.100184 0.495859
vt 0.420590 0.965409
vt 0.107833 0.402460
vt 0.345916 0.938166
vt 0.130485 0.312650
vt 0.277096 0.893924
vt 0.167270 0.229881
vt 0.216774 0.834386
vt 0.216774 0.157333
vt 0.167270 0.761838
vt 0.277096 0.097795
vt 0.185492 0.679069
vt 0.130485 0.679069
vt 0.089612 0.312650
vt 0.130485 0.229881
vt 0.252517 0.893924
vt 0.185492 0.834386
vt 0.185492 0.157333
vt 0.130485 0.761838
vt 0.252517 0.097795
vt 0.089612 0.679068
vt 0.328986 0.053554
vt 0.064442 0.589259
vt 0.411959 0.026310
vt 0.055944 0.495859
vt 0.411959 0.965409
vt 0.064442 0.402460
vt 0.328986 0.938166
vt 0.318560 0.053554
vt 0.406644 0.026310
vt 0.037722 0.589259
vt 0.028700 0.495859
vt 0.406644 0.965409
vt 0.037722 0.402460
vt 0.318560 0.938166
vt 0.064442 0.312650
vt 0.237381 0.893924
vt 0.107833 0.229881
vt 0.166228 0.834386
vt 0.166228 0.157333
vt 0.107833 0.761838
vt 0.237381 0.097795
vt 0.064442 0.679068
vt 0.232271 0.893924
vt 0.159723 0.834386
vt 0.100184 0.229881
vt 0.159723 0.157333
vt 0.100184 0.761838
vt 0.232271 0.097795
vt 0.055943 0.679068
vt 0.315040 0.053554
vt 0.028700 0.589259
vt 0.404850 0.026310
vt 0.019501 0.495859
vt 0.404850 0.965409
vt 0.028700 0.402460
vt 0.315040 0.938166
vt 0.055943 0.312650
vt 0.048536 0.089287
vt 0.049365 0.097703
vt 0.050178 0.097703
vt 0.049365 0.089287
vt 0.083260 0.131598
vt 0.083422 0.131598
vt 0.083260 0.046975
vt 0.083422 0.046975
vt 0.049365 0.080871
vt 0.050178 0.080871
vt 0.075167 0.129143
vt 0.075484 0.129143
vt 0.051820 0.072778
vt 0.052586 0.072778
vt 0.067709 0.125157
vt 0.068169 0.125157
vt 0.055806 0.065319
vt 0.056496 0.065319
vt 0.061171 0.119792
vt 0.061758 0.119792
vt 0.061171 0.058782
vt 0.061758 0.058782
vt 0.055806 0.113254
vt 0.056496 0.113254
vt 0.067709 0.053417
vt 0.068169 0.053417
vt 0.051820 0.105796
vt 0.052586 0.105796
vt 0.075167 0.049430
vt 0.075484 0.049430
vt 0.058537 0.065319
vt 0.063493 0.058782
vt 0.063493 0.119792
vt 0.058537 0.113254
vt 0.069533 0.053417
vt 0.054854 0.105796
vt 0.076424 0.049430
vt 0.052586 0.097703
vt 0.083901 0.046975
vt 0.051820 0.089287
vt 0.083901 0.131598
vt 0.052586 0.080871
vt 0.076424 0.129143
vt 0.054854 0.072778
vt 0.069533 0.125157
vt 0.084678 0.046975
vt 0.055806 0.089287
vt 0.056496 0.080871
vt 0.084678 0.131598
vt 0.077949 0.129143
vt 0.058537 0.072778
vt 0.071748 0.125157
vt 0.061852 0.065319
vt 0.066312 0.119792
vt 0.066312 0.058782
vt 0.061852 0.113254
vt 0.071748 0.053417
vt 0.058537 0.105796
vt 0.077949 0.049430
vt 0.056496 0.097703
vt 0.070106 0.058782
vt 0.074729 0.053417
vt 0.066312 0.113254
vt 0.063493 0.105796
vt 0.080003 0.049430
vt 0.061758 0.097703
vt 0.085725 0.046975
vt 0.061171 0.089287
vt 0.085725 0.131598
vt 0.061758 0.080871
vt 0.080003 0.129143
vt 0.063493 0.072778
vt 0.074729 0.125157
vt 0.066312 0.065319
vt 0.070106 0.119792
vt 0.087000 0.131598
vt 0.082504 0.129143
vt 0.068169 0.080871
vt 0.069533 0.072778
vt 0.078361 0.125157
vt 0.071748 0.065319
vt 0.074729 0.119792
vt 0.074729 0.058782
vt 0.071748 0.113254
vt 0.078361 0.053417
vt 0.069533 0.105796
vt 0.082504 0.049430
vt 0.068169 0.097703
vt 0.087000 0.046975
vt 0.067709 0.089287
vt 0.077949 0.113254
vt 0.076424 0.105796
vt 0.082504 0.053417
vt 0.085359 0.049430
vt 0.075484 0.097703
vt 0.088456 0.046975
vt 0.075167 0.089287
vt 0.088456 0.131598
vt 0.075484 0.080871
vt 0.085359 0.129143
vt 0.076424 0.072778
vt 0.082504 0.125157
vt 0.077949 0.065319
vt 0.080003 0.119792
vt 0.080003 0.058782
vt 0.083422 0.080871
vt 0.083901 0.072778
vt 0.088456 0.129143
vt 0.087001 0.125157
vt 0.084678 0.065319
vt 0.085725 0.119792
vt 0.085725 0.058782
vt 0.084678 0.113254
vt 0.087001 0.053417
vt 0.083901 0.105796
vt 0.088456 0.049430
vt 0.083422 0.097703
vt 0.090034 0.046975
vt 0.083260 0.089287
vt 0.090034 0.131598
vt 0.186167 0.583675
vt 0.171181 0.574670
vt 0.182825 0.666638
vt 0.189787 0.674366
vt 0.194838 0.679069
vt 0.321505 0.614622
vt 0.318129 0.615085
vt 0.300634 0.615713
vt 0.282085 0.614545
vt 0.262717 0.611473
vt 0.242813 0.606559
vt 0.204364 0.687936
vt 0.220454 0.700931
vt 0.237325 0.712838
vt 0.254597 0.723088
vt 0.419335 0.241917
vt 0.423272 0.240535
vt 0.447036 0.234825
vt 0.470473 0.231505
vt 0.493524 0.230152
vt 0.498249 0.230348
vt 0.149133 0.594806
vt 0.149448 0.606088
vt 0.153370 0.618777
vt 0.159350 0.632518
vt 0.167281 0.646657
vt 0.177396 0.660612
vt 0.405023 0.466411
vt 0.393942 0.473495
vt 0.382319 0.478420
vt 0.370198 0.481997
vt 0.357283 0.484623
vt 0.343492 0.486085
vt 0.328809 0.486118
vt 0.315448 0.485033
vt 0.298120 0.413890
vt 0.288772 0.431247
vt 0.282895 0.451461
vt 0.280890 0.473153
vt 0.282895 0.494845
vt 0.283190 0.495859
vt 0.374880 0.590352
vt 0.370704 0.598836
vt 0.361486 0.605108
vt 0.348957 0.609473
vt 0.334337 0.612863
vt 0.480968 0.231065
vt 0.460468 0.234562
vt 0.440525 0.240340
vt 0.420098 0.247936
vt 0.361844 0.233241
vt 0.353219 0.253106
vt 0.352700 0.266745
vt 0.361714 0.266706
vt 0.378148 0.258488
vt 0.399561 0.248856
vt 0.313263 0.484855
vt 0.297040 0.482484
vt 0.280934 0.479012
vt 0.265803 0.474361
vt 0.252165 0.468301
vt 0.240693 0.460556
vt 0.288772 0.515058
vt 0.298120 0.532416
vt 0.310304 0.545735
vt 0.339718 0.473153
vt 0.339718 0.556964
vt 0.324492 0.554108
vt 0.310304 0.545735
vt 0.298120 0.532416
vt 0.288772 0.515058
vt 0.282895 0.494845
vt 0.280890 0.473153
vt 0.282895 0.451461
vt 0.288772 0.431247
vt 0.298120 0.413890
vt 0.310304 0.400571
vt 0.324492 0.392198
vt 0.339718 0.389342
vt 0.354943 0.392198
vt 0.369131 0.400571
vt 0.381315 0.413890
vt 0.390664 0.431247
vt 0.396540 0.451461
vt 0.398545 0.473153
vt 0.396540 0.494845
vt 0.390664 0.515058
vt 0.381315 0.532416
vt 0.369131 0.545735
vt 0.354943 0.554108
vt 0.346855 0.584232
vt 0.332897 0.585561
vt 0.333616 0.599212
vt 0.347906 0.596853
vt 0.318777 0.586075
vt 0.318453 0.600580
vt 0.318129 0.615085
vt 0.334337 0.612863
vt 0.348957 0.609473
vt 0.361801 0.593719
vt 0.361336 0.582537
vt 0.361486 0.605108
vt 0.370704 0.598836
vt 0.374880 0.590352
vt 0.372178 0.583679
vt 0.301843 0.600829
vt 0.300634 0.615713
vt 0.303052 0.585944
vt 0.286180 0.585001
vt 0.284133 0.599773
vt 0.282085 0.614545
vt 0.265782 0.597219
vt 0.262717 0.611473
vt 0.268846 0.582964
vt 0.250741 0.579415
vt 0.246777 0.592987
vt 0.242813 0.606559
vt 0.227224 0.587028
vt 0.222799 0.599977
vt 0.231648 0.574079
vt 0.212733 0.567378
vt 0.208163 0.579784
vt 0.203594 0.592190
vt 0.190739 0.571797
vt 0.186167 0.583675
vt 0.195312 0.559919
vt 0.179941 0.552348
vt 0.175561 0.563509
vt 0.171181 0.574670
vt 0.162954 0.555371
vt 0.159453 0.565377
vt 0.167075 0.545820
vt 0.157497 0.543400
vt 0.152327 0.547746
vt 0.152630 0.556099
vt 0.175116 0.604802
vt 0.182070 0.616918
vt 0.170710 0.624718
vt 0.164243 0.611790
vt 0.189803 0.628328
vt 0.178542 0.637492
vt 0.167281 0.646657
vt 0.159350 0.632518
vt 0.153370 0.618777
vt 0.158656 0.598674
vt 0.168153 0.592015
vt 0.149448 0.606088
vt 0.149133 0.594806
vt 0.153745 0.586080
vt 0.160906 0.584000
vt 0.188228 0.650347
vt 0.177396 0.660612
vt 0.199060 0.640083
vt 0.209902 0.652039
vt 0.199844 0.663202
vt 0.189787 0.674366
vt 0.213338 0.675881
vt 0.204364 0.687936
vt 0.222313 0.663826
vt 0.236643 0.675370
vt 0.228548 0.688150
vt 0.220454 0.700931
vt 0.245173 0.699690
vt 0.237325 0.712838
vt 0.253020 0.686542
vt 0.270327 0.696699
vt 0.262462 0.709893
vt 0.254597 0.723088
vt 0.279595 0.718158
vt 0.271939 0.731092
vt 0.287251 0.705224
vt 0.302941 0.712110
vt 0.295907 0.724182
vt 0.288873 0.736255
vt 0.310799 0.727949
vt 0.304587 0.738016
vt 0.316220 0.717750
vt 0.324239 0.723521
vt 0.324177 0.730351
vt 0.317140 0.736025
vt 0.395460 0.427031
vt 0.381513 0.430256
vt 0.381916 0.454338
vt 0.394701 0.450263
vt 0.367800 0.432972
vt 0.368999 0.457485
vt 0.370198 0.481997
vt 0.382319 0.478420
vt 0.393942 0.473495
vt 0.407070 0.445213
vt 0.408430 0.424340
vt 0.405023 0.466411
vt 0.413962 0.455360
vt 0.418603 0.439887
vt 0.417188 0.427268
vt 0.356034 0.459887
vt 0.357283 0.484623
vt 0.354786 0.435150
vt 0.342073 0.436640
vt 0.342783 0.461362
vt 0.343492 0.486085
vt 0.328954 0.461706
vt 0.328809 0.486118
vt 0.329099 0.437295
vt 0.315506 0.437101
vt 0.314384 0.460978
vt 0.313263 0.484855
vt 0.299087 0.459281
vt 0.297040 0.482484
vt 0.301133 0.436078
vt 0.286389 0.434259
vt 0.283661 0.456635
vt 0.280934 0.479012
vt 0.268783 0.453082
vt 0.265803 0.474361
vt 0.271764 0.431802
vt 0.257510 0.429359
vt 0.254838 0.448830
vt 0.252165 0.468301
vt 0.242149 0.444198
vt 0.240693 0.460556
vt 0.244281 0.428116
vt 0.234499 0.430826
vt 0.230758 0.439619
vt 0.232956 0.450841
vt 0.399151 0.256875
vt 0.420098 0.247936
vt 0.425193 0.219607
vt 0.405948 0.228837
vt 0.440525 0.240340
vt 0.444514 0.211945
vt 0.448503 0.183550
vt 0.430289 0.191277
vt 0.412744 0.200799
vt 0.387457 0.239155
vt 0.379298 0.265153
vt 0.396636 0.212533
vt 0.382063 0.228653
vt 0.370312 0.249504
vt 0.367552 0.264853
vt 0.463544 0.206125
vt 0.466620 0.177687
vt 0.460468 0.234562
vt 0.480968 0.231065
vt 0.482754 0.202477
vt 0.484538 0.173889
vt 0.493798 0.201238
vt 0.494071 0.172323
vt 0.493524 0.230152
vt 0.470473 0.231505
vt 0.473051 0.202201
vt 0.475629 0.172897
vt 0.451595 0.205204
vt 0.456154 0.175582
vt 0.447036 0.234825
vt 0.423272 0.240535
vt 0.429627 0.210701
vt 0.435981 0.180867
vt 0.407605 0.219053
vt 0.415650 0.189250
vt 0.399561 0.248856
vt 0.378148 0.258488
vt 0.386910 0.229622
vt 0.395673 0.200755
vt 0.368870 0.241384
vt 0.376947 0.215355
vt 0.361714 0.266706
vt 0.352700 0.266745
vt 0.353219 0.253106
vt 0.361844 0.233241
vn 0.0444 -0.9990 0.0000
vn 0.0634 -0.9980 0.0000
vn 0.1608 -0.9870 0.0000
vn 0.1442 -0.9895 0.0000
vn -0.8047 0.5936 0.0000
vn -0.8227 0.5684 0.0000
vn -0.8726 0.4884 0.0000
vn -0.8730 0.4877 0.0000
vn 0.1058 -0.9944 0.0000
vn 0.1034 -0.9946 0.0000
vn 0.0414 -0.9991 0.0000
vn -0.0056 -1.0000 0.0000
vn -0.0091 -0.9999 0.0000
vn -0.0600 0.9982 0.0000
vn -0.0712 0.9974 0.0000
vn -0.0182 0.9998 0.0000
vn -0.0087 0.9999 0.0000
vn -0.1364 0.9906 0.0000
vn -0.1451 0.9894 0.0000
vn -0.0894 0.9960 0.0000
vn -0.0775 0.9970 0.0000
vn 0.0349 -0.9994 0.0000
vn -0.0342 -0.9994 0.0000
vn 0.3269 -0.9450 0.0000
vn 0.3808 -0.9246 0.0000
vn -0.7418 0.6706 0.0000
vn -0.1771 0.9842 0.0000
vn -0.1822 0.9832 0.0000
vn 0.9822 -0.1875 0.0000
vn 0.9897 -0.1432 0.0000
vn 0.9497 0.3132 0.0000
vn 0.9924 0.1233 0.0000
vn 0.9373 -0.3485 0.0000
vn 0.9378 -0.3470 0.0000
vn 0.1929 0.9812 0.0000
vn 0.1976 0.9803 0.0000
vn 0.0830 0.9965 0.0000
vn 0.0850 0.9964 0.0000
vn 0.0726 -0.9973 0.0000
vn 0.1021 -0.9948 0.0000
vn 0.1358 -0.9907 0.0000
vn 0.1907 -0.9816 0.0000
vn 0.1707 -0.9853 0.0000
vn 0.5082 -0.8612 0.0000
vn 0.6063 -0.7952 0.0000
vn 0.6507 -0.7593 0.0000
vn 0.3134 0.9496 0.0000
vn 0.3245 0.9459 0.0000
vn 0.2896 -0.9571 0.0000
vn 0.2658 -0.9640 0.0000
vn -0.0475 -0.9988 0.0000
vn -0.0315 -0.9995 0.0000
vn -0.1870 -0.9823 0.0000
vn -0.1873 -0.9823 0.0000
vn -0.2844 -0.9587 0.0000
vn -0.2834 -0.9590 0.0000
vn 0.7093 -0.7049 0.0000
vn 0.7972 -0.6037 0.0000
vn 0.8972 -0.4416 0.0000
vn -0.1208 -0.9927 0.0000
vn -0.1027 -0.9947 0.0000
vn -0.0809 -0.9967 0.0000
vn 0.8058 -0.5921 0.0000
vn 0.8253 -0.5646 0.0000
vn 0.7843 -0.6203 0.0000
vn 0.7696 -0.6384 0.0000
vn 0.8375 -0.5463 0.0000
vn 0.8475 -0.5308 0.0000
vn -0.1007 -0.9949 0.0000
vn -0.0983 -0.9951 0.0000
vn 0.9269 0.3753 0.0000
vn -0.0118 0.9999 0.0000
vn -0.0241 0.9997 0.0000
vn 0.0143 0.9999 0.0000
vn 0.0337 0.9994 0.0000
vn 0.0497 0.9987 0.0000
vn 0.7179 -0.6962 0.0000
vn 0.7073 -0.7069 0.0000
vn 0.7429 -0.6693 0.0000
vn 0.1048 0.9945 0.0000
vn 0.0151 0.9999 0.0000
vn -0.0264 0.9996 0.0000
vn 0.9230 -0.3847 0.0000
vn 0.9282 -0.3721 0.0000
vn -0.7670 0.6417 0.0000
vn -0.7605 0.6493 0.0000
vn -0.7105 0.7037 0.0000
vn -0.7200 0.6939 0.0000
vn -0.1076 0.9942 0.0000
vn -0.1035 0.9946 0.0000
vn -0.8095 0.5871 0.0000
vn -0.8050 0.5932 0.0000
vn 0.4358 0.9000 0.0000
vn 0.4448 0.8956 0.0000
vn 0.3811 0.9245 0.0000
vn 0.4782 -0.8782 0.0000
vn 0.4200 -0.9075 0.0000
vn 0.9602 -0.2792 0.0000
vn 0.9801 -0.1983 0.0000
vn 0.9836 -0.1803 0.0000
vn 0.5499 0.8352 0.0000
vn 0.5661 0.8243 0.0000
vn -0.1883 -0.9821 0.0000
vn -0.1672 -0.9859 0.0000
vn -0.3725 -0.9280 0.0000
vn -0.3691 -0.9293 0.0000
vn -0.4284 -0.9036 0.0000
vn -0.4292 -0.9032 0.0000
vn -0.2657 -0.9640 0.0000
vn -0.2393 -0.9709 0.0000
vn 1.0000 -0.0063 0.0000
vn 1.0000 0.0067 0.0000
vn 0.6586 -0.7524 0.0000
vn 0.6525 -0.7578 0.0000
vn 0.6814 -0.7319 0.0000
vn -0.3311 -0.9436 0.0000
vn 0.1049 0.9945 0.0000
vn 0.0886 0.9961 0.0000
vn 0.1372 0.9905 0.0000
vn 0.1509 0.9885 0.0000
vn 0.6067 -0.7949 0.0000
vn 0.5990 -0.8007 0.0000
vn 0.9616 0.2744 0.0000
vn 0.9849 0.1730 0.0000
vn 0.8634 0.5045 0.0000
vn 0.8304 0.5571 0.0000
vn -0.1237 -0.9923 0.0000
vn -0.0963 -0.9953 0.0000
vn 0.0017 -1.0000 0.0000
vn -0.0289 -0.9996 0.0000
vn 0.9825 0.1859 0.0000
vn 0.9823 0.1870 0.0000
vn -0.6654 0.7465 0.0000
vn -0.6519 0.7583 0.0000
vn -0.5878 0.8090 0.0000
vn -0.6030 0.7977 0.0000
vn 0.9993 0.0380 0.0000
vn 0.6764 0.7365 0.0000
vn 0.7091 0.7051 0.0000
vn 0.0083 0.9999 0.0000
vn 0.0247 0.9997 0.0000
vn 0.0394 0.9992 0.0000
vn 0.9230 0.3847 0.0000
vn 0.9280 0.3724 0.0000
vn 0.7640 0.6451 0.0000
vn 0.0769 0.9970 0.0000
vn 0.0956 0.9954 0.0000
vn -0.3682 -0.9297 0.0000
vn -0.3329 -0.9430 0.0000
vn -0.2108 -0.9775 0.0000
vn -0.2567 -0.9665 0.0000
vn -0.0044 -1.0000 0.0000
vn -0.5081 -0.8613 0.0000
vn -0.4612 -0.8873 0.0000
vn 0.8058 0.5921 0.0000
vn 0.8247 0.5655 0.0000
vn 0.5504 -0.8348 0.0000
vn 0.5376 -0.8432 0.0000
vn 0.1678 0.9858 0.0000
vn 0.1668 0.9860 0.0000
vn 0.1433 0.9897 0.0000
vn 0.1193 0.9928 0.0000
vn 0.4758 -0.8795 0.0000
vn 0.4544 -0.8908 0.0000
vn -0.2870 -0.9579 0.0000
vn -0.2671 -0.9637 0.0000
vn -0.1871 -0.9823 0.0000
vn -0.2098 -0.9778 0.0000
vn 0.7378 0.6749 0.0000
vn 0.6163 0.7875 0.0000
vn 0.6468 0.7626 0.0000
vn -0.5396 0.8419 0.0000
vn -0.5295 0.8483 0.0000
vn -0.5061 0.8624 0.0000
vn -0.4751 0.8799 0.0000
vn -0.4817 0.8763 0.0000
vn -0.9813 -0.1922 0.0000
vn -0.8815 -0.4722 0.0000
vn -0.9304 -0.3664 0.0000
vn -0.5635 0.8261 0.0000
vn 0.1661 0.9861 0.0000
vn -0.9202 0.3915 0.0000
vn 0.5082 0.8612 0.0000
vn 0.3347 0.9423 0.0000
vn 0.3753 0.9269 0.0000
vn 0.2198 0.9755 0.0000
vn 0.2427 0.9701 0.0000
vn -0.7107 -0.7035 0.0000
vn -0.6478 -0.7618 0.0000
vn -0.7823 -0.6229 0.0000
vn -0.0333 0.9994 0.0000
vn 0.0357 0.9994 0.0000
vn 0.3701 -0.9290 0.0000
vn 0.3452 -0.9385 0.0000
vn 0.4191 -0.9079 0.0000
vn -0.1453 0.9894 0.0000
vn -0.0335 0.9994 0.0000
vn -0.2670 0.9637 0.0000
vn 0.2249 -0.9744 0.0000
vn 0.1812 -0.9834 0.0000
vn -0.4188 -0.9081 0.0000
vn -0.3970 -0.9178 0.0000
vn -0.3329 -0.9429 0.0000
vn -0.3554 -0.9347 0.0000
vn -0.3894 0.9211 0.0000
vn -0.3118 0.9501 0.0000
vn -0.4295 0.9031 0.0000
vn -0.4227 0.9063 0.0000
vn -0.3956 0.9184 0.0000
vn -0.3973 0.9177 0.0000
vn -0.3124 -0.9499 0.0000
vn 0.2692 0.9631 0.0000
vn 0.2886 0.9574 0.0000
vn 0.3130 0.9497 0.0000
vn -0.6593 0.7518 0.0000
vn -0.6049 0.7963 0.0000
vn -0.6277 -0.7784 0.0000
vn -0.4953 -0.8687 0.0000
vn -0.3052 -0.9523 0.0000
vn 0.3522 0.9359 0.0000
vn 0.3758 0.9267 0.0000
vn 0.3703 -0.9289 0.0000
vn 0.3721 -0.9282 0.0000
vn 0.3153 -0.9490 0.0000
vn 0.3119 -0.9501 0.0000
vn -0.9999 -0.0092 0.0000
vn 0.3885 -0.9214 0.0000
vn 0.3888 -0.9213 0.0000
vn 0.3925 -0.9197 0.0000
vn -0.7378 0.6749 0.0000
vn -0.8268 0.5624 0.0000
vn -0.8034 0.5954 0.0000
vn 0.0215 -0.9998 0.0000
vn -0.0638 -0.9980 0.0000
vn -0.5887 -0.8083 0.0000
vn -0.5511 -0.8344 0.0000
vn -0.4634 -0.8861 0.0000
vn -0.4912 -0.8710 0.0000
vn -0.9307 0.3657 0.0000
vn -0.9202 0.3914 0.0000
vn -0.4807 0.8768 0.0000
vn -0.5013 0.8652 0.0000
vn -0.5840 0.8117 0.0000
vn -0.4390 -0.8985 0.0000
vn -0.4288 0.9034 0.0000
vn -0.4413 0.8974 0.0000
vn -0.4770 0.8789 0.0000
vn -0.5408 0.8412 0.0000
vn -0.5262 0.8503 0.0000
vn 0.4086 0.9127 0.0000
vn 0.4272 0.9041 0.0000
vn -0.3444 0.9388 0.0000
vn -0.3545 0.9350 0.0000
vn -0.9842 0.1770 0.0000
vn -0.9807 0.1956 0.0000
vn 0.4451 0.8954 0.0000
vn 0.4491 0.8934 0.0000
vn -0.9249 0.3803 0.0000
vn -0.9538 0.3005 0.0000
vn -0.9842 0.1769 0.0000
vn -0.6435 0.7654 0.0000
vn -0.7961 0.6051 0.0000
vn -0.8298 0.5581 0.0000
vn -0.8712 0.4910 0.0000
vn -1.0000 -0.0061 0.0000
vn -1.0000 0.0059 0.0000
vn -0.2072 0.9783 0.0000
vn -0.2125 0.9771 0.0000
vn -0.9993 -0.0361 0.0000
vn 0.1605 -0.9870 0.0000
vn 0.2106 -0.9775 0.0000
vn -0.2160 0.9764 0.0000
vn -0.2123 0.9772 0.0000
vn -0.8056 -0.5925 0.0000
vn -0.6837 -0.7297 0.0000
vn -0.7536 -0.6573 0.0000
vn -0.0255 -0.9997 0.0000
vn -0.9819 -0.1891 0.0000
vn -0.6210 -0.7838 0.0000
vn -0.6518 0.7584 0.0000
vn -0.6840 0.7294 0.0000
vn 0.3927 0.9197 0.0000
vn 0.3075 0.9515 0.0000
vn -0.9602 -0.2792 0.0000
vn -0.9307 -0.3657 0.0000
vn -0.9203 -0.3910 0.0000
vn 0.3288 -0.9444 0.0000
vn 0.3456 -0.9384 0.0000
vn 0.4764 -0.8792 0.0000
vn 0.4559 -0.8900 0.0000
vn 0.2449 0.9695 0.0000
vn 0.2344 -0.9721 0.0000
vn 0.2484 -0.9686 0.0000
vn -0.8268 -0.5624 0.0000
vn -0.8038 -0.5948 0.0000
vn 0.9969 -0.0786 0.0000
vn 0.9948 -0.1012 0.0000
vn 0.9938 0.1114 0.0000
vn -0.2542 0.9671 0.0000
vn -0.2616 0.9652 0.0000
vn 0.8864 -0.4628 0.0000
vn 0.8819 -0.4714 0.0000
vn -0.8494 0.5277 0.0000
vn -0.8468 0.5318 0.0000
vn -0.1457 0.9893 0.0000
vn -0.1484 0.9889 0.0000
vn -0.6512 -0.7588 0.0000
vn -0.6086 -0.7935 0.0000
vn -0.2032 0.9791 0.0000
vn 0.2227 -0.9749 0.0000
vn 0.2244 -0.9745 0.0000
vn 0.3171 0.9484 0.0000
vn -0.3833 -0.9236 0.0000
vn -0.3195 -0.9476 0.0000
vn 0.6598 -0.7514 0.0000
vn 0.6788 -0.7343 0.0000
vn 0.7774 -0.6290 0.0000
vn 0.8974 -0.4412 0.0000
vn 0.8941 -0.4478 0.0000
vn -0.0325 0.9995 0.0000
vn -0.0872 0.9962 0.0000
vn 0.2788 0.9603 0.0000
vn 0.8841 0.4673 0.0000
vn 0.0000 0.3805 -0.9247
vn 0.0000 0.5528 -0.8333
vn 0.1626 0.5528 -0.8173
vn 0.1804 0.3805 -0.9070
vn 0.0000 -0.9217 -0.3879
vn 0.0000 -0.8286 -0.5598
vn 0.1092 -0.8286 -0.5490
vn 0.0757 -0.9217 -0.3804
vn 0.0000 0.1939 -0.9810
vn 0.1914 0.1939 -0.9622
vn 0.0000 -0.9796 -0.2010
vn 0.0392 -0.9796 -0.1971
vn 0.0000 0.0000 -1.0000
vn 0.1951 0.0000 -0.9808
vn 0.0000 0.9796 -0.2010
vn 0.0000 1.0000 0.0000
vn 0.0392 0.9796 -0.1971
vn 0.0000 -1.0000 0.0000
vn 0.0000 -0.1939 -0.9810
vn 0.1914 -0.1939 -0.9622
vn 0.0000 0.9217 -0.3879
vn 0.0757 0.9217 -0.3804
vn 0.0000 -0.3805 -0.9247
vn 0.1804 -0.3805 -0.9070
vn 0.0000 0.8286 -0.5598
vn 0.1092 0.8286 -0.5490
vn 0.0000 -0.5528 -0.8333
vn 0.1626 -0.5528 -0.8173
vn 0.0000 0.7040 -0.7101
vn 0.1385 0.7040 -0.6965
vn 0.0000 -0.7040 -0.7101
vn 0.1385 -0.7040 -0.6965
vn 0.2717 0.7040 -0.6561
vn 0.3189 0.5528 -0.7699
vn 0.2717 -0.7040 -0.6561
vn 0.2142 -0.8286 -0.5171
vn 0.3539 0.3805 -0.8544
vn 0.1484 -0.9217 -0.3583
vn 0.3754 0.1939 -0.9063
vn 0.0769 -0.9796 -0.1856
vn 0.3827 0.0000 -0.9239
vn 0.0769 0.9796 -0.1856
vn 0.3754 -0.1939 -0.9063
vn 0.1484 0.9217 -0.3583
vn 0.3539 -0.3805 -0.8544
vn 0.2142 0.8286 -0.5171
vn 0.3189 -0.5528 -0.7699
vn 0.5556 0.0000 -0.8314
vn 0.5450 -0.1939 -0.8157
vn 0.1116 0.9796 -0.1671
vn 0.2155 0.9217 -0.3225
vn 0.5137 -0.3805 -0.7689
vn 0.3110 0.8286 -0.4654
vn 0.4630 -0.5528 -0.6929
vn 0.3945 0.7040 -0.5904
vn 0.3945 -0.7040 -0.5904
vn 0.4630 0.5528 -0.6929
vn 0.3110 -0.8286 -0.4654
vn 0.5137 0.3805 -0.7689
vn 0.2155 -0.9217 -0.3225
vn 0.5450 0.1939 -0.8157
vn 0.1116 -0.9796 -0.1671
vn 0.5021 -0.7040 -0.5021
vn 0.3958 -0.8286 -0.3958
vn 0.5893 0.5528 -0.5893
vn 0.6539 0.3805 -0.6539
vn 0.2743 -0.9217 -0.2743
vn 0.6937 0.1939 -0.6937
vn 0.1421 -0.9796 -0.1421
vn 0.7071 0.0000 -0.7071
vn 0.1421 0.9796 -0.1421
vn 0.6937 -0.1939 -0.6937
vn 0.2743 0.9217 -0.2743
vn 0.6539 -0.3805 -0.6539
vn 0.3958 0.8286 -0.3958
vn 0.5893 -0.5528 -0.5893
vn 0.5021 0.7040 -0.5021
vn 0.1671 0.9796 -0.1116
vn 0.3225 0.9217 -0.2155
vn 0.8157 -0.1939 -0.5450
vn 0.7689 -0.3805 -0.5137
vn 0.4654 0.8286 -0.3110
vn 0.6929 -0.5528 -0.4630
vn 0.5904 0.7040 -0.3945
vn 0.5904 -0.7040 -0.3945
vn 0.6929 0.5528 -0.4630
vn 0.4654 -0.8286 -0.3110
vn 0.7689 0.3805 -0.5137
vn 0.3225 -0.9217 -0.2155
vn 0.8157 0.1939 -0.5450
vn 0.1671 -0.9796 -0.1116
vn 0.8314 0.0000 -0.5556
vn 0.7699 0.5528 -0.3189
vn 0.8544 0.3805 -0.3539
vn 0.5171 -0.8286 -0.2142
vn 0.3583 -0.9217 -0.1484
vn 0.9063 0.1939 -0.3754
vn 0.1856 -0.9796 -0.0769
vn 0.9239 0.0000 -0.3827
vn 0.1856 0.9796 -0.0769
vn 0.9063 -0.1939 -0.3754
vn 0.3583 0.9217 -0.1484
vn 0.8544 -0.3805 -0.3539
vn 0.5171 0.8286 -0.2142
vn 0.7699 -0.5528 -0.3189
vn 0.6561 0.7040 -0.2717
vn 0.6561 -0.7040 -0.2717
vn 0.9622 -0.1939 -0.1914
vn 0.9070 -0.3805 -0.1804
vn 0.3804 0.9217 -0.0757
vn 0.5490 0.8286 -0.1092
vn 0.8173 -0.5528 -0.1626
vn 0.6965 0.7040 -0.1385
vn 0.6965 -0.7040 -0.1385
vn 0.8173 0.5528 -0.1626
vn 0.5490 -0.8286 -0.1092
vn 0.9070 0.3805 -0.1804
vn 0.3804 -0.9217 -0.0757
vn 0.9622 0.1939 -0.1914
vn 0.1971 -0.9796 -0.0392
vn 0.9808 0.0000 -0.1951
vn 0.1971 0.9796 -0.0392
vn 0.5598 -0.8286 0.0000
vn 0.3879 -0.9217 0.0000
vn 0.9247 0.3805 0.0000
vn 0.9810 0.1939 0.0000
vn 0.2010 -0.9796 0.0000
vn 1.0000 0.0000 0.0000
vn 0.2010 0.9796 0.0000
vn 0.9810 -0.1939 0.0000
vn 0.3879 0.9217 0.0000
vn 0.9247 -0.3805 0.0000
vn 0.5598 0.8286 0.0000
vn 0.8333 -0.5528 0.0000
vn 0.7101 0.7040 0.0000
vn 0.7101 -0.7040 0.0000
vn 0.8333 0.5528 0.0000
vn 0.9070 -0.3805 0.1804
vn 0.8173 -0.5528 0.1626
vn 0.5490 0.8286 0.1092
vn 0.6965 0.7040 0.1385
vn 0.6965 -0.7040 0.1385
vn 0.8173 0.5528 0.1626
vn 0.5490 -0.8286 0.1092
vn 0.9070 0.3805 0.1804
vn 0.3804 -0.9217 0.0757
vn 0.9622 0.1939 0.1914
vn 0.1971 -0.9796 0.0392
vn 0.9808 0.0000 0.1951
vn 0.1971 0.9796 0.0392
vn 0.9622 -0.1939 0.1914
vn 0.3804 0.9217 0.0757
vn 0.3583 -0.9217 0.1484
vn 0.1856 -0.9796 0.0769
vn 0.9063 0.1939 0.3754
vn 0.9239 0.0000 0.3827
vn 0.1856 0.9796 0.0769
vn 0.9063 -0.1939 0.3754
vn 0.3583 0.9217 0.1484
vn 0.8544 -0.3805 0.3539
vn 0.5171 0.8286 0.2142
vn 0.7699 -0.5528 0.3189
vn 0.6561 0.7040 0.2717
vn 0.6561 -0.7040 0.2717
vn 0.7699 0.5528 0.3189
vn 0.5171 -0.8286 0.2142
vn 0.8544 0.3805 0.3539
vn 0.4654 0.8286 0.3110
vn 0.5904 0.7040 0.3945
vn 0.6929 -0.5528 0.4630
vn 0.5904 -0.7040 0.3945
vn 0.6929 0.5528 0.4630
vn 0.4654 -0.8286 0.3110
vn 0.7689 0.3805 0.5137
vn 0.3225 -0.9217 0.2155
vn 0.8157 0.1939 0.5450
vn 0.1671 -0.9796 0.1116
vn 0.8314 0.0000 0.5556
vn 0.1671 0.9796 0.1116
vn 0.8157 -0.1939 0.5450
vn 0.3225 0.9217 0.2155
vn 0.7689 -0.3805 0.5137
vn 0.6937 0.1939 0.6937
vn 0.7276 0.0979 0.6789
vn 0.7693 0.0975 0.6314
vn 0.6959 0.0980 0.7114
vn 0.7071 0.0000 0.7071
vn 0.1421 0.9796 0.1421
vn 0.1421 -0.9796 0.1421
vn 0.6937 -0.1939 0.6937
vn 0.2743 0.9217 0.2743
vn 0.6539 -0.3805 0.6539
vn 0.3958 0.8286 0.3958
vn 0.5893 -0.5528 0.5893
vn 0.5021 0.7040 0.5021
vn 0.5021 -0.7040 0.5021
vn 0.5893 0.5528 0.5893
vn 0.3958 -0.8286 0.3958
vn 0.6539 0.3805 0.6539
vn 0.2743 -0.9217 0.2743
vn 0.4630 -0.5528 0.6929
vn 0.3945 -0.7040 0.5904
vn 0.3945 0.7040 0.5904
vn 0.4630 0.5528 0.6929
vn 0.3110 -0.8286 0.4654
vn 0.5137 0.3805 0.7689
vn 0.2155 -0.9217 0.3225
vn 0.5465 0.2902 0.7855
vn 0.6073 0.2890 0.7400
vn 0.6114 0.2665 0.7450
vn 0.1116 -0.9796 0.1671
vn 0.6314 0.0975 0.7693
vn 0.5410 0.0980 0.8353
vn 0.5556 0.0000 0.8314
vn 0.1116 0.9796 0.1671
vn 0.5930 -0.0979 0.7992
vn 0.6314 -0.0975 0.7693
vn 0.5649 -0.0980 0.8193
vn 0.5450 -0.1939 0.8157
vn 0.2155 0.9217 0.3225
vn 0.5137 -0.3805 0.7689
vn 0.3110 0.8286 0.4654
vn 0.0769 0.9796 0.1856
vn 0.0769 -0.9796 0.1856
vn 0.4691 -0.0975 0.8777
vn 0.3800 -0.0980 0.9197
vn 0.3754 -0.1939 0.9063
vn 0.1484 0.9217 0.3583
vn 0.3539 -0.3805 0.8544
vn 0.2142 0.8286 0.5171
vn 0.3189 -0.5528 0.7699
vn 0.2717 0.7040 0.6561
vn 0.2717 -0.7040 0.6561
vn 0.3189 0.5528 0.7699
vn 0.2142 -0.8286 0.5171
vn 0.3539 0.3805 0.8544
vn 0.1484 -0.9217 0.3583
vn 0.4691 0.0975 0.8777
vn 0.3804 0.0980 0.9196
vn 0.3827 0.0000 0.9239
vn 0.1385 0.7040 0.6965
vn 0.1626 0.5528 0.8173
vn 0.1385 -0.7040 0.6965
vn 0.1092 -0.8286 0.5490
vn 0.1804 0.3805 0.9070
vn 0.0757 -0.9217 0.3804
vn 0.0392 -0.9796 0.1971
vn 0.2889 0.0975 0.9524
vn 0.2859 0.1737 0.9424
vn 0.1914 0.1939 0.9622
vn 0.1951 0.0000 0.9808
vn 0.0392 0.9796 0.1971
vn 0.2889 -0.0975 0.9524
vn 0.2065 -0.0980 0.9735
vn 0.1914 -0.1939 0.9622
vn 0.0757 0.9217 0.3804
vn 0.1804 -0.3805 0.9070
vn 0.1092 0.8286 0.5490
vn 0.1478 -0.4712 0.8695
vn 0.2563 -0.4696 0.8448
vn 0.2384 -0.5703 0.7860
vn 0.2248 -0.6326 0.7411
vn 0.1823 -0.6341 0.7515
vn 0.0975 -0.0975 0.9904
vn 0.1397 -0.0978 0.9853
vn 0.0000 0.0000 1.0000
vn 0.0000 -0.1939 0.9810
vn 0.0000 0.9796 0.2010
vn 0.0000 0.9217 0.3879
vn 0.0000 -0.3805 0.9247
vn 0.0000 0.8286 0.5598
vn 0.0000 0.7040 0.7101
vn 0.0759 -0.6326 0.7708
vn 0.0056 -0.6344 0.7730
vn 0.0000 -0.7040 0.7101
vn 0.0000 0.5528 0.8333
vn 0.0000 -0.8286 0.5598
vn 0.0000 0.3805 0.9247
vn 0.0000 -0.9217 0.3879
vn 0.0000 0.1939 0.9810
vn 0.0000 -0.9796 0.2010
vn -0.1385 -0.7040 0.6965
vn -0.1092 -0.8286 0.5490
vn -0.1626 0.5528 0.8173
vn -0.1804 0.3805 0.9070
vn -0.0757 -0.9217 0.3804
vn -0.1914 0.1939 0.9622
vn -0.0392 -0.9796 0.1971
vn -0.1951 0.0000 0.9808
vn -0.0392 0.9796 0.1971
vn -0.1914 -0.1939 0.9622
vn -0.0757 0.9217 0.3804
vn -0.1804 -0.3805 0.9070
vn -0.1092 0.8286 0.5490
vn -0.1385 0.7040 0.6965
vn -0.0759 -0.6326 0.7708
vn -0.1758 -0.6342 0.7529
vn -0.2817 -0.2416 0.9286
vn -0.2779 -0.2890 0.9161
vn -0.3970 -0.2901 0.8707
vn -0.3539 -0.3805 0.8544
vn -0.1484 0.9217 0.3583
vn -0.2142 0.8286 0.5171
vn -0.2717 0.7040 0.6561
vn -0.2248 -0.6326 0.7411
vn -0.2362 -0.5811 0.7788
vn -0.3189 -0.5528 0.7699
vn -0.2717 -0.7040 0.6561
vn -0.3189 0.5528 0.7699
vn -0.2142 -0.8286 0.5171
vn -0.3539 0.3805 0.8544
vn -0.1484 -0.9217 0.3583
vn -0.3754 0.1939 0.9063
vn -0.0769 -0.9796 0.1856
vn -0.4104 0.0979 0.9066
vn -0.2889 0.0975 0.9524
vn -0.2902 0.0180 0.9568
vn -0.0769 0.9796 0.1856
vn -0.2889 -0.0975 0.9524
vn -0.3110 -0.8286 0.4654
vn -0.2155 -0.9217 0.3225
vn -0.5137 0.3805 0.7689
vn -0.5450 0.1939 0.8157
vn -0.1116 -0.9796 0.1671
vn -0.1116 0.9796 0.1671
vn -0.2155 0.9217 0.3225
vn -0.4513 -0.2890 0.8443
vn -0.4576 -0.2402 0.8561
vn -0.5450 -0.1939 0.8157
vn -0.5137 -0.3805 0.7689
vn -0.3110 0.8286 0.4654
vn -0.4630 -0.5528 0.6929
vn -0.3945 0.7040 0.5904
vn -0.3945 -0.7040 0.5904
vn -0.4630 0.5528 0.6929
vn -0.5120 0.4712 0.7182
vn -0.4162 0.4696 0.7786
vn -0.4638 0.4711 0.7502
vn -0.2743 0.9217 0.2743
vn -0.3958 0.8286 0.3958
vn -0.6539 -0.3805 0.6539
vn -0.5893 -0.5528 0.5893
vn -0.5021 0.7040 0.5021
vn -0.5021 -0.7040 0.5021
vn -0.5893 0.5528 0.5893
vn -0.3958 -0.8286 0.3958
vn -0.5601 0.4696 0.6825
vn -0.5995 0.3268 0.7306
vn -0.2743 -0.9217 0.2743
vn -0.6073 0.2890 0.7400
vn -0.6428 0.2900 0.7090
vn -0.6937 0.1939 0.6937
vn -0.1421 -0.9796 0.1421
vn -0.5556 0.0000 0.8314
vn -0.7071 0.0000 0.7071
vn -0.1421 0.9796 0.1421
vn -0.6937 -0.1939 0.6937
vn -0.7650 0.1437 0.6278
vn -0.3225 -0.9217 0.2155
vn -0.1671 -0.9796 0.1116
vn -0.7693 0.0975 0.6314
vn -0.7650 0.1430 0.6279
vn -0.8157 0.1939 0.5450
vn -0.8314 0.0000 0.5556
vn -0.1671 0.9796 0.1116
vn -0.8157 -0.1939 0.5450
vn -0.3225 0.9217 0.2155
vn -0.7689 -0.3805 0.5137
vn -0.4654 0.8286 0.3110
vn -0.6929 -0.5528 0.4630
vn -0.5904 0.7040 0.3945
vn -0.5904 -0.7040 0.3945
vn -0.6929 0.5528 0.4630
vn -0.4654 -0.8286 0.3110
vn -0.6539 0.3805 0.6539
vn -0.7689 0.3805 0.5137
vn -0.8544 -0.3805 0.3539
vn -0.7699 -0.5528 0.3189
vn -0.5171 0.8286 0.2142
vn -0.6561 0.7040 0.2717
vn -0.6561 -0.7040 0.2717
vn -0.7699 0.5528 0.3189
vn -0.5171 -0.8286 0.2142
vn -0.8544 0.3805 0.3539
vn -0.3583 -0.9217 0.1484
vn -0.9063 0.1939 0.3754
vn -0.1856 -0.9796 0.0769
vn -0.9239 0.0000 0.3827
vn -0.1856 0.9796 0.0769
vn -0.9063 -0.1939 0.3754
vn -0.3583 0.9217 0.1484
vn -0.3804 -0.9217 0.0757
vn -0.1971 -0.9796 0.0392
vn -0.9622 0.1939 0.1914
vn -0.9808 0.0000 0.1951
vn -0.1971 0.9796 0.0392
vn -0.9622 -0.1939 0.1914
vn -0.3804 0.9217 0.0757
vn -0.9070 -0.3805 0.1804
vn -0.5490 0.8286 0.1092
vn -0.8173 -0.5528 0.1626
vn -0.6965 0.7040 0.1385
vn -0.6965 -0.7040 0.1385
vn -0.8173 0.5528 0.1626
vn -0.5490 -0.8286 0.1092
vn -0.9070 0.3805 0.1804
vn -0.5598 0.8286 0.0000
vn -0.7101 0.7040 0.0000
vn -0.8333 -0.5528 0.0000
vn -0.7101 -0.7040 0.0000
vn -0.8333 0.5528 0.0000
vn -0.5598 -0.8286 0.0000
vn -0.9247 0.3805 0.0000
vn -0.3879 -0.9217 0.0000
vn -0.9810 0.1939 0.0000
vn -0.2010 -0.9796 0.0000
vn -1.0000 0.0000 0.0000
vn -0.2010 0.9796 0.0000
vn -0.9810 -0.1939 0.0000
vn -0.3879 0.9217 0.0000
vn -0.9247 -0.3805 0.0000
vn -0.9622 0.1939 -0.1914
vn -0.9808 0.0000 -0.1951
vn -0.1971 0.9796 -0.0392
vn -0.1971 -0.9796 -0.0392
vn -0.9622 -0.1939 -0.1914
vn -0.3804 0.9217 -0.0757
vn -0.9070 -0.3805 -0.1804
vn -0.5490 0.8286 -0.1092
vn -0.8173 -0.5528 -0.1626
vn -0.6965 0.7040 -0.1385
vn -0.6965 -0.7040 -0.1385
vn -0.8173 0.5528 -0.1626
vn -0.5490 -0.8286 -0.1092
vn -0.9070 0.3805 -0.1804
vn -0.3804 -0.9217 -0.0757
vn -0.7699 -0.5528 -0.3189
vn -0.6561 -0.7040 -0.2717
vn -0.6561 0.7040 -0.2717
vn -0.7699 0.5528 -0.3189
vn -0.5171 -0.8286 -0.2142
vn -0.8544 0.3805 -0.3539
vn -0.3583 -0.9217 -0.1484
vn -0.9063 0.1939 -0.3754
vn -0.1856 -0.9796 -0.0769
vn -0.9239 0.0000 -0.3827
vn -0.1856 0.9796 -0.0769
vn -0.9063 -0.1939 -0.3754
vn -0.3583 0.9217 -0.1484
vn -0.8544 -0.3805 -0.3539
vn -0.5171 0.8286 -0.2142
vn -0.1671 -0.9796 -0.1116
vn -0.8314 0.0000 -0.5556
vn -0.8157 -0.1939 -0.5450
vn -0.1671 0.9796 -0.1116
vn -0.3225 0.9217 -0.2155
vn -0.7689 -0.3805 -0.5137
vn -0.4654 0.8286 -0.3110
vn -0.6929 -0.5528 -0.4630
vn -0.5904 0.7040 -0.3945
vn -0.5904 -0.7040 -0.3945
vn -0.6929 0.5528 -0.4630
vn -0.4654 -0.8286 -0.3110
vn -0.7689 0.3805 -0.5137
vn -0.3225 -0.9217 -0.2155
vn -0.8157 0.1939 -0.5450
vn -0.5021 -0.7040 -0.5021
vn -0.3958 -0.8286 -0.3958
vn -0.5893 0.5528 -0.5893
vn -0.6539 0.3805 -0.6539
vn -0.2743 -0.9217 -0.2743
vn -0.6937 0.1939 -0.6937
vn -0.1421 -0.9796 -0.1421
vn -0.7071 0.0000 -0.7071
vn -0.1421 0.9796 -0.1421
vn -0.6937 -0.1939 -0.6937
vn -0.2743 0.9217 -0.2743
vn -0.6539 -0.3805 -0.6539
vn -0.3958 0.8286 -0.3958
vn -0.5893 -0.5528 -0.5893
vn -0.5021 0.7040 -0.5021
vn -0.1116 0.9796 -0.1671
vn -0.2155 0.9217 -0.3225
vn -0.5450 -0.1939 -0.8157
vn -0.5137 -0.3805 -0.7689
vn -0.3110 0.8286 -0.4654
vn -0.4630 -0.5528 -0.6929
vn -0.3945 0.7040 -0.5904
vn -0.3945 -0.7040 -0.5904
vn -0.4630 0.5528 -0.6929
vn -0.3110 -0.8286 -0.4654
vn -0.5137 0.3805 -0.7689
vn -0.2155 -0.9217 -0.3225
vn -0.5450 0.1939 -0.8157
vn -0.1116 -0.9796 -0.1671
vn -0.5556 0.0000 -0.8314
vn -0.3189 0.5528 -0.7699
vn -0.3539 0.3805 -0.8544
vn -0.2142 -0.8286 -0.5171
vn -0.1484 -0.9217 -0.3583
vn -0.3754 0.1939 -0.9063
vn -0.0769 -0.9796 -0.1856
vn -0.3827 0.0000 -0.9239
vn -0.0769 0.9796 -0.1856
vn -0.3754 -0.1939 -0.9063
vn -0.1484 0.9217 -0.3583
vn -0.3539 -0.3805 -0.8544
vn -0.2142 0.8286 -0.5171
vn -0.3189 -0.5528 -0.7699
vn -0.2717 0.7040 -0.6561
vn -0.2717 -0.7040 -0.6561
vn -0.1914 -0.1939 -0.9622
vn -0.1804 -0.3805 -0.9070
vn -0.0757 0.9217 -0.3804
vn -0.1092 0.8286 -0.5490
vn -0.1626 -0.5528 -0.8173
vn -0.1385 0.7040 -0.6965
vn -0.1385 -0.7040 -0.6965
vn -0.1626 0.5528 -0.8173
vn -0.1092 -0.8286 -0.5490
vn -0.1804 0.3805 -0.9070
vn -0.0757 -0.9217 -0.3804
vn -0.1914 0.1939 -0.9622
vn -0.0392 -0.9796 -0.1971
vn -0.1951 0.0000 -0.9808
vn -0.0392 0.9796 -0.1971
vn -0.7118 0.2899 0.6398
vn -0.5737 0.4267 0.6991
vn 0.3589 0.2903 0.8871
vn 0.4513 0.2890 0.8443
vn -0.1519 -0.4713 0.8688
vn -0.0865 -0.4696 0.8786
vn -0.0025 -0.4714 0.8819
vn -0.7400 0.2890 0.6073
vn 0.3851 -0.0980 0.9176
vn -0.4691 -0.0975 0.8777
vn -0.4713 0.0203 0.8817
vn 0.2779 0.2890 0.9161
vn 0.0865 -0.4696 0.8786
vn -0.2563 -0.4696 0.8448
vn -0.4691 0.0975 0.8777
vn -0.3420 -0.0429 0.9387
vn -0.2899 0.0449 0.9560
vn -0.3108 0.0384 0.9497
vn -0.3652 0.0217 0.9307
vn -0.3798 0.0184 0.9249
vn -0.3584 0.0392 0.9327
vn -0.3749 -0.0228 0.9268
vn -0.4013 -0.1009 0.9103
vn -0.4047 -0.0848 0.9105
vn -0.4127 -0.0700 0.9081
vn -0.4154 -0.0653 0.9073
vn -0.3549 -0.0960 0.9299
vn -0.2819 -0.1244 0.9513
vn -0.2868 -0.1289 0.9492
vn -0.3399 -0.1313 0.9312
vn -0.3437 -0.1253 0.9307
vn -0.2985 -0.1046 0.9486
vn -0.3219 -0.0060 0.9467
vn -0.3447 0.0657 0.9364
vn -0.3363 0.0584 0.9399
vn -0.3225 0.0507 0.9452
vn -0.3067 0.0462 0.9507
vn 0.2857 0.2119 0.9346
vn 0.2854 0.2404 0.9277
vn 0.2881 0.2689 0.9190
vn 0.2816 0.2525 0.9257
vn 0.3665 0.2517 0.8957
vn 0.3769 0.2739 0.8848
vn 0.3904 0.2947 0.8722
vn 0.2933 0.2956 0.9092
vn 0.2875 0.2366 0.9281
vn 0.2979 0.1796 0.9376
vn 0.2969 0.2076 0.9320
vn 0.3065 0.1621 0.9380
vn 0.4546 0.2671 0.8497
vn 0.4574 0.2446 0.8549
vn 0.4602 0.2329 0.8567
vn 0.4559 0.2606 0.8510
vn 0.4562 0.2458 0.8552
vn 0.4606 0.2044 0.8637
vn 0.4926 0.1631 0.8548
vn 0.5036 0.2178 0.8360
vn 0.5209 0.2709 0.8095
vn 0.5924 0.1755 0.7862
vn 0.6016 0.2250 0.7664
vn 0.5767 0.1210 0.8079
vn 0.6313 0.0975 0.7693
vn 0.6283 0.1338 0.7664
vn 0.6251 0.1590 0.7641
vn 0.6301 0.1048 0.7694
vn 0.6293 0.1098 0.7694
vn 0.6352 0.1003 0.7657
vn 0.6459 0.1035 0.7563
vn 0.6575 0.1069 0.7458
vn 0.7108 0.0973 0.6966
vn 0.7248 0.1073 0.6805
vn 0.6827 0.0917 0.7248
vn 0.7439 0.0728 0.6643
vn 0.7584 0.0867 0.6459
vn -0.6855 0.2964 0.6650
vn -0.6537 0.2796 0.7032
vn -0.6967 0.2874 0.6572
vn -0.7140 0.2927 0.6359
vn -0.6216 0.2817 0.7309
vn -0.6677 0.2901 0.6855
vn -0.7108 0.2976 0.6373
vn -0.7341 0.2933 0.6124
vn -0.7323 0.2725 0.6240
vn -0.7214 0.2732 0.6362
vn -0.7403 0.2815 0.6105
vn -0.7406 0.2648 0.6175
vn -0.7461 0.2426 0.6201
vn -0.7499 0.2255 0.6219
vn -0.6369 0.2896 0.7145
vn -0.6680 0.2911 0.6849
vn -0.6120 0.3072 0.7288
vn -0.6197 0.3179 0.7176
vn -0.5907 0.3661 0.7190
vn -0.5824 0.4017 0.7066
vn -0.5985 0.3290 0.7304
vn -0.5792 0.4087 0.7053
vn -0.5723 0.4312 0.6975
vn -0.5636 0.4587 0.6869
vn -0.5488 0.4628 0.6961
vn -0.5586 0.4695 0.6838
vn -0.5305 0.4584 0.7130
vn -0.4540 0.4696 0.7572
vn -0.4877 0.4733 0.7335
vn -0.5252 0.4747 0.7063
vn -0.4298 0.4724 0.7694
vn -0.4542 0.4771 0.7523
vn 0.2753 -0.0996 0.9561
vn 0.2821 -0.0999 0.9542
vn 0.2864 -0.0993 0.9529
vn 0.1849 -0.0994 0.9777
vn 0.1828 -0.0998 0.9781
vn 0.2439 -0.1015 0.9644
vn 0.1000 -0.0958 0.9903
vn 0.0983 -0.0970 0.9904
vn 0.3024 -0.0970 0.9482
vn 0.3021 -0.0970 0.9483
vn 0.3950 -0.0973 0.9135
vn 0.3938 -0.0973 0.9140
vn 0.3895 -0.0973 0.9159
vn 0.4949 -0.0994 0.8632
vn 0.4829 -0.1032 0.8695
vn 0.4929 -0.0894 0.8654
vn 0.5229 -0.0788 0.8487
vn 0.5206 -0.0940 0.8486
vn 0.5168 -0.1173 0.8480
vn 0.2336 -0.4849 0.8428
vn 0.1577 -0.5269 0.8351
vn 0.1384 -0.5904 0.7951
vn 0.2309 -0.5599 0.7957
vn 0.0861 -0.5725 0.8153
vn 0.0828 -0.6090 0.7888
vn 0.1129 -0.6339 0.7651
vn 0.2154 -0.6283 0.7475
vn 0.2290 -0.5125 0.8275
vn 0.2543 -0.4708 0.8448
vn 0.2580 -0.6003 0.7570
vn 0.1809 -0.5270 0.8304
vn 0.2406 -0.4820 0.8424
vn 0.0843 -0.6218 0.7786
vn 0.0939 -0.6053 0.7904
vn 0.0717 -0.6238 0.7783
vn 0.0638 -0.6290 0.7748
vn 0.0564 -0.6328 0.7722
vn -0.0175 -0.6319 0.7748
vn -0.0190 -0.6338 0.7732
vn -0.0178 -0.6301 0.7763
vn -0.0867 -0.6225 0.7777
vn -0.0808 -0.6282 0.7739
vn -0.0833 -0.6216 0.7789
vn -0.0918 -0.6056 0.7904
vn -0.1644 -0.5762 0.8006
vn -0.1366 -0.6109 0.7798
vn -0.1100 -0.6338 0.7656
vn -0.2088 -0.5915 0.7788
vn -0.1898 -0.6338 0.7498
vn -0.2080 -0.5221 0.8271
vn -0.2410 -0.4797 0.8437
vn -0.2408 -0.5560 0.7955
vn -0.2355 -0.6268 0.7427
vn -0.2326 -0.5073 0.8297
vn -0.2623 -0.5948 0.7598
vn -0.2558 -0.4699 0.8448
vn -0.2425 -0.4801 0.8430
vn -0.1889 -0.5187 0.8338
usemtl Yellow
s 1
f 1068/1036/895 2107/1037/896 2119/1038/897 1145/1039/898
f 1120/1040/899 2194/1041/900 2187/1042/901 1045/1043/902
f 1083/1044/903 2149/1045/904 2150/1046/905 2151/1047/906 1171/1048/907
f 1094/1049/908 2105/1050/909 2104/1051/910 1030/1052/911
f 1146/1053/912 2113/1054/913 2112/1055/914 1067/1056/915
f 1005/1057/916 2204/1058/917 2203/1059/918 1006/1060/919
f 1940/1061/920 2039/1062/920 1824/1063/920 1823/1064/920 2194/1041/900 1120/1040/899
f 1062/1065/921 2122/1066/922 2113/1054/913 1146/1053/912
f 1121/1067/923 2182/1068/924 2183/1069/925 1050/1070/926
f 1047/1071/927 2179/1072/928 2182/1068/924 1121/1067/923
f 1173/1073/929 2230/1074/930 2156/1075/931 1086/1076/932
f 1032/1077/933 2091/1078/934 2100/1079/935 2101/1080/936 1096/1081/937
f 1006/1060/919 2203/1059/918 2202/1082/938 2201/1083/939 1007/1084/940
f 1088/1085/941 2231/1086/942 2230/1074/930 1173/1073/929
f 1096/1081/937 2101/1080/936 2102/1087/943 1031/1088/944
f 1148/1089/945 2108/1090/946 2107/1037/896 1068/1036/895
f 1174/1091/947 2239/1092/948 2241/1093/949 1087/1094/950
f 1034/1095/951 2115/1096/952 2130/1097/953 1904/1098/953
f 1070/1099/954 2094/1100/955 2109/1101/956 2108/1090/946 1148/1089/945
f 1007/1084/940 2201/1083/939 2200/1102/957 1008/1103/958
f 1123/1104/959 2185/1105/960 2181/1106/961 1048/1107/962
f 1085/1108/963 2238/1109/964 2239/1092/948 1174/1091/947
f 1097/1110/965 2131/1111/965 2132/1112/965 2118/1113/965 1906/1114/965
f 1149/1115/966 2111/1116/967 1738/1117/968 2099/1118/969 1069/1119/970
f 1052/1120/971 2168/1121/972 2184/1122/973 2185/1105/960 1123/1104/959
f 1033/1123/974 2117/1124/974 2116/1125/975 1098/1126/976
f 1067/1056/915 2112/1055/914 2111/1116/967 1149/1115/966
f 1008/1103/958 2200/1102/957 2198/1127/977 1009/1128/978
f 1124/1129/979 2189/1130/980 2190/1131/981 1051/1132/982
f 1098/1126/976 2116/1125/975 2106/1133/983 1029/1134/984
f 1046/1135/985 2188/1136/986 2189/1130/980 1124/1129/979
f 1176/1137/987 2233/1138/988 1862/1139/989 2231/1086/942 1088/1085/941
f 1031/1088/944 2102/1087/943 2114/1140/990 1099/1141/991
f 1009/1128/978 2198/1127/977 2199/1142/992 2197/1143/993 1010/1144/994
f 1090/1145/995 2234/1146/996 2233/1138/988 1176/1137/987
f 1099/1141/991 2114/1140/990 2115/1096/952 1034/1095/951
f 1151/1147/997 2095/1148/998 2094/1100/955 1070/1099/954
f 1177/1149/999 2229/1150/1000 2228/1151/1001 1089/1152/1002
f 1072/1153/1003 2096/1154/1004 2095/1148/998 1151/1147/997
f 1010/1144/994 2197/1143/993 2196/1155/1005 1011/1156/1006
f 1126/1157/1007 2166/1158/1008 2167/1159/1009 2168/1121/972 1052/1120/971
f 1087/1094/950 2241/1093/949 2240/1160/1010 2229/1150/1000 1177/1149/999
f 1152/1161/1011 2098/1162/1012 2097/1163/1013 1071/1164/1014
f 1054/1165/1015 2169/1166/1016 2166/1158/1008 1126/1157/1007
f 1178/1167/1017 2226/1168/1018 2237/1169/1019 1092/1170/1020
f 1036/1171/1021 2090/1172/1022 2089/1173/1023 1101/1174/1024
f 1069/1119/970 2099/1118/969 2098/1162/1012 1152/1161/1011
f 1011/1156/1006 2196/1155/1005 2212/1175/1025 1012/1176/1026
f 1127/1177/1027 2191/1178/1028 2173/1179/1029 1053/1180/1030
f 2036/1181/1031 2041/1182/1031 2226/1168/1018 1178/1167/1017
f 1101/1174/1024 2089/1173/1023 2091/1078/934 1032/1077/933
f 1051/1132/982 2190/1131/981 2191/1178/1028 1127/1177/1027
f 1179/1183/1032 2235/1184/1033 2234/1146/996 1090/1145/995
f 1030/1052/911 2104/1051/910 1732/1185/1034 2093/1186/1035 1102/1187/1036
f 1012/1176/1026 2212/1175/1025 2213/1188/1037 1013/1189/1038
f 1092/1170/1020 2237/1169/1019 2236/1190/1039 2235/1184/1033 1179/1183/1032
f 1102/1187/1036 2093/1186/1035 2092/1191/1040 1035/1192/1041
f 1154/1193/1042 2082/1194/1043 2096/1154/1004 1072/1153/1003
f 1180/1195/1044 2227/1196/1045 2042/1197/1046 1091/1198/1046
f 1074/1199/1047 2080/1200/1048 2082/1194/1043 1154/1193/1042
f 1013/1189/1038 2213/1188/1037 2216/1201/1049 1014/1202/1050
f 1129/1203/1051 2170/1204/1052 2169/1166/1016 1054/1165/1015
f 1089/1152/1002 2228/1151/1001 2227/1196/1045 1180/1195/1044
f 1155/1205/1053 2088/1206/1054 2087/1207/1055 1073/1208/1056
f 1056/1209/1057 2165/1210/1058 2170/1204/1052 1129/1203/1051
f 1038/1211/1059 2076/1212/1060 2075/1213/1061 1104/1214/1062
f 1071/1164/1014 2097/1163/1013 2088/1206/1054 1155/1205/1053
f 1014/1202/1050 2216/1201/1049 2217/1215/1063 2218/1216/1064 1015/1217/1065
f 1130/1218/1066 2171/1219/1067 1801/1220/1068 2174/1221/1069 1055/1222/1070
f 1104/1214/1062 2075/1213/1061 2090/1172/1022 1036/1171/1021
f 2000/1223/1071 2043/1224/1071 2083/1225/1072 1076/1226/1073
f 1053/1180/1030 2173/1179/1029 1798/1227/1074 2171/1219/1067 1130/1218/1066
f 1035/1192/1041 2092/1191/1040 2079/1228/1055 1105/1229/1075
f 2002/1230/1076 2045/1231/1076 2044/1232/1076 1156/1233/1076
f 1015/1217/1065 2218/1216/1064 1852/1234/1077 2223/1235/1078 1016/1236/1079
f 1105/1229/1075 2079/1228/1055 2078/1237/1080 1037/1238/1081
f 1157/1239/1082 2081/1240/1083 2080/1200/1048 1074/1199/1047
f 1076/1226/1073 2083/1225/1072 2084/1241/1084 2081/1240/1083 1157/1239/1082
f 1016/1236/1079 2223/1235/1078 2224/1242/1085 1017/1243/1086
f 1132/1244/1087 2163/1245/1088 2164/1246/1089 2165/1210/1058 1056/1209/1057
f 1158/1247/1090 2086/1248/1091 1712/1249/1092 2046/1250/1092 1075/1251/1092
f 1058/1252/1093 2160/1253/1094 2163/1245/1088 1132/1244/1087
f 1040/1254/1095 2070/1255/1096 2071/1256/1097 1107/1257/1098
f 1073/1208/1056 2087/1207/1055 2086/1248/1091 1158/1247/1090
f 1017/1243/1086 2224/1242/1085 2225/1258/1099 1018/1259/1100
f 1133/1260/1101 2176/1261/1102 2177/1262/1103 1057/1263/1104
f 1107/1257/1098 2071/1256/1097 2074/1264/1105 2076/1212/1060 1038/1211/1059
f 1055/1222/1070 2174/1221/1069 2176/1261/1102 1133/1260/1101
f 1037/1238/1081 2078/1237/1080 1703/1265/1106 2073/1266/1107 1108/1267/1108
f 1018/1259/1100 2225/1258/1099 2221/1268/1109 1019/1269/1110
f 1964/1270/1111 2047/1271/1111 2162/1272/1112 1060/1273/1113
f 1108/1267/1108 2073/1266/1107 2072/1274/1114 1039/1275/1115
f 1160/1276/1116 2143/1277/1117 2147/1278/1118 1078/1279/1119
f 1966/1280/1120 2049/1281/1120 2048/1282/1120 1134/1283/1120
f 1077/1284/1121 2141/1285/1122 2142/1286/1123 2143/1277/1117 1160/1276/1116
f 1019/1269/1110 2221/1268/1109 2220/1287/1124 2219/1288/1125 1020/1289/1126
f 1135/1290/1127 2161/1291/1128 2160/1253/1094 1058/1252/1093
f 1060/1273/1113 2162/1272/1112 2161/1291/1128 1135/1290/1127
f 1042/1292/1129 2063/1293/1130 2065/1294/1131 1110/1295/1132
f 1020/1289/1126 2219/1288/1125 2215/1296/1133 1021/1297/1134
f 1136/1298/1135 2178/1299/1136 2050/1300/1137 1059/1301/1137
f 1110/1295/1132 2065/1294/1131 1696/1302/1138 2070/1255/1096 1040/1254/1095
f 1162/1303/1139 2152/1304/1140 1778/1305/1141 2145/1306/1142 1079/1307/1143
f 1057/1263/1104 2177/1262/1103 2178/1299/1136 1136/1298/1135
f 1039/1275/1115 2072/1274/1114 2069/1308/1144 1111/1309/1145
f 1080/1310/1146 2153/1311/1147 2152/1304/1140 1162/1303/1139
f 1021/1297/1134 2215/1296/1133 2214/1312/1148 1022/1313/1149
f 1111/1309/1145 2069/1308/1144 2067/1314/1150 1041/1315/1151
f 1163/1316/1152 2127/1317/1153 2126/1318/1154 2012/1319/1154
f 1926/1320/1155 2051/1321/1155 2061/1322/1155 1928/1323/1155
f 1082/1324/1156 2129/1325/1157 1752/1326/1158 2127/1317/1153 1163/1316/1152
f 1022/1313/1149 2214/1312/1148 2210/1327/1159 1023/1328/1160
f 1138/1329/1161 2123/1330/1162 2122/1066/922 1062/1065/921
f 1112/1331/1163 2060/1332/1163 2059/1333/1163 1930/1334/1163
f 1164/1335/1164 2124/1336/1165 2141/1285/1122 1077/1284/1121
f 1061/1337/1166 2137/1338/1167 2123/1330/1162 1138/1329/1161
f 1044/1339/1168 2058/1340/1168 2057/1341/1169 1113/1342/1170
f 1081/1343/1171 2125/1344/1171 2124/1336/1165 1164/1335/1164
f 1023/1328/1160 2210/1327/1159 2209/1345/1172 1024/1346/1172
f 1113/1342/1170 2057/1341/1169 2062/1347/1173 2063/1293/1130 1042/1292/1129
f 1165/1348/1174 2144/1349/1175 2129/1325/1157 1082/1324/1156
f 1041/1315/1151 2067/1314/1150 2066/1350/1176 1114/1351/1177
f 1079/1307/1143 2145/1306/1142 2144/1349/1175 1165/1348/1174
f 1024/1346/1172 2209/1345/1172 1840/1352/1178 2208/1353/1179 1025/1354/1180
f 1140/1355/1181 2121/1356/1182 2133/1357/1183 1063/1358/1184
f 1114/1351/1177 2066/1350/1176 1689/1359/1185 2052/1360/1185 1043/1361/1185
f 1064/1362/1186 2120/1363/1187 2121/1356/1182 1140/1355/1181
f 1025/1354/1180 2208/1353/1179 2207/1364/1188 1026/1365/1189
f 1141/1366/1190 2146/1367/1191 2140/1368/1192 1976/1369/1192
f 1167/1370/1193 2159/1371/1194 2153/1311/1147 1080/1310/1146
f 1066/1372/1195 2136/1373/1196 2146/1367/1191 1141/1366/1190
f 1116/1374/1197 2186/1375/1198 2188/1136/986 1046/1135/985
f 1084/1376/1199 2157/1377/1200 2159/1371/1194 1167/1370/1193
f 1026/1365/1189 2207/1364/1188 2206/1378/1201 1027/1379/1202
f 1980/1380/1203 2053/1381/1203 1764/1382/1203 2137/1338/1167 1061/1337/1166
f 1045/1043/902 2187/1042/901 2186/1375/1198 1116/1374/1197
f 1168/1383/1204 2148/1384/1205 2149/1045/904 1083/1044/903
f 1065/1385/1206 2139/1386/1206 2054/1387/1206 1142/1388/1206
f 1078/1279/1119 2147/1278/1118 2148/1384/1205 1168/1383/1204
f 1027/1379/1202 2206/1378/1201 2205/1389/1207 1028/1390/1208
f 1143/1391/1209 2134/1392/1210 2135/1393/1211 2136/1373/1196 1066/1372/1195
f 1063/1358/1184 2133/1357/1183 2134/1392/1210 1143/1391/1209
f 1118/1394/1212 2180/1395/1213 2179/1072/928 1047/1071/927
f 1028/1390/1208 2205/1389/1207 2204/1058/917 1005/1057/916
f 1048/1107/962 2181/1106/961 2180/1395/1213 1118/1394/1212
f 1170/1396/976 2155/1397/1214 1782/1398/1215 2157/1377/1200 1084/1376/1199
f 1942/1399/1216 2055/1400/1216 2040/1401/1216 1049/1402/1216
f 1086/1076/932 2156/1075/931 2155/1397/1214 1170/1396/976
f 1145/1039/898 2119/1038/897 2120/1363/1187 1064/1362/1186
f 1050/1070/926 2183/1069/925 2192/1403/1217 2056/1404/1217 1119/1405/1217
f 1171/1048/907 2151/1047/906 2238/1109/964 1085/1108/963
f 1029/1134/984 2106/1133/983 2105/1050/909 1094/1049/908
f 1214/1406/1218 1213/1407/1219 1223/1408/1220 1224/1409/1221
f 1681/1410/1222 1218/1411/1223 1231/1412/1224 1232/1413/1225
f 1215/1414/1226 1214/1406/1218 1224/1409/1221 1225/1415/1227
f 1682/1416/1228 1681/1410/1222 1232/1413/1225 1233/1417/1229
f 1678/1418/1230 1215/1414/1226 1225/1415/1227 1226/1419/1231
f 1209/1420/1232 1527/1421/1233 1219/1422/1234
f 1683/1423/1235 1682/1416/1228 1233/1417/1229
f 1679/1424/1236 1678/1418/1230 1226/1419/1231 1227/1425/1237
f 1210/1426/1238 1209/1420/1232 1219/1422/1234 1220/1427/1239
f 1680/1428/1240 1679/1424/1236 1227/1425/1237 1228/1429/1241
f 1211/1430/1242 1210/1426/1238 1220/1427/1239 1221/1431/1243
f 1216/1432/1244 1680/1428/1240 1228/1429/1241 1229/1433/1245
f 1212/1434/1246 1211/1430/1242 1221/1431/1243 1222/1435/1247
f 1217/1436/1248 1216/1432/1244 1229/1433/1245 1230/1437/1249
f 1213/1407/1219 1212/1434/1246 1222/1435/1247 1223/1408/1220
f 1218/1411/1223 1217/1436/1248 1230/1437/1249 1231/1412/1224
f 1223/1408/1220 1222/1435/1247 1237/1438/1250 1238/1439/1251
f 1231/1412/1224 1230/1437/1249 1245/1440/1252 1246/1441/1253
f 1224/1409/1221 1223/1408/1220 1238/1439/1251 1239/1442/1254
f 1232/1413/1225 1231/1412/1224 1246/1441/1253 1247/1443/1255
f 1225/1415/1227 1224/1409/1221 1239/1442/1254 1240/1444/1256
f 1233/1417/1229 1232/1413/1225 1247/1443/1255 1248/1445/1257
f 1226/1419/1231 1225/1415/1227 1240/1444/1256 1241/1446/1258
f 1219/1422/1234 1527/1421/1233 1234/1447/1259
f 1683/1423/1235 1233/1417/1229 1248/1445/1257
f 1227/1425/1237 1226/1419/1231 1241/1446/1258 1242/1448/1260
f 1220/1427/1239 1219/1422/1234 1234/1447/1259 1235/1449/1261
f 1228/1429/1241 1227/1425/1237 1242/1448/1260 1243/1450/1262
f 1221/1431/1243 1220/1427/1239 1235/1449/1261 1236/1451/1263
f 1229/1433/1245 1228/1429/1241 1243/1450/1262 1244/1452/1264
f 1222/1435/1247 1221/1431/1243 1236/1451/1263 1237/1438/1250
f 1230/1437/1249 1229/1433/1245 1244/1452/1264 1245/1440/1252
f 1242/1448/1260 1241/1446/1258 1256/1453/1265 1257/1454/1266
f 1235/1449/1261 1234/1447/1259 1249/1455/1267 1250/1456/1268
f 1243/1450/1262 1242/1448/1260 1257/1454/1266 1258/1457/1269
f 1236/1451/1263 1235/1449/1261 1250/1456/1268 1251/1458/1270
f 1244/1452/1264 1243/1450/1262 1258/1457/1269 1259/1459/1271
f 1237/1438/1250 1236/1451/1263 1251/1458/1270 1252/1460/1272
f 1245/1440/1252 1244/1452/1264 1259/1459/1271 1260/1461/1273
f 1238/1439/1251 1237/1438/1250 1252/1460/1272 1253/1462/1274
f 1246/1441/1253 1245/1440/1252 1260/1461/1273 1261/1463/1275
f 1239/1442/1254 1238/1439/1251 1253/1462/1274 1254/1464/1276
f 1247/1443/1255 1246/1441/1253 1261/1463/1275 1262/1465/1277
f 1240/1444/1256 1239/1442/1254 1254/1464/1276 1255/1466/1278
f 1248/1445/1257 1247/1443/1255 1262/1465/1277 1263/1467/1279
f 1241/1446/1258 1240/1444/1256 1255/1466/1278 1256/1453/1265
f 1234/1447/1259 1527/1421/1233 1249/1455/1267
f 1683/1423/1235 1248/1445/1257 1263/1467/1279
f 1261/1463/1275 1260/1461/1273 1275/1468/1280 1276/1469/1281
f 1254/1464/1276 1253/1462/1274 1268/1470/1282 1269/1471/1283
f 1262/1465/1277 1261/1463/1275 1276/1469/1281 1277/1472/1284
f 1255/1466/1278 1254/1464/1276 1269/1471/1283 1270/1473/1285
f 1263/1467/1279 1262/1465/1277 1277/1472/1284 1278/1474/1286
f 1256/1453/1265 1255/1466/1278 1270/1473/1285 1271/1475/1287
f 1249/1455/1267 1527/1421/1233 1264/1476/1288
f 1683/1423/1235 1263/1467/1279 1278/1474/1286
f 1257/1454/1266 1256/1453/1265 1271/1475/1287 1272/1477/1289
f 1250/1456/1268 1249/1455/1267 1264/1476/1288 1265/1478/1290
f 1258/1457/1269 1257/1454/1266 1272/1477/1289 1273/1479/1291
f 1251/1458/1270 1250/1456/1268 1265/1478/1290 1266/1480/1292
f 1259/1459/1271 1258/1457/1269 1273/1479/1291 1274/1481/1293
f 1252/1460/1272 1251/1458/1270 1266/1480/1292 1267/1482/1294
f 1260/1461/1273 1259/1459/1271 1274/1481/1293 1275/1468/1280
f 1253/1462/1274 1252/1460/1272 1267/1482/1294 1268/1470/1282
f 1265/1478/1290 1264/1476/1288 1279/1483/1295 1280/1484/1296
f 1273/1479/1291 1272/1477/1289 1287/1485/1297 1288/1486/1298
f 1266/1480/1292 1265/1478/1290 1280/1484/1296 1281/1487/1299
f 1274/1481/1293 1273/1479/1291 1288/1486/1298 1289/1488/1300
f 1267/1482/1294 1266/1480/1292 1281/1487/1299 1282/1489/1301
f 1275/1468/1280 1274/1481/1293 1289/1488/1300 1290/1490/1302
f 1268/1470/1282 1267/1482/1294 1282/1489/1301 1283/1491/1303
f 1276/1469/1281 1275/1468/1280 1290/1490/1302 1291/1492/1304
f 1269/1471/1283 1268/1470/1282 1283/1491/1303 1284/1493/1305
f 1277/1472/1284 1276/1469/1281 1291/1492/1304 1292/1494/1306
f 1270/1473/1285 1269/1471/1283 1284/1493/1305 1285/1495/1307
f 1278/1474/1286 1277/1472/1284 1292/1494/1306 1293/1496/1308
f 1271/1475/1287 1270/1473/1285 1285/1495/1307 1286/1497/1309
f 1264/1476/1288 1527/1421/1233 1279/1483/1295
f 1683/1423/1235 1278/1474/1286 1293/1496/1308
f 1272/1477/1289 1271/1475/1287 1286/1497/1309 1287/1485/1297
f 1284/1493/1305 1283/1491/1303 1298/1498/1310 1299/1499/1311
f 1292/1494/1306 1291/1492/1304 1306/1500/1312 1307/1501/1313
f 1285/1495/1307 1284/1493/1305 1299/1499/1311 1300/1502/1314
f 1293/1496/1308 1292/1494/1306 1307/1501/1313 1308/1503/1315
f 1286/1497/1309 1285/1495/1307 1300/1502/1314 1301/1504/1316
f 1279/1483/1295 1527/1421/1233 1294/1505/1317
f 1683/1423/1235 1293/1496/1308 1308/1503/1315
f 1287/1485/1297 1286/1497/1309 1301/1504/1316 1302/1506/1318
f 1280/1484/1296 1279/1483/1295 1294/1505/1317 1295/1507/1319
f 1288/1486/1298 1287/1485/1297 1302/1506/1318 1303/1508/1320
f 1281/1487/1299 1280/1484/1296 1295/1507/1319 1296/1509/1321
f 1289/1488/1300 1288/1486/1298 1303/1508/1320 1304/1510/1322
f 1282/1489/1301 1281/1487/1299 1296/1509/1321 1297/1511/1323
f 1290/1490/1302 1289/1488/1300 1304/1510/1322 1305/1512/1324
f 1283/1491/1303 1282/1489/1301 1297/1511/1323 1298/1498/1310
f 1291/1492/1304 1290/1490/1302 1305/1512/1324 1306/1500/1312
f 1303/1508/1320 1302/1506/1318 1317/1513/1325 1318/1514/1326
f 1296/1509/1321 1295/1507/1319 1310/1515/1327 1311/1516/1328
f 1304/1510/1322 1303/1508/1320 1318/1514/1326 1319/1517/1329
f 1297/1511/1323 1296/1509/1321 1311/1516/1328 1312/1518/1330
f 1305/1512/1324 1304/1510/1322 1319/1517/1329 1320/1519/1331
f 1298/1498/1310 1297/1511/1323 1312/1518/1330 1313/1520/1332
f 1306/1500/1312 1305/1512/1324 1320/1519/1331 1321/1521/1333
f 1299/1499/1311 1298/1498/1310 1313/1520/1332 1314/1522/1334
f 1307/1501/1313 1306/1500/1312 1321/1521/1333 1322/1523/1335
f 1300/1502/1314 1299/1499/1311 1314/1522/1334 1315/1524/1336
f 1308/1503/1315 1307/1501/1313 1322/1523/1335 1323/1525/1337
f 1301/1504/1316 1300/1502/1314 1315/1524/1336 1316/1526/1338
f 1294/1505/1317 1527/1421/1233 1309/1527/1339
f 1683/1423/1235 1308/1503/1315 1323/1525/1337
f 1302/1506/1318 1301/1504/1316 1316/1526/1338 1317/1513/1325
f 1295/1507/1319 1294/1505/1317 1309/1527/1339 1310/1515/1327
f 1322/1523/1335 1321/1521/1333 1336/1528/1340 1337/1529/1341
f 1315/1524/1336 1314/1522/1334 1329/1530/1342 1330/1531/1343
f 1323/1525/1337 1322/1523/1335 1337/1529/1341 1338/1532/1344
f 1316/1526/1338 1315/1524/1336 1330/1531/1343 1331/1533/1345
f 1309/1527/1339 1527/1421/1233 1324/1534/1346
f 1683/1423/1235 1323/1525/1337 1338/1532/1344
f 1317/1513/1325 1316/1526/1338 1331/1533/1345 1332/1535/1347
f 1310/1515/1327 1309/1527/1339 1324/1534/1346 1325/1536/1348
f 1318/1514/1326 1317/1513/1325 1332/1535/1347 1333/1537/1349
f 1311/1516/1328 1310/1515/1327 1325/1536/1348 1326/1538/1350
f 1319/1517/1329 1318/1514/1326 1333/1537/1349 1334/1539/1351
f 1312/1518/1330 1311/1516/1328 1326/1538/1350 1327/1540/1352
f 1320/1519/1331 1319/1517/1329 1334/1539/1351 1335/1541/1353
f 1313/1520/1332 1312/1518/1330 1327/1540/1352 1328/1542/1354
f 1321/1521/1333 1320/1519/1331 1335/1541/1353 1336/1528/1340
f 1314/1522/1334 1313/1520/1332 1328/1542/1354 1329/1530/1342
f 1334/1543/1351 1333/1544/1349 1348/1545/1355 1349/1546/1356
f 1327/1547/1352 1326/1548/1350 1341/1549/1357 1342/1550/1358
f 1335/1551/1353 1334/1543/1351 1349/1546/1356 1350/1552/1359
f 1328/1553/1354 1327/1547/1352 1342/1550/1358 1343/1554/1360
f 1336/1555/1340 1335/1551/1353 1350/1552/1359 1351/1556/1361
f 1329/1557/1342 1328/1553/1354 1343/1554/1360 1344/1558/1362
f 1337/1559/1341 1336/1555/1340 1351/1556/1361 1352/1560/1363
f 1330/1561/1343 1329/1557/1342 1344/1558/1362 1345/1562/1364
f 1338/1563/1344 1337/1559/1341 1352/1560/1363 1353/1564/1365
f 1331/1565/1345 1330/1561/1343 1345/1562/1364 1346/1566/1366
f 1324/1567/1346 1527/1568/1233 1339/1569/1367
f 1683/1570/1235 1338/1563/1344 1353/1564/1365
f 1332/1571/1347 1331/1565/1345 1346/1566/1366 1347/1572/1368
f 1325/1573/1348 1324/1567/1346 1339/1569/1367 1340/1574/1369
f 1333/1544/1349 1332/1571/1347 1347/1572/1368 1348/1545/1355
f 1326/1548/1350 1325/1573/1348 1340/1574/1369 1341/1549/1357
f 1353/1564/1365 1352/1560/1363 1367/1575/1370 1368/1576/1371
f 1346/1566/1366 1345/1562/1364 1360/1577/1372 1361/1578/1373
f 1339/1569/1367 1527/1568/1233 1354/1579/1374
f 1683/1570/1235 1353/1564/1365 1368/1576/1371
f 1347/1572/1368 1346/1566/1366 1361/1578/1373 1362/1580/1375
f 1340/1574/1369 1339/1569/1367 1354/1579/1374 1355/1581/1376
f 1348/1545/1355 1347/1572/1368 1362/1580/1375 1363/1582/1377
f 1341/1549/1357 1340/1574/1369 1355/1581/1376 1356/1583/1378
f 1349/1546/1356 1348/1545/1355 1363/1582/1377 1364/1584/1379
f 1342/1550/1358 1341/1549/1357 1356/1583/1378 1357/1585/1380
f 1350/1552/1359 1349/1546/1356 1364/1584/1379 1365/1586/1381
f 1343/1554/1360 1342/1550/1358 1357/1585/1380 1358/1587/1382
f 1351/1556/1361 1350/1552/1359 1365/1586/1381 1366/1588/1383
f 1344/1558/1362 1343/1554/1360 1358/1587/1382 1359/1589/1384
f 1352/1560/1363 1351/1556/1361 1366/1588/1383 1367/1575/1370
f 1345/1562/1364 1344/1558/1362 1359/1589/1384 1360/1577/1372
f 1357/1585/1380 1356/1583/1378 1371/1590/1385 1372/1591/1386
f 1365/1586/1381 1364/1584/1379 1379/1592/1387 1380/1593/1388
f 1358/1587/1382 1357/1585/1380 1372/1591/1386 1373/1594/1389
f 1366/1588/1383 1365/1586/1381 1380/1593/1388 1381/1595/1390
f 1359/1589/1384 1358/1587/1382 1373/1594/1389 1374/1596/1391
f 1367/1575/1370 1366/1588/1383 1381/1595/1390 1382/1597/1392
f 1360/1577/1372 1359/1589/1384 1374/1596/1391 1375/1598/1393
f 1368/1576/1371 1367/1575/1370 1382/1597/1392 1383/1599/1394
f 1361/1578/1373 1360/1577/1372 1375/1598/1393 1376/1600/1395
f 1354/1579/1374 1527/1568/1233 1369/1601/1396
f 1683/1570/1235 1368/1576/1371 1383/1599/1394
f 1362/1580/1375 1361/1578/1373 1376/1600/1395 1377/1602/1397
f 1355/1581/1376 1354/1579/1374 1369/1601/1396 1370/1603/1398
f 1363/1582/1377 1362/1580/1375 1377/1602/1397 1378/1604/1399
f 1356/1583/1378 1355/1581/1376 1370/1603/1398 1371/1590/1385
f 1364/1584/1379 1363/1582/1377 1378/1604/1399 1379/1592/1387
f 1376/1600/1395 1375/1598/1393 1390/1605/1400 1687/1606/1401 1686/1607/1402 1684/1608/1402 1685/1609/1402 1688/1610/1402 2064/1611/1403 1391/1612/1404
f 1369/1601/1396 1527/1568/1233 1384/1613/1405
f 1683/1570/1235 1383/1599/1394 1398/1614/1406
f 1377/1602/1397 1376/1600/1395 1391/1612/1404 1392/1615/1407
f 1370/1603/1398 1369/1601/1396 1384/1613/1405 1385/1616/1408
f 1378/1604/1399 1377/1602/1397 1392/1615/1407 1393/1617/1409
f 1371/1590/1385 1370/1603/1398 1385/1616/1408 1386/1618/1410
f 1379/1592/1387 1378/1604/1399 1393/1617/1409 1394/1619/1411
f 1372/1591/1386 1371/1590/1385 1386/1618/1410 1387/1620/1412
f 1380/1593/1388 1379/1592/1387 1394/1619/1411 1395/1621/1413
f 1373/1594/1389 1372/1591/1386 1387/1620/1412 1388/1622/1414
f 1381/1595/1390 1380/1593/1388 1395/1621/1413 1396/1623/1415
f 1374/1596/1391 1373/1594/1389 1388/1622/1414 1389/1624/1416
f 1382/1597/1392 1381/1595/1390 1396/1623/1415 1397/1625/1417
f 1375/1598/1393 1374/1596/1391 1389/1624/1416 1390/1605/1400
f 1383/1599/1394 1382/1597/1392 1397/1625/1417 1398/1614/1406
f 1395/1621/1413 1394/1619/1411 1408/1626/1418 1409/1627/1419
f 1388/1622/1414 1387/1620/1412 1402/1628/1420 1403/1629/1421
f 1396/1623/1415 1395/1621/1413 1409/1627/1419 1410/1630/1422
f 1389/1624/1416 1388/1622/1414 1403/1629/1421 1404/1631/1423
f 1397/1625/1417 1396/1623/1415 1410/1630/1422 1411/1632/1424
f 1390/1605/1400 1389/1624/1416 1404/1631/1423 1702/1633/1425 1698/1634/1426 1695/1635/1426 2068/1636/1427
f 1398/1614/1406 1397/1625/1417 1411/1632/1424 1412/1637/1428
f 1391/1612/1404 2064/1611/1403 1691/1638/1429 1692/1639/1429 1694/1640/1429 1697/1641/1429 1699/1642/1429 2077/1643/1430 1405/1644/1431
f 1384/1613/1405 1527/1568/1233 1399/1645/1432
f 1683/1570/1235 1398/1614/1406 1412/1637/1428
f 1392/1615/1407 1391/1612/1404 1405/1644/1431 1709/1646/1433 1710/1647/1434 1711/1648/1434 1713/1649/1434 2085/1650/1435 1406/1651/1436
f 1385/1616/1408 1384/1613/1405 1399/1645/1432 1400/1652/1437
f 1393/1617/1409 1392/1615/1407 1406/1651/1436 1407/1653/1438
f 1386/1618/1410 1385/1616/1408 1400/1652/1437 1401/1654/1439
f 1394/1619/1411 1393/1617/1409 1407/1653/1438 1408/1626/1418
f 1387/1620/1412 1386/1618/1410 1401/1654/1439 1402/1628/1420
f 1399/1645/1432 1527/1568/1233 1413/1655/1440
f 1683/1570/1235 1412/1637/1428 1426/1656/1441
f 1406/1651/1436 2085/1650/1435 1714/1657/1442 1715/1658/1442 1716/1659/1442 1725/1660/1442 1726/1661/1442 1727/1662/1442 2110/1663/1443 1420/1664/1444
f 1400/1652/1437 1399/1645/1432 1413/1655/1440 1414/1665/1445
f 1407/1653/1438 1406/1651/1436 1420/1664/1444 1421/1666/1446
f 1401/1654/1439 1400/1652/1437 1414/1665/1445 1415/1667/1447
f 1408/1626/1418 1407/1653/1438 1421/1666/1446 1422/1668/1448
f 1402/1628/1420 1401/1654/1439 1415/1667/1447 1416/1669/1449
f 1409/1627/1419 1408/1626/1418 1422/1668/1448 1423/1670/1450
f 1403/1629/1421 1402/1628/1420 1416/1669/1449 1417/1671/1451
f 1410/1630/1422 1409/1627/1419 1423/1670/1450 1424/1672/1452
f 1404/1631/1423 1403/1629/1421 1417/1671/1451 1418/1673/1453
f 1411/1632/1424 1410/1630/1422 1424/1672/1452 1425/1674/1454
f 1412/1637/1428 1411/1632/1424 1425/1674/1454 1426/1656/1441
f 1405/1644/1431 2077/1643/1430 1704/1675/1455 1705/1676/1455 1720/1677/1455 1721/1678/1455 2103/1679/1456 1419/1680/1457
f 1417/1671/1451 1416/1669/1449 1430/1681/1458 1431/1682/1459
f 1424/1672/1452 1423/1670/1450 1437/1683/1460 1438/1684/1461
f 1418/1673/1453 1417/1671/1451 1431/1682/1459 1432/1685/1462
f 1425/1674/1454 1424/1672/1452 1438/1684/1461 1439/1686/1463
f 1426/1656/1441 1425/1674/1454 1439/1686/1463 1440/1687/1464
f 1419/1680/1457 2103/1679/1456 1731/1688/1465 1733/1689/1465 1734/1690/1465 1744/1691/1465 1745/1692/1465 1757/1693/1466 1433/1694/1467 1434/1695/1468
f 1413/1655/1440 1527/1568/1233 1427/1696/1469
f 1683/1570/1235 1426/1656/1441 1440/1687/1464
f 1420/1664/1444 2110/1663/1443 1739/1697/1470 1740/1698/1470 1741/1699/1470 1749/1700/1470 1750/1701/1470 1762/1702/1470 2138/1703/1471 1435/1704/1472
f 1414/1665/1445 1413/1655/1440 1427/1696/1469 1428/1705/1473
f 1421/1666/1446 1420/1664/1444 1435/1704/1472 1436/1706/1474
f 1415/1667/1447 1414/1665/1445 1428/1705/1473 1429/1707/1475
f 1422/1668/1448 1421/1666/1446 1436/1706/1474 1767/1708/1476 1766/1709/1477 1755/1710/1477 1751/1711/1477 1754/1712/1477 2128/1713/1478
f 1416/1669/1449 1415/1667/1447 1429/1707/1475 1430/1681/1458
f 1423/1670/1450 1422/1668/1448 2128/1713/1478 1753/1714/1479 1770/1715/1479 1769/1716/1479 2154/1717/1480 1437/1683/1460
f 1435/1704/1472 2138/1703/1471 1763/1718/1481 1765/1719/1481 1771/1720/1481 1761/1721/1481 1760/1722/1482 1434/1695/1468 1448/1723/1483 1449/1724/1484
f 1428/1705/1473 1427/1696/1469 1441/1725/1485 1442/1726/1486
f 1436/1706/1474 1435/1704/1472 1449/1724/1484 1450/1727/1487
f 1429/1707/1475 1428/1705/1473 1442/1726/1486 1443/1728/1488
f 1430/1681/1458 1429/1707/1475 1443/1728/1488 1444/1729/1489
f 1437/1683/1460 2154/1717/1480 1779/1730/1490 1777/1731/1490 1784/1732/1490 1783/1733/1490 2158/1734/1491 1451/1735/1492
f 1431/1682/1459 1430/1681/1458 1444/1729/1489 1445/1736/1493
f 1438/1684/1461 1437/1683/1460 1451/1735/1492 1452/1737/1494
f 1432/1685/1462 1431/1682/1459 1445/1736/1493 1446/1738/1495
f 1439/1686/1463 1438/1684/1461 1452/1737/1494 1453/1739/1496
f 1433/1694/1467 1432/1685/1462 1446/1738/1495 1447/1740/1497
f 1440/1687/1464 1439/1686/1463 1453/1739/1496 1454/1741/1498
f 1434/1695/1468 1433/1694/1467 1447/1740/1497 1448/1723/1483
f 1427/1696/1469 1527/1568/1233 1441/1725/1485
f 1683/1570/1235 1440/1687/1464 1454/1741/1498
f 1452/1737/1494 1451/1735/1492 1465/1742/1499 1466/1743/1500
f 1446/1738/1495 1445/1736/1493 1459/1744/1501 1460/1745/1502
f 1453/1739/1496 1452/1737/1494 1466/1743/1500 1467/1746/1503
f 1447/1740/1497 1446/1738/1495 1460/1745/1502 1461/1747/1504
f 1454/1741/1498 1453/1739/1496 1467/1746/1503 1468/1748/1505
f 1448/1723/1483 1447/1740/1497 1461/1747/1504 1462/1749/1506
f 1441/1725/1485 1527/1568/1233 1455/1750/1507
f 1683/1570/1235 1454/1741/1498 1468/1748/1505
f 1449/1724/1484 1448/1723/1483 1462/1749/1506 1463/1751/1508
f 1442/1726/1486 1441/1725/1485 1455/1750/1507 1456/1752/1509
f 1450/1727/1487 1449/1724/1484 1463/1751/1508 1464/1753/1510
f 1443/1728/1488 1442/1726/1486 1456/1752/1509 1457/1754/1511
f 1444/1729/1489 1443/1728/1488 1457/1754/1511 1458/1755/1512
f 1451/1735/1492 2158/1734/1491 1781/1756/1513 1780/1757/1513 1860/1758/1513 1861/1759/1513 2232/1760/1514 1465/1742/1499
f 1445/1736/1493 1444/1729/1489 1458/1755/1512 1459/1744/1501
f 1464/1753/1510 1463/1751/1508 1848/1761/1515 1849/1762/1516 1854/1763/1516 1853/1764/1516 1851/1765/1516 2222/1766/1517 1476/1767/1518
f 1457/1754/1511 1456/1752/1509 1470/1768/1519 1471/1769/1520
f 1458/1755/1512 1457/1754/1511 1471/1769/1520 1472/1770/1521
f 1465/1742/1499 2232/1760/1514 1863/1771/1522 1864/1772/1522 1865/1773/1522 1866/1774/1523 1477/1775/1524 1478/1776/1525
f 1459/1744/1501 1458/1755/1512 1472/1770/1521 1473/1777/1526
f 1466/1743/1500 1465/1742/1499 1478/1776/1525 1479/1778/1527
f 1460/1745/1502 1459/1744/1501 1473/1777/1526 1474/1779/1528
f 1467/1746/1503 1466/1743/1500 1479/1778/1527 1480/1780/1529
f 1461/1747/1504 1460/1745/1502 1474/1779/1528 1475/1781/1530
f 1468/1748/1505 1467/1746/1503 1480/1780/1529 1481/1782/1531
f 1462/1749/1506 1461/1747/1504 1475/1781/1530 1830/1783/1532 1832/1784/1533 1833/1785/1533 1834/1786/1533 1835/1787/1533 1836/1788/1533 1837/1789/1533 2211/1790/1534
f 1455/1750/1507 1527/1568/1233 1469/1791/1535
f 1683/1570/1235 1468/1748/1505 1481/1782/1531
f 1463/1751/1508 1462/1749/1506 2211/1790/1534 1839/1792/1536 1838/1793/1536 1844/1794/1536 1843/1795/1536 1850/1796/1536 1848/1761/1515
f 1456/1752/1509 1455/1750/1507 1469/1791/1535 1470/1768/1519
f 1480/1780/1529 1479/1778/1527 1494/1797/1537 1495/1798/1538
f 1475/1781/1530 1474/1779/1528 1487/1799/1539 1488/1800/1540
f 1481/1782/1531 1480/1780/1529 1495/1798/1538 1496/1801/1541
f 1469/1791/1535 1527/1568/1233 1482/1802/1542
f 1683/1570/1235 1481/1782/1531 1496/1801/1541
f 1470/1768/1519 1469/1791/1535 1482/1802/1542 1483/1803/1543
f 1476/1767/1518 2222/1766/1517 1847/1804/1544 1846/1805/1545 1490/1806/1546 1491/1807/1547
f 1471/1769/1520 1470/1768/1519 1483/1803/1543 1484/1808/1548
f 1477/1775/1524 1476/1767/1518 1491/1807/1547 1492/1809/1549
f 1472/1770/1521 1471/1769/1520 1484/1808/1548 1485/1810/1550
f 1478/1776/1525 1477/1775/1524 1492/1809/1549 1493/1811/1551
f 1473/1777/1526 1472/1770/1521 1485/1810/1550 1486/1812/1552
f 1479/1778/1527 1478/1776/1525 1493/1811/1551 1494/1797/1537
f 1474/1779/1528 1473/1777/1526 1486/1812/1552 1790/1813/1553 1788/1814/1554 1785/1815/1554 1786/1816/1554 1787/1817/1554 1791/1818/1554 1792/1819/1554 1805/1820/1554 1804/1821/1554 1803/1822/1554 1802/1823/1554 2175/1824/1555 1487/1799/1539
f 1484/1808/1548 1483/1803/1543 1498/1825/1556 1499/1826/1557
f 1492/1809/1549 1491/1807/1547 1506/1827/1558 1507/1828/1559
f 1485/1810/1550 1484/1808/1548 1499/1826/1557 1500/1829/1560
f 1493/1811/1551 1492/1809/1549 1507/1828/1559 1508/1830/1561
f 1486/1812/1552 1485/1810/1550 1500/1829/1560 1501/1831/1562
f 1494/1797/1537 1493/1811/1551 1508/1830/1561 1509/1832/1563
f 1487/1799/1539 2175/1824/1555 1800/1833/1564 2172/1834/1565
f 1495/1798/1538 1494/1797/1537 1509/1832/1563 1510/1835/1566
f 1488/1800/1540 1487/1799/1539 2172/1834/1565 1799/1836/1567 1817/1837/1567 1816/1838/1567 1815/1839/1567 1814/1840/1567 1813/1841/1567 1812/1842/1567 1822/1843/1567 2195/1844/1568 1503/1845/1569
f 1496/1801/1541 1495/1798/1538 1510/1835/1566 1511/1846/1570
f 1489/1847/1571 1488/1800/1540 1503/1845/1569 1504/1848/1572
f 1482/1802/1542 1527/1568/1233 1497/1849/1573
f 1683/1570/1235 1496/1801/1541 1511/1846/1570
f 1490/1806/1546 1489/1847/1571 1504/1848/1572 1505/1850/1574
f 1483/1803/1543 1482/1802/1542 1497/1849/1573 1498/1825/1556
f 1491/1807/1547 1490/1806/1546 1505/1850/1574 1506/1827/1558
f 1503/1845/1569 2195/1844/1568 2193/1851/1575
f 1511/1846/1570 1510/1835/1566 1525/1852/1576 1526/1853/1577
f 1504/1848/1572 1503/1845/1569 2193/1851/1575 1821/1854/1578 1819/1855/1578 1820/1856/1579 1518/1857/1580 1519/1858/1581
f 1497/1849/1573 1527/1568/1233 1512/1859/1582
f 1683/1570/1235 1511/1846/1570 1526/1853/1577
f 1505/1850/1574 1504/1848/1572 1519/1858/1581 1520/1860/1583
f 1498/1825/1556 1497/1849/1573 1512/1859/1582 1513/1861/1584
f 1506/1827/1558 1505/1850/1574 1520/1860/1583 1521/1862/1585
f 1499/1826/1557 1498/1825/1556 1513/1861/1584 1514/1863/1586
f 1507/1828/1559 1506/1827/1558 1521/1862/1585 1522/1864/1587
f 1500/1829/1560 1499/1826/1557 1514/1863/1586 1515/1865/1588
f 1508/1830/1561 1507/1828/1559 1522/1864/1587 1523/1866/1589
f 1501/1831/1562 1500/1829/1560 1515/1865/1588 1516/1867/1590
f 1509/1832/1563 1508/1830/1561 1523/1866/1589 1524/1868/1591
f 1502/1869/1592 1501/1831/1562 1516/1867/1590 1517/1870/1593
f 1510/1835/1566 1509/1832/1563 1524/1868/1591 1525/1852/1576
f 1522/1864/1587 1521/1862/1585 1537/1871/1594 1538/1872/1595
f 1515/1865/1588 1514/1863/1586 1530/1873/1596 1531/1874/1597
f 1523/1866/1589 1522/1864/1587 1538/1872/1595 1539/1875/1598
f 1516/1867/1590 1515/1865/1588 1531/1874/1597 1532/1876/1599
f 1524/1868/1591 1523/1866/1589 1539/1875/1598 1540/1877/1600
f 1517/1870/1593 1516/1867/1590 1532/1876/1599 1533/1878/1601
f 1525/1852/1576 1524/1868/1591 1540/1877/1600 1541/1879/1602
f 1518/1857/1580 1517/1870/1593 1533/1878/1601 1534/1880/1603
f 1526/1853/1577 1525/1852/1576 1541/1879/1602 1542/1881/1604
f 1519/1858/1581 1518/1857/1580 1534/1880/1603 1535/1882/1605
f 1512/1859/1582 1527/1568/1233 1528/1883/1606
f 1683/1570/1235 1526/1853/1577 1542/1881/1604
f 1520/1860/1583 1519/1858/1581 1535/1882/1605 1536/1884/1607
f 1513/1861/1584 1512/1859/1582 1528/1883/1606 1529/1885/1608
f 1521/1862/1585 1520/1860/1583 1536/1884/1607 1537/1871/1594
f 1514/1863/1586 1513/1861/1584 1529/1885/1608 1530/1873/1596
f 1542/1881/1604 1541/1879/1602 1556/1886/1609 1557/1887/1610
f 1535/1882/1605 1534/1880/1603 1549/1888/1611 1550/1889/1612
f 1528/1883/1606 1527/1568/1233 1543/1890/1613
f 1683/1570/1235 1542/1881/1604 1557/1887/1610
f 1536/1884/1607 1535/1882/1605 1550/1889/1612 1551/1891/1614
f 1529/1885/1608 1528/1883/1606 1543/1890/1613 1544/1892/1615
f 1537/1871/1594 1536/1884/1607 1551/1891/1614 1552/1893/1616
f 1530/1873/1596 1529/1885/1608 1544/1892/1615 1545/1894/1617
f 1538/1872/1595 1537/1871/1594 1552/1893/1616 1553/1895/1618
f 1531/1874/1597 1530/1873/1596 1545/1894/1617 1546/1896/1619
f 1539/1875/1598 1538/1872/1595 1553/1895/1618 1554/1897/1620
f 1532/1876/1599 1531/1874/1597 1546/1896/1619 1547/1898/1621
f 1540/1877/1600 1539/1875/1598 1554/1897/1620 1555/1899/1622
f 1533/1878/1601 1532/1876/1599 1547/1898/1621 1548/1900/1623
f 1541/1879/1602 1540/1877/1600 1555/1899/1622 1556/1886/1609
f 1534/1880/1603 1533/1878/1601 1548/1900/1623 1549/1888/1611
f 1546/1896/1619 1545/1894/1617 1560/1901/1624 1561/1902/1625
f 1554/1897/1620 1553/1895/1618 1568/1903/1626 1569/1904/1627
f 1547/1898/1621 1546/1896/1619 1561/1902/1625 1562/1905/1628
f 1555/1899/1622 1554/1897/1620 1569/1904/1627 1570/1906/1629
f 1548/1900/1623 1547/1898/1621 1562/1905/1628 1563/1907/1630
f 1556/1886/1609 1555/1899/1622 1570/1906/1629 1571/1908/1631
f 1549/1888/1611 1548/1900/1623 1563/1907/1630 1564/1909/1632
f 1557/1887/1610 1556/1886/1609 1571/1908/1631 1572/1910/1633
f 1550/1889/1612 1549/1888/1611 1564/1909/1632 1565/1911/1634
f 1543/1890/1613 1527/1568/1233 1558/1912/1635
f 1683/1570/1235 1557/1887/1610 1572/1910/1633
f 1551/1891/1614 1550/1889/1612 1565/1911/1634 1566/1913/1636
f 1544/1892/1615 1543/1890/1613 1558/1912/1635 1559/1914/1637
f 1552/1893/1616 1551/1891/1614 1566/1913/1636 1567/1915/1638
f 1545/1894/1617 1544/1892/1615 1559/1914/1637 1560/1901/1624
f 1553/1895/1618 1552/1893/1616 1567/1915/1638 1568/1903/1626
f 1565/1916/1634 1564/1917/1632 1579/1918/1639 1580/1919/1640
f 1558/1920/1635 1527/1421/1233 1573/1921/1641
f 1683/1423/1235 1572/1922/1633 1587/1923/1642
f 1566/1924/1636 1565/1916/1634 1580/1919/1640 1581/1925/1643
f 1559/1926/1637 1558/1920/1635 1573/1921/1641 1574/1927/1644
f 1567/1928/1638 1566/1924/1636 1581/1925/1643 1582/1929/1645
f 1560/1930/1624 1559/1926/1637 1574/1927/1644 1575/1931/1646
f 1568/1932/1626 1567/1928/1638 1582/1929/1645 1583/1933/1647
f 1561/1934/1625 1560/1930/1624 1575/1931/1646 1576/1935/1648
f 1569/1936/1627 1568/1932/1626 1583/1933/1647 1584/1937/1649
f 1562/1938/1628 1561/1934/1625 1576/1935/1648 1577/1939/1650
f 1570/1940/1629 1569/1936/1627 1584/1937/1649 1585/1941/1651
f 1563/1942/1630 1562/1938/1628 1577/1939/1650 1578/1943/1652
f 1571/1944/1631 1570/1940/1629 1585/1941/1651 1586/1945/1653
f 1564/1917/1632 1563/1942/1630 1578/1943/1652 1579/1918/1639
f 1572/1922/1633 1571/1944/1631 1586/1945/1653 1587/1923/1642
f 1584/1937/1649 1583/1933/1647 1598/1946/1654 1599/1947/1655
f 1577/1939/1650 1576/1935/1648 1591/1948/1656 1592/1949/1657
f 1585/1941/1651 1584/1937/1649 1599/1947/1655 1600/1950/1658
f 1578/1943/1652 1577/1939/1650 1592/1949/1657 1593/1951/1659
f 1586/1945/1653 1585/1941/1651 1600/1950/1658 1601/1952/1660
f 1579/1918/1639 1578/1943/1652 1593/1951/1659 1594/1953/1661
f 1587/1923/1642 1586/1945/1653 1601/1952/1660 1602/1954/1662
f 1580/1919/1640 1579/1918/1639 1594/1953/1661 1595/1955/1663
f 1573/1921/1641 1527/1421/1233 1588/1956/1664
f 1683/1423/1235 1587/1923/1642 1602/1954/1662
f 1581/1925/1643 1580/1919/1640 1595/1955/1663 1596/1957/1665
f 1574/1927/1644 1573/1921/1641 1588/1956/1664 1589/1958/1666
f 1582/1929/1645 1581/1925/1643 1596/1957/1665 1597/1959/1667
f 1575/1931/1646 1574/1927/1644 1589/1958/1666 1590/1960/1668
f 1583/1933/1647 1582/1929/1645 1597/1959/1667 1598/1946/1654
f 1576/1935/1648 1575/1931/1646 1590/1960/1668 1591/1948/1656
f 1683/1423/1235 1602/1954/1662 1617/1961/1669
f 1596/1957/1665 1595/1955/1663 1610/1962/1670 1611/1963/1671
f 1589/1958/1666 1588/1956/1664 1603/1964/1672 1604/1965/1673
f 1597/1959/1667 1596/1957/1665 1611/1963/1671 1612/1966/1674
f 1590/1960/1668 1589/1958/1666 1604/1965/1673 1605/1967/1675
f 1598/1946/1654 1597/1959/1667 1612/1966/1674 1613/1968/1676
f 1591/1948/1656 1590/1960/1668 1605/1967/1675 1606/1969/1677
f 1599/1947/1655 1598/1946/1654 1613/1968/1676 1614/1970/1678
f 1592/1949/1657 1591/1948/1656 1606/1969/1677 1607/1971/1679
f 1600/1950/1658 1599/1947/1655 1614/1970/1678 1615/1972/1680
f 1593/1951/1659 1592/1949/1657 1607/1971/1679 1608/1973/1681
f 1601/1952/1660 1600/1950/1658 1615/1972/1680 1616/1974/1682
f 1594/1953/1661 1593/1951/1659 1608/1973/1681 1609/1975/1683
f 1602/1954/1662 1601/1952/1660 1616/1974/1682 1617/1961/1669
f 1595/1955/1663 1594/1953/1661 1609/1975/1683 1610/1962/1670
f 1588/1956/1664 1527/1421/1233 1603/1964/1672
f 1615/1972/1680 1614/1970/1678 1629/1976/1684 1630/1977/1685
f 1608/1973/1681 1607/1971/1679 1622/1978/1686 1623/1979/1687
f 1616/1974/1682 1615/1972/1680 1630/1977/1685 1631/1980/1688
f 1609/1975/1683 1608/1973/1681 1623/1979/1687 1624/1981/1689
f 1617/1961/1669 1616/1974/1682 1631/1980/1688 1632/1982/1690
f 1610/1962/1670 1609/1975/1683 1624/1981/1689 1625/1983/1691
f 1603/1964/1672 1527/1421/1233 1618/1984/1692
f 1683/1423/1235 1617/1961/1669 1632/1982/1690
f 1611/1963/1671 1610/1962/1670 1625/1983/1691 1626/1985/1693
f 1604/1965/1673 1603/1964/1672 1618/1984/1692 1619/1986/1694
f 1612/1966/1674 1611/1963/1671 1626/1985/1693 1627/1987/1695
f 1605/1967/1675 1604/1965/1673 1619/1986/1694 1620/1988/1696
f 1613/1968/1676 1612/1966/1674 1627/1987/1695 1628/1989/1697
f 1606/1969/1677 1605/1967/1675 1620/1988/1696 1621/1990/1698
f 1614/1970/1678 1613/1968/1676 1628/1989/1697 1629/1976/1684
f 1607/1971/1679 1606/1969/1677 1621/1990/1698 1622/1978/1686
f 1619/1986/1694 1618/1984/1692 1633/1991/1699 1634/1992/1700
f 1627/1987/1695 1626/1985/1693 1641/1993/1701 1642/1994/1702
f 1620/1988/1696 1619/1986/1694 1634/1992/1700 1635/1995/1703
f 1628/1989/1697 1627/1987/1695 1642/1994/1702 1643/1996/1704
f 1621/1990/1698 1620/1988/1696 1635/1995/1703 1636/1997/1705
f 1629/1976/1684 1628/1989/1697 1643/1996/1704 1644/1998/1706
f 1622/1978/1686 1621/1990/1698 1636/1997/1705 1637/1999/1707
f 1630/1977/1685 1629/1976/1684 1644/1998/1706 1645/2000/1708
f 1623/1979/1687 1622/1978/1686 1637/1999/1707 1638/2001/1709
f 1631/1980/1688 1630/1977/1685 1645/2000/1708 1646/2002/1710
f 1624/1981/1689 1623/1979/1687 1638/2001/1709 1639/2003/1711
f 1632/1982/1690 1631/1980/1688 1646/2002/1710 1647/2004/1712
f 1625/1983/1691 1624/1981/1689 1639/2003/1711 1640/2005/1713
f 1618/1984/1692 1527/1421/1233 1633/1991/1699
f 1683/1423/1235 1632/1982/1690 1647/2004/1712
f 1626/1985/1693 1625/1983/1691 1640/2005/1713 1641/1993/1701
f 1638/2001/1709 1637/1999/1707 1652/2006/1714 1653/2007/1715
f 1646/2002/1710 1645/2000/1708 1660/2008/1716 1661/2009/1717
f 1639/2003/1711 1638/2001/1709 1653/2007/1715 1654/2010/1718
f 1647/2004/1712 1646/2002/1710 1661/2009/1717 1662/2011/1719
f 1640/2005/1713 1639/2003/1711 1654/2010/1718 1655/2012/1720
f 1633/1991/1699 1527/1421/1233 1648/2013/1721
f 1683/1423/1235 1647/2004/1712 1662/2011/1719
f 1641/1993/1701 1640/2005/1713 1655/2012/1720 1656/2014/1722
f 1634/1992/1700 1633/1991/1699 1648/2013/1721 1649/2015/1723
f 1642/1994/1702 1641/1993/1701 1656/2014/1722 1657/2016/1724
f 1635/1995/1703 1634/1992/1700 1649/2015/1723 1650/2017/1725
f 1643/1996/1704 1642/1994/1702 1657/2016/1724 1658/2018/1726
f 1636/1997/1705 1635/1995/1703 1650/2017/1725 1651/2019/1727
f 1644/1998/1706 1643/1996/1704 1658/2018/1726 1659/2020/1728
f 1637/1999/1707 1636/1997/1705 1651/2019/1727 1652/2006/1714
f 1645/2000/1708 1644/1998/1706 1659/2020/1728 1660/2008/1716
f 1657/2016/1724 1656/2014/1722 1671/2021/1729 1672/2022/1730
f 1650/2017/1725 1649/2015/1723 1664/2023/1731 1665/2024/1732
f 1658/2018/1726 1657/2016/1724 1672/2022/1730 1673/2025/1733
f 1651/2019/1727 1650/2017/1725 1665/2024/1732 1666/2026/1734
f 1659/2020/1728 1658/2018/1726 1673/2025/1733 1674/2027/1735
f 1652/2006/1714 1651/2019/1727 1666/2026/1734 1667/2028/1736
f 1660/2008/1716 1659/2020/1728 1674/2027/1735 1675/2029/1737
f 1653/2007/1715 1652/2006/1714 1667/2028/1736 1668/2030/1738
f 1661/2009/1717 1660/2008/1716 1675/2029/1737 1676/2031/1739
f 1654/2010/1718 1653/2007/1715 1668/2030/1738 1669/2032/1740
f 1662/2011/1719 1661/2009/1717 1676/2031/1739 1677/2033/1741
f 1655/2012/1720 1654/2010/1718 1669/2032/1740 1670/2034/1742
f 1648/2013/1721 1527/1421/1233 1663/2035/1743
f 1683/1423/1235 1662/2011/1719 1677/2033/1741
f 1656/2014/1722 1655/2012/1720 1670/2034/1742 1671/2021/1729
f 1649/2015/1723 1648/2013/1721 1663/2035/1743 1664/2023/1731
f 1676/2031/1739 1675/2029/1737 1218/1411/1223 1681/1410/1222
f 1669/2032/1740 1668/2030/1738 1214/1406/1218 1215/1414/1226
f 1677/2033/1741 1676/2031/1739 1681/1410/1222 1682/1416/1228
f 1670/2034/1742 1669/2032/1740 1215/1414/1226 1678/1418/1230
f 1663/2035/1743 1527/1421/1233 1209/1420/1232
f 1683/1423/1235 1677/2033/1741 1682/1416/1228
f 1671/2021/1729 1670/2034/1742 1678/1418/1230 1679/1424/1236
f 1664/2023/1731 1663/2035/1743 1209/1420/1232 1210/1426/1238
f 1672/2022/1730 1671/2021/1729 1679/1424/1236 1680/1428/1240
f 1665/2024/1732 1664/2023/1731 1210/1426/1238 1211/1430/1242
f 1673/2025/1733 1672/2022/1730 1680/1428/1240 1216/1432/1244
f 1666/2026/1734 1665/2024/1732 1211/1430/1242 1212/1434/1246
f 1674/2027/1735 1673/2025/1733 1216/1432/1244 1217/1436/1248
f 1667/2028/1736 1666/2026/1734 1212/1434/1246 1213/1407/1219
f 1675/2029/1737 1674/2027/1735 1217/1436/1248 1218/1411/1223
f 1668/2030/1738 1667/2028/1736 1213/1407/1219 1214/1406/1218
f 2068/1636/1427 1693/2036/1429 1690/2037/1429 1687/1606/1401 1390/1605/1400
f 1810/2038/1744 1794/2039/1567 1793/2040/1745 1502/1869/1592
f 1728/2041/1746 1718/2042/1747 1717/2043/1747 1719/2044/1747 1701/2045/1747 1700/2046/1747 1702/1633/1425 1404/1631/1423 1418/1673/1453
f 1793/2040/1745 1795/2047/1564 1796/2048/1564 1797/2049/1564 1789/2050/1564 1790/1813/1553 1486/1812/1552 1501/1831/1562 1502/1869/1592
f 1871/2051/1748 1870/2052/1749 1869/2053/1749 1868/2054/1749 1776/2055/1749 1775/2056/1750 1450/1727/1487 1464/1753/1510
f 1820/1856/1579 1818/2057/1751 1808/2058/1751 1806/2059/1751 1807/2060/1751 1809/2061/1751 1811/2062/1751 1810/2038/1744 1502/1869/1592 1517/1870/1593 1518/1857/1580
f 1760/1722/1482 1759/2063/1470 1758/2064/1470 1748/2065/1470 1747/2066/1470 1746/2067/1470 1736/2068/1470 1735/2069/1470 1737/2070/1752 1419/1680/1457 1434/1695/1468
f 1846/1805/1545 1845/2071/1753 1842/2072/1753 1841/2073/1753 1825/2074/1753 1826/2075/1753 1827/2076/1754 1489/1847/1571 1490/1806/1546
f 1757/1693/1466 1756/2077/1755 1743/2078/1755 1742/2079/1755 1730/2080/1755 1729/2081/1755 1728/2041/1746 1418/1673/1453 1432/1685/1462 1433/1694/1467
f 1775/2056/1750 1774/2082/1756 1773/2083/1756 1772/2084/1756 1768/2085/1756 1767/1708/1476 1436/1706/1474 1450/1727/1487
f 1866/1774/1523 1867/2086/1757 1855/2087/1757 1856/2088/1757 1857/2089/1757 1858/2090/1757 1859/2091/1757 1871/2051/1748 1464/1753/1510 1476/1767/1518 1477/1775/1524
f 1737/2070/1752 1723/2092/1442 1722/2093/1442 1724/2094/1442 1708/2095/1442 1707/2096/1442 1706/2097/1442 1709/1646/1433 1405/1644/1431 1419/1680/1457
f 1827/2076/1754 1828/2098/1758 1829/2099/1758 1831/2100/1758 1830/1783/1532 1475/1781/1530 1488/1800/1540 1489/1847/1571
usemtl Brown
f 1004/2101/1759 1873/2102/1760 1872/2103/1761
f 1004/2101/1759 1872/2103/1761 1874/2104/1762
f 1004/2101/1759 1874/2104/1762 1875/2105/1763
f 1004/2101/1759 1875/2105/1763 1876/2106/1764
f 1004/2101/1759 1876/2106/1764 1877/2107/1765
f 1004/2101/1759 1877/2107/1765 1878/2108/1766
f 1004/2101/1759 1878/2108/1766 1879/2109/1767
f 1004/2101/1759 1879/2109/1767 1880/2110/1768
f 1004/2101/1759 1880/2110/1768 1881/2111/1769
f 1004/2101/1759 1881/2111/1769 1882/2112/1770
f 1004/2101/1759 1882/2112/1770 1883/2113/1771
f 1004/2101/1759 1883/2113/1771 1884/2114/1772
f 1004/2101/1759 1884/2114/1772 1885/2115/1773
f 1004/2101/1759 1885/2115/1773 1886/2116/1774
f 1004/2101/1759 1886/2116/1774 1887/2117/1775
f 1004/2101/1759 1887/2117/1775 1888/2118/1536
f 1004/2101/1759 1888/2118/1536 1889/2119/1536
f 1004/2101/1759 1889/2119/1536 1890/2120/1536
f 1004/2101/1759 1890/2120/1536 1891/2121/1776
f 1004/2101/1759 1891/2121/1776 1892/2122/1777
f 1004/2101/1759 1892/2122/1777 1893/2123/1778
f 1004/2101/1759 1893/2123/1778 1894/2124/1779
f 1004/2101/1759 1894/2124/1779 1895/2125/1780
f 1004/2101/1759 1895/2125/1780 1873/2102/1760
f 1896/2126/1781 1897/2127/1782 1181/2128/1783 1093/2129/1784
f 1897/2127/1782 1898/2130/1785 1095/2131/1786 1181/2128/1783
f 1181/2128/1783 1095/2131/1786 1899/2132/1787 1900/2133/1788
f 1093/2129/1784 1181/2128/1783 1900/2133/1788 1901/2134/1755
f 1896/2126/1781 1093/2129/1784 1182/2135/1789 1907/2136/1790
f 1093/2129/1784 1901/2134/1755 1908/2137/1755 1182/2135/1789
f 1182/2135/1789 1908/2137/1755 1902/2138/1755 1903/2139/1791
f 1907/2136/1790 1182/2135/1789 1903/2139/1791 1905/2140/1792
f 1899/2132/1787 1095/2131/1786 1183/2141/1793 1910/2142/1747
f 1095/2131/1786 1898/2130/1785 1911/2143/1794 1183/2141/1793
f 1183/2141/1793 1911/2143/1794 1912/2144/1795 1100/2145/1796
f 1910/2142/1747 1183/2141/1793 1100/2145/1796 1909/2146/1747
f 1909/2146/1747 1100/2145/1796 1184/2147/1797 1914/2148/1747
f 1100/2145/1796 1912/2144/1795 1915/2149/1798 1184/2147/1797
f 1184/2147/1797 1915/2149/1798 1916/2150/1799 1103/2151/1800
f 1914/2148/1747 1184/2147/1797 1103/2151/1800 1913/2152/1801
f 1913/2152/1801 1103/2151/1800 1185/2153/1802 1918/2154/1803
f 1103/2151/1800 1916/2150/1799 1919/2155/1804 1185/2153/1802
f 1185/2153/1802 1919/2155/1804 1920/2156/1805 1106/2157/1806
f 1918/2154/1803 1185/2153/1802 1106/2157/1806 1917/2158/1807
f 1917/2158/1807 1106/2157/1806 1186/2159/1808 1922/2160/1809
f 1106/2157/1806 1920/2156/1805 1923/2161/1429 1186/2159/1808
f 1186/2159/1808 1923/2161/1429 1924/2162/1810 1109/2163/1811
f 1922/2160/1809 1186/2159/1808 1109/2163/1811 1921/2164/1812
f 1921/2164/1812 1109/2163/1811 1187/2165/1813 1931/2166/1814
f 1109/2163/1811 1924/2162/1810 1932/2167/1815 1187/2165/1813
f 1187/2165/1813 1932/2167/1815 1925/2168/1816 1927/2169/1817
f 1931/2166/1814 1187/2165/1813 1927/2169/1817 1929/2170/1402
f 1935/2171/1818 1934/2172/1819 1188/2173/1820 1115/2174/1821
f 1934/2172/1819 1933/2175/1822 1117/2176/1823 1188/2173/1820
f 1188/2173/1820 1117/2176/1823 1938/2177/1824 1937/2178/1825
f 1115/2174/1821 1188/2173/1820 1937/2178/1825 1936/2179/1751
f 1935/2171/1818 1115/2174/1821 1189/2180/1826 1944/2181/1827
f 1115/2174/1821 1936/2179/1751 1945/2182/1828 1189/2180/1826
f 1189/2180/1826 1945/2182/1828 1943/2183/1829 1941/2184/1830
f 1944/2181/1827 1189/2180/1826 1941/2184/1830 1939/2185/1831
f 1938/2177/1824 1117/2176/1823 1190/2186/1832 1946/2187/1833
f 1117/2176/1823 1933/2175/1822 1949/2188/1567 1190/2186/1832
f 1190/2186/1832 1949/2188/1567 1948/2189/1567 1122/2190/1834
f 1946/2187/1833 1190/2186/1832 1122/2190/1834 1947/2191/1835
f 1947/2191/1835 1122/2190/1834 1191/2192/1836 1950/2193/1837
f 1122/2190/1834 1948/2189/1567 1953/2194/1838 1191/2192/1836
f 1191/2192/1836 1953/2194/1838 1952/2195/1839 1125/2196/1840
f 1950/2193/1837 1191/2192/1836 1125/2196/1840 1951/2197/1841
f 1951/2197/1841 1125/2196/1840 1192/2198/1842 1954/2199/1843
f 1125/2196/1840 1952/2195/1839 1957/2200/1844 1192/2198/1842
f 1192/2198/1842 1957/2200/1844 1956/2201/1845 1128/2202/1846
f 1954/2199/1843 1192/2198/1842 1128/2202/1846 1955/2203/1847
f 1955/2203/1847 1128/2202/1846 1193/2204/1848 1958/2205/1849
f 1128/2202/1846 1956/2201/1845 1961/2206/1554 1193/2204/1848
f 1193/2204/1848 1961/2206/1554 1960/2207/1554 1131/2208/1554
f 1958/2205/1849 1193/2204/1848 1131/2208/1554 1959/2209/1554
f 1959/2209/1554 1131/2208/1554 1194/2210/1554 1967/2211/1554
f 1131/2208/1554 1960/2207/1554 1968/2212/1554 1194/2210/1554
f 1194/2210/1554 1968/2212/1554 1965/2213/1554 1963/2214/1554
f 1967/2211/1554 1194/2210/1554 1963/2214/1554 1962/2215/1554
f 1971/2216/1850 1970/2217/1470 1195/2218/1470 1137/2219/1851
f 1970/2217/1470 1969/2220/1470 1139/2221/1470 1195/2218/1470
f 1195/2218/1470 1139/2221/1470 1974/2222/1470 1973/2223/1470
f 1137/2219/1851 1195/2218/1470 1973/2223/1470 1972/2224/1852
f 1971/2216/1850 1137/2219/1851 1196/2225/1853 1979/2226/1854
f 1137/2219/1851 1972/2224/1852 1981/2227/1855 1196/2225/1853
f 1196/2225/1853 1981/2227/1855 1978/2228/1856 1977/2229/1857
f 1979/2226/1854 1196/2225/1853 1977/2229/1857 1975/2230/1481
f 1974/2222/1470 1139/2221/1470 1197/2231/1470 1982/2232/1470
f 1139/2221/1470 1969/2220/1470 1985/2233/1470 1197/2231/1470
f 1197/2231/1470 1985/2233/1470 1984/2234/1470 1144/2235/1470
f 1982/2232/1470 1197/2231/1470 1144/2235/1470 1983/2236/1470
f 1983/2236/1470 1144/2235/1470 1198/2237/1858 1986/2238/1859
f 1144/2235/1470 1984/2234/1470 1989/2239/1859 1198/2237/1858
f 1198/2237/1858 1989/2239/1859 1988/2240/1860 1147/2241/1861
f 1986/2238/1859 1198/2237/1858 1147/2241/1861 1987/2242/1862
f 1987/2242/1862 1147/2241/1861 1199/2243/1442 1990/2244/1442
f 1147/2241/1861 1988/2240/1860 1993/2245/1442 1199/2243/1442
f 1199/2243/1442 1993/2245/1442 1992/2246/1442 1150/2247/1442
f 1990/2244/1442 1199/2243/1442 1150/2247/1442 1991/2248/1442
f 1991/2248/1442 1150/2247/1442 1200/2249/1442 1994/2250/1442
f 1150/2247/1442 1992/2246/1442 1997/2251/1442 1200/2249/1442
f 1200/2249/1442 1997/2251/1442 1996/2252/1442 1153/2253/1442
f 1994/2250/1442 1200/2249/1442 1153/2253/1442 1995/2254/1442
f 1995/2254/1442 1153/2253/1442 1201/2255/1863 2003/2256/1864
f 1153/2253/1442 1996/2252/1442 2004/2257/1865 1201/2255/1863
f 1201/2255/1863 2004/2257/1865 2001/2258/1866 1999/2259/1867
f 2003/2256/1864 1201/2255/1863 1999/2259/1867 1998/2260/1868
f 2007/2261/1869 2006/2262/1870 1202/2263/1871 1159/2264/1872
f 2006/2262/1870 2005/2265/1873 1161/2266/1874 1202/2263/1871
f 1202/2263/1871 1161/2266/1874 2010/2267/1490 2009/2268/1875
f 1159/2264/1872 1202/2263/1871 2009/2268/1875 2008/2269/1876
f 2007/2261/1869 1159/2264/1872 1203/2270/1877 2015/2271/1878
f 1159/2264/1872 2008/2269/1876 2016/2272/1879 1203/2270/1877
f 1203/2270/1877 2016/2272/1879 2014/2273/1880 2013/2274/1881
f 2015/2271/1878 1203/2270/1877 2013/2274/1881 2011/2275/1477
f 2010/2267/1490 1161/2266/1874 1204/2276/1882 2017/2277/1490
f 1161/2266/1874 2005/2265/1873 2020/2278/1883 1204/2276/1882
f 1204/2276/1882 2020/2278/1883 2019/2279/1884 1166/2280/1885
f 2017/2277/1490 1204/2276/1882 1166/2280/1885 2018/2281/1886
f 2018/2281/1886 1166/2280/1885 1205/2282/1887 2021/2283/1888
f 1166/2280/1885 2019/2279/1884 2024/2284/1889 1205/2282/1887
f 1205/2282/1887 2024/2284/1889 2023/2285/1890 1169/2286/1891
f 2021/2283/1888 1205/2282/1887 1169/2286/1891 2022/2287/1513
f 2022/2287/1513 1169/2286/1891 1206/2288/1892 2025/2289/1513
f 1169/2286/1891 2023/2285/1890 2028/2290/1893 1206/2288/1892
f 1206/2288/1892 2028/2290/1893 2027/2291/1894 1172/2292/1895
f 2025/2289/1513 1206/2288/1892 1172/2292/1895 2026/2293/1896
f 2026/2293/1896 1172/2292/1895 1207/2294/1897 2029/2295/1898
f 1172/2292/1895 2027/2291/1894 2032/2296/1899 1207/2294/1897
f 1207/2294/1897 2032/2296/1899 2031/2297/1900 1175/2298/1901
f 2029/2295/1898 1207/2294/1897 1175/2298/1901 2030/2299/1902
f 2030/2299/1902 1175/2298/1901 1208/2300/1903 2037/2301/1904
f 1175/2298/1901 2031/2297/1900 2038/2302/1905 1208/2300/1903
f 1208/2300/1903 2038/2302/1905 2035/2303/1757 2034/2304/1906
f 2037/2301/1904 1208/2300/1903 2034/2304/1906 2033/2305/1907
o Sphere.002
v 3.180978 0.915735 0.724231
v 3.151305 0.852369 0.718401
v 3.084176 0.771406 0.714325
v 2.992663 0.698440 0.719230
v 2.888256 0.643094 0.720931
v 2.774968 0.608728 0.718077
v 2.657153 0.597124 0.720157
v 2.539338 0.608728 0.718077
v 2.426050 0.643094 0.720932
v 2.321643 0.698440 0.719230
v 2.230130 0.771406 0.714325
v 2.163001 0.852369 0.718401
v 2.133328 0.915735 0.724231
v 3.010894 0.824708 0.783857
v 2.900814 0.773962 0.790571
v 2.781370 0.738416 0.797276
v 2.413492 0.773962 0.790571
v 2.303412 0.824708 0.783857
v 3.103212 0.889113 0.756686
v 2.657153 0.726182 0.802971
v 2.144644 0.950909 0.742320
v 2.211094 0.889113 0.756686
v 2.532936 0.738416 0.797276
v 3.169662 0.950909 0.742320
v 2.657153 0.645456 -0.831469
v 2.657153 0.493919 -0.707107
v 2.657153 0.369556 -0.555570
v 2.848495 1.005936 -0.961940
v 2.837393 0.818343 -0.906127
v 2.819365 0.645456 -0.815493
v 2.795103 0.493919 -0.693520
v 2.765539 0.369556 -0.544895
v 2.731811 0.277146 -0.375330
v 2.695213 0.220241 -0.191342
v 3.032483 1.005936 -0.906127
v 3.010707 0.818343 -0.853553
v 2.975343 0.645456 -0.768178
v 2.927751 0.493919 -0.653281
v 2.869761 0.369556 -0.513280
v 2.803600 0.277146 -0.353553
v 2.731811 0.220241 -0.180240
v 3.212723 1.201026 -0.831469
v 3.202048 1.005936 -0.815493
v 3.170433 0.818343 -0.768178
v 3.119093 0.645456 -0.691341
v 3.050001 0.493919 -0.587938
v 2.965811 0.369556 -0.461940
v 2.869761 0.277146 -0.318190
v 2.765540 0.220241 -0.162211
v 3.364260 1.201026 -0.707106
v 3.350673 1.005936 -0.693520
v 3.310435 0.818343 -0.653281
v 3.245091 0.645456 -0.587937
v 3.157153 0.493919 -0.500000
v 3.050001 0.369556 -0.392847
v 2.927751 0.277146 -0.270598
v 2.795103 0.220241 -0.137949
v 3.488623 1.201026 -0.555570
v 3.472646 1.005936 -0.544895
v 3.425331 0.818343 -0.513280
v 3.348495 0.645456 -0.461939
v 3.245091 0.493919 -0.392847
v 3.119093 0.369556 -0.308658
v 2.975343 0.277146 -0.212607
v 2.819365 0.220241 -0.108386
v 3.581033 1.201026 -0.382683
v 3.563281 1.005936 -0.375330
v 3.510707 0.818343 -0.353553
v 3.425331 0.645456 -0.318189
v 3.310435 0.493919 -0.270598
v 3.170433 0.369556 -0.212607
v 3.010707 0.277146 -0.146446
v 2.837393 0.220241 -0.074658
v 3.619093 1.005936 -0.191341
v 3.563281 0.818343 -0.180240
v 3.472646 0.645456 -0.162211
v 3.350673 0.493919 -0.137949
v 3.202048 0.369556 -0.108386
v 3.032484 0.277146 -0.074658
v 2.848495 0.220241 -0.038060
v 3.657153 1.201026 0.000000
v 3.637938 1.005936 0.000000
v 3.581033 0.818343 0.000000
v 3.488623 0.645456 0.000000
v 3.364260 0.493919 0.000000
v 3.212723 0.369556 0.000000
v 3.039837 0.277146 0.000000
v 2.852243 0.220241 0.000000
v 3.619093 1.005936 0.191342
v 3.563281 0.818343 0.180240
v 3.472646 0.645456 0.162212
v 3.350673 0.493919 0.137950
v 3.202048 0.369556 0.108387
v 3.032484 0.277146 0.074658
v 2.848495 0.220241 0.038060
v 3.581032 1.201026 0.382684
v 3.563280 1.005936 0.375330
v 3.510706 0.818343 0.353554
v 3.425331 0.645456 0.318190
v 3.310435 0.493919 0.270598
v 3.170433 0.369556 0.212608
v 3.010707 0.277146 0.146447
v 2.837393 0.220241 0.074658
v 3.488622 1.201026 0.555570
v 3.472646 1.005936 0.544895
v 3.425331 0.818343 0.513280
v 3.348495 0.645456 0.461940
v 3.245091 0.493919 0.392848
v 3.119093 0.369556 0.308658
v 2.975343 0.277146 0.212608
v 2.819365 0.220241 0.108387
v 3.364259 1.201026 0.707107
v 3.350673 1.005936 0.693520
v 3.310435 0.818343 0.653282
v 3.245091 0.645456 0.587938
v 3.157153 0.493919 0.500000
v 3.050000 0.369556 0.392848
v 2.927751 0.277146 0.270598
v 2.795103 0.220241 0.137950
v 3.202048 1.005936 0.815493
v 3.170433 0.818343 0.768178
v 3.119093 0.645456 0.691342
v 3.050001 0.493919 0.587938
v 2.965811 0.369556 0.461940
v 2.869761 0.277146 0.318190
v 2.765539 0.220241 0.162212
v 3.039836 1.201026 0.923879
v 3.032483 1.005936 0.906127
v 2.975343 0.645456 0.768178
v 2.927751 0.493919 0.653282
v 2.869761 0.369556 0.513280
v 2.803600 0.277146 0.353554
v 2.731811 0.220241 0.180240
v 2.848495 1.005936 0.961940
v 2.837393 0.818343 0.906128
v 2.795103 0.493919 0.693520
v 2.765539 0.369556 0.544895
v 2.731811 0.277146 0.375331
v 2.695213 0.220241 0.191342
v 2.657153 1.201026 1.000000
v 2.657153 1.005936 0.980785
v 2.657153 0.818343 0.923880
v 2.657153 0.493919 0.707107
v 2.657153 0.369556 0.555570
v 2.657153 0.277146 0.382684
v 2.657153 0.220241 0.195091
v 2.465811 1.005936 0.961940
v 2.476913 0.818343 0.906128
v 2.519203 0.493919 0.693520
v 2.548767 0.369556 0.544895
v 2.582495 0.277146 0.375331
v 2.619093 0.220241 0.191342
v 2.281823 1.005936 0.906127
v 2.338964 0.645456 0.768178
v 2.386555 0.493919 0.653282
v 2.444546 0.369556 0.513280
v 2.510706 0.277146 0.353554
v 2.582495 0.220241 0.180240
v 2.101583 1.201026 0.831469
v 2.112258 1.005936 0.815493
v 2.143873 0.818343 0.768178
v 2.195214 0.645456 0.691342
v 2.264306 0.493919 0.587938
v 2.348495 0.369556 0.461940
v 2.444546 0.277146 0.318190
v 2.548767 0.220241 0.162212
v 1.950047 1.201026 0.707106
v 1.963634 1.005936 0.693520
v 2.003872 0.818343 0.653282
v 2.069216 0.645456 0.587938
v 2.157153 0.493919 0.500000
v 2.264306 0.369556 0.392847
v 2.386555 0.277146 0.270598
v 2.519203 0.220241 0.137950
v 1.841660 1.005936 0.544895
v 1.888975 0.818343 0.513280
v 1.965812 0.645456 0.461940
v 2.069216 0.493919 0.392848
v 2.195214 0.369556 0.308658
v 2.338964 0.277146 0.212608
v 2.494941 0.220241 0.108387
v 1.733274 1.201026 0.382683
v 1.751026 1.005936 0.375330
v 1.803600 0.818343 0.353553
v 1.888976 0.645456 0.318190
v 2.003872 0.493919 0.270598
v 2.143873 0.369556 0.212608
v 2.303600 0.277146 0.146447
v 2.476913 0.220241 0.074658
v 1.676369 1.201026 0.195090
v 1.695214 1.005936 0.191342
v 1.751026 0.818343 0.180240
v 1.841660 0.645456 0.162212
v 1.963633 0.493919 0.137950
v 2.112258 0.369556 0.108386
v 2.281823 0.277146 0.074658
v 2.465811 0.220241 0.038060
v 1.676368 1.005936 0.000000
v 1.733274 0.818343 0.000000
v 1.825684 0.645456 0.000000
v 1.950047 0.493919 0.000000
v 2.101583 0.369556 0.000000
v 2.274470 0.277146 0.000000
v 2.462063 0.220241 0.000000
v 1.676369 1.201026 -0.195090
v 1.695214 1.005936 -0.191342
v 1.751026 0.818343 -0.180240
v 1.841660 0.645456 -0.162211
v 1.963634 0.493919 -0.137949
v 2.112258 0.369556 -0.108386
v 2.281823 0.277146 -0.074658
v 2.465811 0.220241 -0.038060
v 1.733275 1.201026 -0.382683
v 1.751026 1.005936 -0.375330
v 1.803600 0.818343 -0.353553
v 1.888976 0.645456 -0.318189
v 2.003872 0.493919 -0.270598
v 2.143873 0.369556 -0.212607
v 2.303600 0.277146 -0.146446
v 2.476913 0.220241 -0.074658
v 1.825685 1.201026 -0.555570
v 1.841660 1.005936 -0.544895
v 1.888976 0.818343 -0.513280
v 1.965812 0.645456 -0.461939
v 2.069216 0.493919 -0.392847
v 2.195214 0.369556 -0.308658
v 2.338964 0.277146 -0.212607
v 2.494941 0.220241 -0.108386
v 1.950047 1.201026 -0.707106
v 1.963634 1.005936 -0.693519
v 2.003872 0.818343 -0.653281
v 2.069216 0.645456 -0.587937
v 2.157153 0.493919 -0.500000
v 2.264306 0.369556 -0.392847
v 2.386555 0.277146 -0.270598
v 2.519203 0.220241 -0.137949
v 2.101584 1.201026 -0.831469
v 2.112258 1.005936 -0.815493
v 2.143873 0.818343 -0.768177
v 2.195214 0.645456 -0.691341
v 2.264306 0.493919 -0.587937
v 2.348495 0.369556 -0.461939
v 2.444546 0.277146 -0.318189
v 2.548767 0.220241 -0.162211
v 2.281823 1.005936 -0.906127
v 2.303600 0.818343 -0.853553
v 2.338964 0.645456 -0.768177
v 2.386555 0.493919 -0.653281
v 2.444546 0.369556 -0.513279
v 2.510707 0.277146 -0.353553
v 2.582495 0.220241 -0.180240
v 2.465812 1.005936 -0.961939
v 2.476913 0.818343 -0.906127
v 2.494942 0.645456 -0.815492
v 2.519203 0.493919 -0.693519
v 2.548767 0.369556 -0.544894
v 2.582495 0.277146 -0.375330
v 2.619093 0.220241 -0.191341
v 2.657153 1.005936 -0.980784
v 2.657153 0.818343 -0.923879
v 2.657153 0.277146 -0.382683
v 2.657153 0.220241 -0.195090
v 2.657153 0.201026 0.000000
v 2.943840 1.536491 0.853870
v 2.978751 1.529486 0.845490
v 3.011858 1.512557 0.840788
v 3.039364 1.480051 0.838856
v 3.061362 1.440852 0.840516
v 3.083714 1.380516 0.845615
v 3.093860 1.328773 0.845943
v 3.096294 1.265542 0.851669
v 3.081830 1.206434 0.865969
v 3.060997 1.242377 0.873110
v 3.031301 1.285897 0.882913
v 2.991330 1.325033 0.891029
v 2.943143 1.339405 0.904175
v 2.901252 1.328733 0.917975
v 2.866547 1.302420 0.931198
v 2.828561 1.251335 0.943300
v 2.794815 1.202872 0.951397
v 2.782804 1.239382 0.948984
v 2.782751 1.325578 0.940499
v 2.795601 1.384710 0.933410
v 2.820969 1.448900 0.913776
v 2.848301 1.493242 0.896496
v 2.877880 1.520462 0.878936
v 2.909865 1.533609 0.865086
v 2.972250 1.498547 0.857222
v 2.943043 1.503587 0.864492
v 2.999431 1.486594 0.852748
v 3.022763 1.462882 0.853151
v 3.042279 1.432974 0.853412
v 3.062506 1.386020 0.856339
v 3.071620 1.346051 0.855910
v 3.073793 1.297510 0.860143
v 3.068141 1.277648 0.865371
v 3.064161 1.283554 0.866843
v 3.035390 1.319813 0.878191
v 2.994840 1.353956 0.887002
v 2.943379 1.367155 0.901260
v 2.898293 1.357278 0.915949
v 2.862329 1.333828 0.929260
v 2.825574 1.291321 0.939656
v 2.808343 1.270040 0.943449
v 2.805646 1.277089 0.943020
v 2.805599 1.343577 0.936476
v 2.817122 1.389176 0.930850
v 2.840083 1.439143 0.914854
v 2.864170 1.472748 0.898147
v 2.888913 1.492330 0.884464
v 2.914967 1.501539 0.873655
v 2.979316 1.453324 0.869346
v 2.909538 1.454570 0.890119
v 2.943165 1.453969 0.880108
v 2.999705 1.452960 0.863276
v 2.896653 1.454800 0.893956
v 2.877638 1.438851 0.904755
v 3.008292 1.436398 0.865895
v 3.023627 1.411862 0.868984
v 3.035282 1.384259 0.871087
v 2.859236 1.413702 0.918271
v 2.370467 1.536491 0.853870
v 2.335555 1.529486 0.845490
v 2.302449 1.512557 0.840788
v 2.274942 1.480051 0.838855
v 2.252944 1.440852 0.840515
v 2.230593 1.380516 0.845615
v 2.220447 1.328773 0.845943
v 2.218012 1.265542 0.851669
v 2.232476 1.206434 0.865969
v 2.253309 1.242377 0.873110
v 2.283006 1.285898 0.882913
v 2.322977 1.325033 0.891029
v 2.371163 1.339405 0.904174
v 2.413054 1.328733 0.917975
v 2.447760 1.302420 0.931198
v 2.485745 1.251335 0.943300
v 2.519491 1.202873 0.951396
v 2.531502 1.239382 0.948984
v 2.531555 1.325578 0.940499
v 2.518705 1.384710 0.933410
v 2.493338 1.448900 0.913776
v 2.466005 1.493242 0.896495
v 2.436427 1.520462 0.878936
v 2.404441 1.533609 0.865086
v 2.342056 1.498547 0.857222
v 2.371264 1.503587 0.864492
v 2.314875 1.486594 0.852748
v 2.291543 1.462882 0.853151
v 2.272027 1.432974 0.853412
v 2.251800 1.386020 0.856339
v 2.242687 1.346051 0.855910
v 2.240514 1.297510 0.860143
v 2.246165 1.277648 0.865371
v 2.250146 1.283554 0.866843
v 2.278916 1.319813 0.878191
v 2.319466 1.353956 0.887002
v 2.370927 1.367155 0.901260
v 2.416013 1.357278 0.915949
v 2.451978 1.333828 0.929260
v 2.488732 1.291321 0.939656
v 2.505963 1.270040 0.943449
v 2.508660 1.277089 0.943020
v 2.508708 1.343577 0.936476
v 2.497185 1.389176 0.930850
v 2.474223 1.439143 0.914853
v 2.450136 1.472748 0.898147
v 2.425394 1.492330 0.884464
v 2.399339 1.501539 0.873655
v 2.334991 1.453324 0.869346
v 2.404768 1.454570 0.890119
v 2.371141 1.453969 0.880108
v 2.314602 1.452960 0.863276
v 2.417654 1.454800 0.893955
v 2.436668 1.438851 0.904755
v 2.306014 1.436398 0.865895
v 2.290679 1.411862 0.868984
v 2.279025 1.384259 0.871087
v 2.455070 1.413702 0.918271
v 2.657153 2.181811 -0.195090
v 2.657153 2.124906 -0.382683
v 2.657153 2.032495 -0.555570
v 2.657153 1.908133 -0.707107
v 2.657153 1.756596 -0.831469
v 2.657153 1.583709 -0.923879
v 2.657153 1.396116 -0.980785
v 2.695213 2.181811 -0.191342
v 2.731811 2.124906 -0.375330
v 2.765540 2.032495 -0.544895
v 2.795103 1.908133 -0.693520
v 2.819365 1.756596 -0.815493
v 2.837393 1.583709 -0.906127
v 2.848495 1.396116 -0.961940
v 2.852243 1.201026 -0.980785
v 2.731811 2.181811 -0.180240
v 2.803600 2.124906 -0.353553
v 2.869761 2.032495 -0.513280
v 2.927751 1.908133 -0.653281
v 2.975343 1.756596 -0.768177
v 3.010706 1.583709 -0.853553
v 3.032483 1.396116 -0.906127
v 3.039837 1.201026 -0.923879
v 2.765540 2.181811 -0.162211
v 2.869761 2.124906 -0.318190
v 2.965811 2.032495 -0.461940
v 3.050001 1.908133 -0.587938
v 3.119093 1.756596 -0.691341
v 3.170433 1.583709 -0.768178
v 3.202048 1.396116 -0.815493
v 2.795103 2.181811 -0.137949
v 2.927751 2.124906 -0.270598
v 3.050001 2.032495 -0.392847
v 3.157153 1.908133 -0.500000
v 3.245091 1.756596 -0.587937
v 3.310435 1.583709 -0.653281
v 3.350673 1.396116 -0.693520
v 2.819365 2.181811 -0.108386
v 2.975343 2.124906 -0.212607
v 3.119093 2.032495 -0.308658
v 3.245091 1.908133 -0.392847
v 3.348495 1.756596 -0.461939
v 3.425331 1.583709 -0.513280
v 3.472646 1.396116 -0.544895
v 2.837393 2.181811 -0.074658
v 3.010707 2.124906 -0.146446
v 3.170433 2.032495 -0.212607
v 3.310435 1.908133 -0.270598
v 3.425331 1.756596 -0.318189
v 3.510706 1.583709 -0.353553
v 3.563281 1.396116 -0.375330
v 2.848495 2.181811 -0.038060
v 3.032484 2.124906 -0.074658
v 3.202048 2.032495 -0.108386
v 3.350673 1.908133 -0.137949
v 3.472646 1.756596 -0.162211
v 3.563281 1.583709 -0.180240
v 3.619093 1.396116 -0.191341
v 3.637938 1.201026 -0.195090
v 2.852243 2.181811 0.000000
v 3.039837 2.124906 0.000000
v 3.212723 2.032495 0.000000
v 3.364260 1.908133 0.000000
v 3.488623 1.756596 0.000000
v 3.581033 1.583709 0.000000
v 3.637938 1.396116 0.000000
v 2.848495 2.181811 0.038060
v 3.032484 2.124906 0.074658
v 3.202048 2.032495 0.108387
v 3.350673 1.908133 0.137950
v 3.472646 1.756596 0.162212
v 3.563280 1.583709 0.180240
v 3.619093 1.396116 0.191342
v 3.637938 1.201026 0.195091
v 2.837393 2.181811 0.074658
v 3.010707 2.124906 0.146447
v 3.170433 2.032495 0.212608
v 3.310435 1.908133 0.270598
v 3.425331 1.756596 0.318190
v 3.510706 1.583709 0.353554
v 3.563280 1.396116 0.375330
v 2.819365 2.181811 0.108387
v 2.975343 2.124906 0.212608
v 3.119093 2.032495 0.308658
v 3.245091 1.908133 0.392848
v 3.348495 1.756596 0.461940
v 3.425331 1.583709 0.513280
v 3.472646 1.396116 0.544895
v 2.795103 2.181811 0.137950
v 2.927751 2.124906 0.270598
v 3.050000 2.032495 0.392848
v 3.157153 1.908133 0.500000
v 3.245091 1.756596 0.587938
v 3.310434 1.583709 0.653282
v 3.350673 1.396116 0.693520
v 2.765539 2.181811 0.162212
v 2.869761 2.124906 0.318190
v 2.965811 2.032495 0.461940
v 3.050001 1.908133 0.587938
v 3.119093 1.756596 0.691342
v 3.170433 1.583709 0.768178
v 3.202048 1.396116 0.815493
v 3.212723 1.201026 0.831470
v 2.731811 2.181811 0.180240
v 2.803600 2.124906 0.353554
v 2.869761 2.032495 0.513280
v 2.927751 1.908133 0.653282
v 2.975343 1.756596 0.768178
v 3.010706 1.583709 0.853553
v 2.695213 2.181811 0.191342
v 2.731811 2.124906 0.375331
v 2.765539 2.032495 0.544895
v 2.795103 1.908133 0.693520
v 2.819365 1.756596 0.815493
v 2.837393 1.583709 0.906127
v 2.852243 1.201026 0.980785
v 2.657153 2.181811 0.195091
v 2.657153 2.124906 0.382684
v 2.657153 2.032495 0.555570
v 2.657153 1.908133 0.707107
v 2.657153 1.756596 0.831469
v 2.657153 1.583709 0.923880
v 2.657153 1.396116 0.980785
v 2.619093 2.181811 0.191342
v 2.582495 2.124906 0.375331
v 2.548767 2.032495 0.544895
v 2.519203 1.908133 0.693520
v 2.494941 1.756596 0.815493
v 2.476913 1.583709 0.906127
v 2.462063 1.201026 0.980785
v 2.582495 2.181811 0.180240
v 2.510706 2.124906 0.353554
v 2.444546 2.032495 0.513280
v 2.386555 1.908133 0.653282
v 2.338964 1.756596 0.768178
v 2.303600 1.583709 0.853553
v 2.274470 1.201026 0.923879
v 2.548767 2.181811 0.162212
v 2.444546 2.124906 0.318190
v 2.348495 2.032495 0.461940
v 2.264306 1.908133 0.587938
v 2.195214 1.756596 0.691342
v 2.143873 1.583709 0.768178
v 2.112258 1.396116 0.815493
v 2.519203 2.181811 0.137950
v 2.386555 2.124906 0.270598
v 2.264306 2.032495 0.392847
v 2.157153 1.908133 0.500000
v 2.069216 1.756596 0.587938
v 2.003872 1.583709 0.653282
v 1.963634 1.396116 0.693520
v 2.494941 2.181811 0.108387
v 2.338964 2.124906 0.212608
v 2.195214 2.032495 0.308658
v 2.069216 1.908133 0.392848
v 1.965812 1.756596 0.461940
v 1.888976 1.583709 0.513280
v 1.841660 1.396116 0.544895
v 1.825684 1.201026 0.555570
v 2.657153 2.201026 0.000000
v 2.476913 2.181811 0.074658
v 2.303600 2.124906 0.146447
v 2.143873 2.032495 0.212608
v 2.003872 1.908133 0.270598
v 1.888976 1.756596 0.318190
v 1.803600 1.583709 0.353553
v 1.751026 1.396116 0.375330
v 2.465811 2.181811 0.038060
v 2.281823 2.124906 0.074658
v 2.112258 2.032495 0.108386
v 1.963633 1.908133 0.137950
v 1.841660 1.756596 0.162212
v 1.751026 1.583709 0.180240
v 1.695214 1.396116 0.191342
v 2.462063 2.181811 0.000000
v 2.274470 2.124906 0.000000
v 2.101583 2.032495 0.000000
v 1.950047 1.908133 0.000000
v 1.825684 1.756596 0.000000
v 1.733274 1.583709 0.000000
v 1.676368 1.396116 0.000000
v 1.657154 1.201026 -0.000000
v 2.465811 2.181811 -0.038060
v 2.281823 2.124906 -0.074658
v 2.112258 2.032495 -0.108386
v 1.963634 1.908133 -0.137949
v 1.841660 1.756596 -0.162211
v 1.751026 1.583709 -0.180240
v 1.695214 1.396116 -0.191342
v 2.476913 2.181811 -0.074658
v 2.303600 2.124906 -0.146446
v 2.143873 2.032495 -0.212607
v 2.003872 1.908133 -0.270598
v 1.888976 1.756596 -0.318189
v 1.803600 1.583709 -0.353553
v 1.751026 1.396116 -0.375330
v 2.494941 2.181811 -0.108386
v 2.338964 2.124906 -0.212607
v 2.195214 2.032495 -0.308658
v 2.069216 1.908133 -0.392847
v 1.965812 1.756596 -0.461939
v 1.888976 1.583709 -0.513280
v 1.841660 1.396116 -0.544895
v 2.519203 2.181811 -0.137949
v 2.386555 2.124906 -0.270598
v 2.264306 2.032495 -0.392847
v 2.157153 1.908133 -0.500000
v 2.069216 1.756596 -0.587937
v 2.003872 1.583709 -0.653281
v 1.963634 1.396116 -0.693519
v 2.548767 2.181811 -0.162211
v 2.444546 2.124906 -0.318189
v 2.348495 2.032495 -0.461939
v 2.264306 1.908133 -0.587937
v 2.195214 1.756596 -0.691341
v 2.143873 1.583709 -0.768177
v 2.112258 1.396116 -0.815493
v 2.582495 2.181811 -0.180240
v 2.510707 2.124906 -0.353553
v 2.444546 2.032495 -0.513279
v 2.386555 1.908133 -0.653281
v 2.338964 1.756596 -0.768177
v 2.303600 1.583709 -0.853553
v 2.281823 1.396116 -0.906127
v 2.274471 1.201026 -0.923878
v 2.619093 2.181811 -0.191341
v 2.582495 2.124906 -0.375330
v 2.548767 2.032495 -0.544894
v 2.519203 1.908133 -0.693519
v 2.494942 1.756596 -0.815492
v 2.476913 1.583709 -0.906127
v 2.465812 1.396116 -0.961939
v 2.462064 1.201026 -0.980784
v 2.657154 1.201026 -0.999999
v 3.093860 1.328773 0.880806
v 3.096294 1.265542 0.886532
v 3.081830 1.206434 0.900832
v 3.039364 1.480051 0.873718
v 3.020096 1.502821 0.876223
v 3.011858 1.512557 0.875650
v 3.061362 1.440852 0.875378
v 3.083714 1.380516 0.880478
v 3.077935 1.396116 0.881833
v 3.036949 1.277619 0.916910
v 3.031301 1.285897 0.917775
v 3.060997 1.242377 0.907973
v 2.978751 1.529486 0.880353
v 2.943840 1.536491 0.888733
v 2.909865 1.533609 0.899948
v 2.991330 1.325033 0.925892
v 2.943143 1.339405 0.939037
v 2.901252 1.328733 0.952838
v 2.877880 1.520462 0.913799
v 2.848301 1.493242 0.931358
v 2.820969 1.448900 0.948639
v 2.843233 1.485020 0.935489
v 2.866547 1.302420 0.966061
v 2.850704 1.281114 0.973049
v 2.828561 1.251335 0.978162
v 2.795601 1.384710 0.968273
v 2.800109 1.396116 0.966705
v 2.794815 1.202872 0.986259
v 2.782751 1.325578 0.975362
v 2.782804 1.239382 0.983846
v 2.531502 1.239382 0.983846
v 2.531555 1.325578 0.975362
v 2.518705 1.384710 0.968273
v 2.485745 1.251335 0.978162
v 2.519491 1.202873 0.986259
v 2.514198 1.396116 0.966705
v 2.493338 1.448900 0.948639
v 2.404441 1.533609 0.899948
v 2.436427 1.520462 0.913798
v 2.466005 1.493242 0.931358
v 2.471073 1.485020 0.935489
v 2.371163 1.339405 0.939037
v 2.413054 1.328733 0.952838
v 2.463602 1.281115 0.973048
v 2.447760 1.302420 0.966061
v 2.335555 1.529486 0.880353
v 2.370467 1.536491 0.888733
v 2.302449 1.512557 0.875650
v 2.283006 1.285898 0.917775
v 2.322977 1.325033 0.925892
v 2.274942 1.480051 0.873718
v 2.294210 1.502821 0.876223
v 2.252944 1.440852 0.875378
v 2.236372 1.396116 0.881833
v 2.230593 1.380516 0.880478
v 2.220447 1.328773 0.880805
v 2.218012 1.265542 0.886532
v 2.253309 1.242377 0.907973
v 2.277357 1.277619 0.916910
v 2.232476 1.206434 0.900832
v 3.151305 0.852369 0.790049
v 3.180978 0.915735 0.795879
v 3.169662 0.950909 0.813968
v 3.123093 0.818343 0.793482
v 3.084176 0.771406 0.785973
v 3.103212 0.889113 0.828333
v 3.011494 0.825126 0.855455
v 3.010894 0.824708 0.855505
v 2.992663 0.698440 0.790878
v 2.997087 0.818343 0.857685
v 2.985392 0.694585 0.792439
v 2.892712 0.645456 0.793243
v 2.888256 0.643094 0.792579
v 2.900814 0.773962 0.862219
v 2.815451 0.621008 0.795815
v 2.774968 0.608728 0.789724
v 2.830586 0.753062 0.871905
v 2.781371 0.738416 0.868924
v 2.657153 0.726182 0.874619
v 2.539338 0.608728 0.789724
v 2.657153 0.597124 0.791805
v 2.532936 0.738416 0.868924
v 2.498856 0.621008 0.795815
v 2.426050 0.643094 0.792579
v 2.328914 0.694586 0.792439
v 2.321643 0.698440 0.790878
v 2.421594 0.645456 0.793243
v 2.303412 0.824708 0.855505
v 2.317219 0.818343 0.857685
v 2.483720 0.753062 0.871905
v 2.413492 0.773962 0.862219
v 2.230130 0.771406 0.785973
v 2.211094 0.889113 0.828333
v 2.191213 0.818343 0.793482
v 2.163001 0.852369 0.790049
v 2.302812 0.825126 0.855455
v 2.133328 0.915735 0.795879
v 2.144644 0.950909 0.813968
v 3.151305 0.852369 0.718401
v 3.180978 0.915735 0.724231
v 3.180978 0.915735 0.724231
v 3.084176 0.771406 0.714325
v 2.992663 0.698440 0.719230
v 2.888256 0.643094 0.720931
v 2.774968 0.608728 0.718077
v 2.657153 0.597124 0.720157
v 2.539338 0.608728 0.718077
v 2.426050 0.643094 0.720932
v 2.321643 0.698440 0.719230
v 2.230130 0.771406 0.714325
v 2.163001 0.852369 0.718401
v 2.133328 0.915735 0.724231
v 2.133328 0.915735 0.724231
v 2.900814 0.773962 0.790571
v 3.010894 0.824708 0.783857
v 2.781370 0.738416 0.797276
v 2.303412 0.824708 0.783857
v 2.413492 0.773962 0.790571
v 3.103212 0.889113 0.756686
v 3.169662 0.950909 0.742320
v 3.169662 0.950909 0.742320
v 2.657153 0.726182 0.802971
v 2.211094 0.889113 0.756686
v 2.532936 0.738416 0.797276
v 2.144644 0.950909 0.742320
v 2.144644 0.950909 0.742320
v 2.133328 0.915735 0.795879
v 2.133328 0.915735 0.795879
v 3.180978 0.915735 0.795879
v 3.180978 0.915735 0.795879
v 2.978751 1.529486 0.845490
v 2.943840 1.536491 0.853870
v 3.011858 1.512557 0.840788
v 3.039364 1.480051 0.838856
v 3.061362 1.440852 0.840516
v 3.083714 1.380516 0.845615
v 3.093860 1.328773 0.845943
v 3.096294 1.265542 0.851669
v 3.081830 1.206434 0.865969
v 3.081830 1.206434 0.865969
v 3.060997 1.242377 0.873110
v 3.031301 1.285897 0.882913
v 2.991330 1.325033 0.891029
v 2.943143 1.339405 0.904175
v 2.943143 1.339405 0.904175
v 2.901252 1.328733 0.917975
v 2.866547 1.302420 0.931198
v 2.828561 1.251335 0.943300
v 2.794815 1.202872 0.951397
v 2.794815 1.202872 0.951397
v 2.782804 1.239382 0.948984
v 2.782751 1.325578 0.940499
v 2.795601 1.384710 0.933410
v 2.820969 1.448900 0.913776
v 2.848301 1.493242 0.896496
v 2.877880 1.520462 0.878936
v 2.909865 1.533609 0.865086
v 2.335555 1.529486 0.845490
v 2.370467 1.536491 0.853870
v 2.302449 1.512557 0.840788
v 2.274942 1.480051 0.838855
v 2.252944 1.440852 0.840515
v 2.230593 1.380516 0.845615
v 2.220447 1.328773 0.845943
v 2.218012 1.265542 0.851669
v 2.232476 1.206434 0.865969
v 2.232476 1.206434 0.865969
v 2.253309 1.242377 0.873110
v 2.283006 1.285898 0.882913
v 2.322977 1.325033 0.891029
v 2.371163 1.339405 0.904174
v 2.371163 1.339405 0.904174
v 2.413054 1.328733 0.917975
v 2.447760 1.302420 0.931198
v 2.485745 1.251335 0.943300
v 2.519491 1.202873 0.951396
v 2.519491 1.202873 0.951396
v 2.531502 1.239382 0.948984
v 2.531555 1.325578 0.940499
v 2.518705 1.384710 0.933410
v 2.493338 1.448900 0.913776
v 2.466005 1.493242 0.896495
v 2.436427 1.520462 0.878936
v 2.404441 1.533609 0.865086
v 2.232476 1.206434 0.900832
v 2.232476 1.206434 0.900832
v 2.943143 1.339405 0.939037
v 2.943143 1.339405 0.939037
v 2.794815 1.202872 0.986259
v 2.794815 1.202872 0.986259
v 3.081830 1.206434 0.900832
v 3.081830 1.206434 0.900832
v 3.096294 1.265542 0.886532
v 3.039364 1.480051 0.873718
v 3.020096 1.502821 0.876223
v 3.011858 1.512557 0.875650
v 3.061362 1.440852 0.875378
v 3.083714 1.380516 0.880478
v 3.077935 1.396116 0.881833
v 3.093860 1.328773 0.880806
v 3.060997 1.242377 0.907973
v 3.036949 1.277619 0.916910
v 3.031301 1.285897 0.917775
v 2.943840 1.536491 0.888733
v 2.978751 1.529486 0.880353
v 2.909865 1.533609 0.899948
v 2.991330 1.325033 0.925892
v 2.901252 1.328733 0.952838
v 2.877880 1.520462 0.913799
v 2.848301 1.493242 0.931358
v 2.843233 1.485020 0.935489
v 2.820969 1.448900 0.948639
v 2.866547 1.302420 0.966061
v 2.850704 1.281114 0.973049
v 2.828561 1.251335 0.978162
v 2.800109 1.396116 0.966705
v 2.795601 1.384710 0.968273
v 2.782751 1.325578 0.975362
v 2.782804 1.239382 0.983846
v 2.531555 1.325578 0.975362
v 2.531502 1.239382 0.983846
v 2.518705 1.384710 0.968273
v 2.519491 1.202873 0.986259
v 2.519491 1.202873 0.986259
v 2.485745 1.251335 0.978162
v 2.493338 1.448900 0.948639
v 2.514198 1.396116 0.966705
v 2.404441 1.533609 0.899948
v 2.436427 1.520462 0.913798
v 2.466005 1.493242 0.931358
v 2.471073 1.485020 0.935489
v 2.413054 1.328733 0.952838
v 2.371163 1.339405 0.939037
v 2.371163 1.339405 0.939037
v 2.447760 1.302420 0.966061
v 2.463602 1.281115 0.973048
v 2.335555 1.529486 0.880353
v 2.370467 1.536491 0.888733
v 2.302449 1.512557 0.875650
v 2.322977 1.325033 0.925892
v 2.283006 1.285898 0.917775
v 2.274942 1.480051 0.873718
v 2.294210 1.502821 0.876223
v 2.252944 1.440852 0.875378
v 2.236372 1.396116 0.881833
v 2.230593 1.380516 0.880478
v 2.220447 1.328773 0.880805
v 2.218012 1.265542 0.886532
v 2.277357 1.277619 0.916910
v 2.253309 1.242377 0.907973
v 3.151305 0.852369 0.790049
v 3.169662 0.950909 0.813968
v 3.169662 0.950909 0.813968
v 3.123093 0.818343 0.793482
v 3.084176 0.771406 0.785973
v 3.103212 0.889113 0.828333
v 3.010894 0.824708 0.855505
v 3.011494 0.825126 0.855455
v 2.992663 0.698440 0.790878
v 2.997087 0.818343 0.857685
v 2.985392 0.694585 0.792439
v 2.892712 0.645456 0.793243
v 2.888256 0.643094 0.792579
v 2.900814 0.773962 0.862219
v 2.815451 0.621008 0.795815
v 2.774968 0.608728 0.789724
v 2.830586 0.753062 0.871905
v 2.781371 0.738416 0.868924
v 2.657153 0.726182 0.874619
v 2.657153 0.597124 0.791805
v 2.539338 0.608728 0.789724
v 2.532936 0.738416 0.868924
v 2.498856 0.621008 0.795815
v 2.426050 0.643094 0.792579
v 2.483720 0.753062 0.871905
v 2.321643 0.698440 0.790878
v 2.328914 0.694586 0.792439
v 2.421594 0.645456 0.793243
v 2.303412 0.824708 0.855505
v 2.317219 0.818343 0.857685
v 2.413492 0.773962 0.862219
v 2.230130 0.771406 0.785973
v 2.191213 0.818343 0.793482
v 2.163001 0.852369 0.790049
v 2.144644 0.950909 0.813968
v 2.144644 0.950909 0.813968
v 2.211094 0.889113 0.828333
v 2.302812 0.825126 0.855455
vt 0.739150 0.332156
vt 0.739150 0.332156
vt 0.725563 0.315769
vt 0.706822 0.293166
vt 0.706822 0.293166
vt 0.612473 0.231374
vt 0.612473 0.231374
vt 0.614619 0.232512
vt 0.659251 0.256172
vt 0.662752 0.258028
vt 0.662752 0.258028
vt 0.671532 0.318835
vt 0.671532 0.318835
vt 0.671821 0.319037
vt 0.715989 0.349851
vt 0.715989 0.349851
vt 0.753439 0.362671
vt 0.753439 0.362671
vt 0.557917 0.214825
vt 0.557917 0.214825
vt 0.577412 0.220739
vt 0.560999 0.277279
vt 0.560999 0.277279
vt 0.584700 0.284332
vt 0.618520 0.294397
vt 0.618520 0.294397
vt 0.671532 0.318835
vt 0.671532 0.318835
vt 0.664883 0.315769
vt 0.618521 0.294397
vt 0.618521 0.294397
vt 0.501180 0.209237
vt 0.501180 0.209237
vt 0.501180 0.271388
vt 0.501180 0.271388
vt 0.584700 0.284332
vt 0.560999 0.277279
vt 0.560999 0.277279
vt 0.557916 0.214825
vt 0.557916 0.214825
vt 0.747990 0.379610
vt 0.747990 0.379610
vt 0.664883 0.315769
vt 0.612473 0.231374
vt 0.612473 0.231374
vt 0.577411 0.220739
vt 0.753440 0.362671
vt 0.753440 0.362671
vt 0.747990 0.379610
vt 0.747990 0.379610
vt 0.739150 0.332156
vt 0.739150 0.332156
vt 0.753440 0.362671
vt 0.753440 0.362671
vt 0.715990 0.349851
vt 0.715990 0.349851
vt 0.671821 0.319037
vt 0.662752 0.258028
vt 0.662752 0.258028
vt 0.659251 0.256172
vt 0.614618 0.232512
vt 0.747990 0.379610
vt 0.747990 0.379610
vt 0.753439 0.362671
vt 0.753439 0.362671
vt 0.706822 0.293166
vt 0.706822 0.293166
vt 0.725564 0.315769
vt 0.747990 0.379610
vt 0.747990 0.379610
vt 0.084001 0.043035
vt 0.084001 0.046667
vt 0.088261 0.046667
vt 0.086936 0.043035
vt 0.084001 0.040798
vt 0.085497 0.040798
vt 0.084001 0.040043
vt 0.084001 0.071678
vt 0.084001 0.079345
vt 0.091669 0.079345
vt 0.091521 0.071678
vt 0.084001 0.064305
vt 0.091085 0.064305
vt 0.084001 0.057510
vt 0.090377 0.057510
vt 0.084001 0.051554
vt 0.089423 0.051554
vt 0.094636 0.051554
vt 0.092357 0.046667
vt 0.089757 0.043035
vt 0.086936 0.040798
vt 0.099042 0.079345
vt 0.098753 0.071678
vt 0.097897 0.064305
vt 0.096507 0.057510
vt 0.105836 0.079345
vt 0.105417 0.071678
vt 0.104174 0.064305
vt 0.102156 0.057510
vt 0.099441 0.051554
vt 0.096132 0.046667
vt 0.092357 0.043035
vt 0.088261 0.040798
vt 0.103652 0.051554
vt 0.099441 0.046667
vt 0.094636 0.043035
vt 0.089423 0.040798
vt 0.111792 0.079345
vt 0.111258 0.071678
vt 0.109677 0.064305
vt 0.107108 0.057510
vt 0.116052 0.071678
vt 0.114192 0.064305
vt 0.111172 0.057510
vt 0.107108 0.051554
vt 0.102156 0.046667
vt 0.096507 0.043035
vt 0.090377 0.040798
vt 0.116680 0.079345
vt 0.104174 0.046667
vt 0.097897 0.043035
vt 0.091085 0.040798
vt 0.120312 0.079345
vt 0.119614 0.071678
vt 0.117548 0.064305
vt 0.114192 0.057510
vt 0.109677 0.051554
vt 0.121807 0.071678
vt 0.119614 0.064305
vt 0.116052 0.057510
vt 0.111258 0.051554
vt 0.105417 0.046667
vt 0.098753 0.043035
vt 0.091521 0.040798
vt 0.122548 0.079345
vt 0.105836 0.046667
vt 0.099042 0.043035
vt 0.091669 0.040798
vt 0.123303 0.079345
vt 0.122548 0.071678
vt 0.120312 0.064305
vt 0.116680 0.057510
vt 0.111792 0.051554
vt 0.901593 0.232512
vt 0.946095 0.315769
vt 0.937546 0.315769
vt 0.893899 0.232512
vt 0.841703 0.159536
vt 0.835160 0.159536
vt 0.768727 0.099646
vt 0.763586 0.099646
vt 0.685470 0.055144
vt 0.681929 0.055144
vt 0.595130 0.027740
vt 0.593325 0.027740
vt 0.501180 0.018487
vt 0.973499 0.406109
vt 0.982753 0.500060
vt 0.973499 0.500060
vt 0.964424 0.406109
vt 0.671442 0.055144
vt 0.587978 0.027740
vt 0.946095 0.500060
vt 0.937546 0.406109
vt 0.912228 0.315769
vt 0.871113 0.232512
vt 0.815782 0.159536
vt 0.748361 0.099646
vt 0.834111 0.232512
vt 0.784315 0.159536
vt 0.723637 0.099646
vt 0.654412 0.055144
vt 0.579297 0.027740
vt 0.901593 0.500060
vt 0.893899 0.406109
vt 0.871113 0.315769
vt 0.567613 0.027740
vt 0.841703 0.500060
vt 0.835160 0.406109
vt 0.815782 0.315769
vt 0.784315 0.232512
vt 0.741966 0.159536
vt 0.690364 0.099646
vt 0.631492 0.055144
vt 0.723637 0.232512
vt 0.690364 0.159536
vt 0.649821 0.099646
vt 0.603566 0.055144
vt 0.553376 0.027740
vt 0.768727 0.500060
vt 0.763586 0.406109
vt 0.748361 0.315769
vt 0.537133 0.027740
vt 0.685470 0.500060
vt 0.681929 0.406109
vt 0.671821 0.319037
vt 0.715990 0.349851
vt 0.747990 0.379610
vt 0.753440 0.362671
vt 0.739150 0.332156
vt 0.725564 0.315769
vt 0.706822 0.293166
vt 0.662752 0.258028
vt 0.659251 0.256172
vt 0.654411 0.232512
vt 0.631492 0.159536
vt 0.603566 0.099646
vt 0.571705 0.055144
vt 0.567613 0.159536
vt 0.553376 0.099646
vt 0.537133 0.055144
vt 0.519509 0.027740
vt 0.595130 0.500060
vt 0.593325 0.406109
vt 0.614619 0.232512
vt 0.612473 0.231374
vt 0.577412 0.220739
vt 0.501180 0.500060
vt 0.501180 0.406109
vt 0.587978 0.315769
vt 0.501180 0.315769
vt 0.557917 0.214825
vt 0.501180 0.209237
vt 0.501180 0.159536
vt 0.501180 0.099646
vt 0.501180 0.055144
vt 0.501180 0.027740
vt 0.567612 0.159536
vt 0.553376 0.099646
vt 0.537133 0.055144
vt 0.519509 0.027740
vt 0.595130 0.500060
vt 0.593325 0.406109
vt 0.587978 0.315769
vt 0.557916 0.214825
vt 0.577411 0.220739
vt 0.681929 0.406109
vt 0.671821 0.319037
vt 0.671532 0.318835
vt 0.664883 0.315769
vt 0.612473 0.231374
vt 0.614618 0.232512
vt 0.654411 0.232512
vt 0.631492 0.159536
vt 0.603566 0.099646
vt 0.571704 0.055144
vt 0.537133 0.027740
vt 0.685469 0.500060
vt 0.649821 0.099646
vt 0.603566 0.055144
vt 0.553376 0.027740
vt 0.768727 0.500060
vt 0.763586 0.406109
vt 0.659251 0.256172
vt 0.662752 0.258028
vt 0.706822 0.293166
vt 0.725563 0.315769
vt 0.748361 0.315769
vt 0.723637 0.232512
vt 0.690364 0.159536
vt 0.815782 0.315769
vt 0.784314 0.232512
vt 0.741966 0.159536
vt 0.690364 0.099646
vt 0.631492 0.055144
vt 0.567612 0.027740
vt 0.841703 0.500060
vt 0.835160 0.406109
vt 0.654411 0.055144
vt 0.579297 0.027740
vt 0.901592 0.500060
vt 0.893899 0.406109
vt 0.871113 0.315769
vt 0.834111 0.232512
vt 0.784314 0.159536
vt 0.723637 0.099646
vt 0.912228 0.315769
vt 0.871113 0.232512
vt 0.815782 0.159536
vt 0.748361 0.099646
vt 0.671441 0.055144
vt 0.587978 0.027740
vt 0.946094 0.500060
vt 0.937546 0.406109
vt 0.681929 0.055144
vt 0.593325 0.027740
vt 0.973499 0.500060
vt 0.964423 0.406109
vt 0.937546 0.315769
vt 0.893899 0.232512
vt 0.835160 0.159536
vt 0.763586 0.099646
vt 0.901592 0.232512
vt 0.841703 0.159536
vt 0.768727 0.099646
vt 0.685469 0.055144
vt 0.595130 0.027740
vt 0.982752 0.500060
vt 0.973499 0.406109
vt 0.946095 0.315769
vt 0.076334 0.040798
vt 0.076481 0.040798
vt 0.045455 0.071678
vt 0.044699 0.079345
vt 0.045455 0.079345
vt 0.046195 0.071678
vt 0.047691 0.064305
vt 0.048389 0.064305
vt 0.051323 0.057510
vt 0.051951 0.057510
vt 0.056211 0.051554
vt 0.056745 0.051554
vt 0.062166 0.046667
vt 0.062586 0.046667
vt 0.068961 0.043035
vt 0.069250 0.043035
vt 0.053810 0.057510
vt 0.058326 0.051554
vt 0.063828 0.046667
vt 0.070106 0.043035
vt 0.076918 0.040798
vt 0.047691 0.079345
vt 0.048389 0.071678
vt 0.050455 0.064305
vt 0.077626 0.040798
vt 0.051323 0.079345
vt 0.051951 0.071678
vt 0.053810 0.064305
vt 0.056830 0.057510
vt 0.060894 0.051554
vt 0.065846 0.046667
vt 0.071496 0.043035
vt 0.064350 0.051554
vt 0.068562 0.046667
vt 0.073366 0.043035
vt 0.078580 0.040798
vt 0.056211 0.079345
vt 0.056745 0.071678
vt 0.058326 0.064305
vt 0.060894 0.057510
vt 0.062586 0.071678
vt 0.063828 0.064305
vt 0.065846 0.057510
vt 0.068562 0.051554
vt 0.071870 0.046667
vt 0.075645 0.043035
vt 0.079742 0.040798
vt 0.062166 0.079345
vt 0.075645 0.046667
vt 0.078246 0.043035
vt 0.081067 0.040798
vt 0.068961 0.079345
vt 0.069250 0.071678
vt 0.070106 0.064305
vt 0.071496 0.057510
vt 0.073366 0.051554
vt 0.076481 0.071678
vt 0.076918 0.064305
vt 0.077626 0.057510
vt 0.078580 0.051554
vt 0.079742 0.046667
vt 0.081067 0.043035
vt 0.082505 0.040798
vt 0.076334 0.079345
vt 0.705692 0.502664
vt 0.705692 0.502664
vt 0.695660 0.519973
vt 0.695660 0.519973
vt 0.607476 0.653891
vt 0.607476 0.653891
vt 0.622879 0.660222
vt 0.622879 0.660222
vt 0.638905 0.566699
vt 0.638905 0.566699
vt 0.662110 0.559778
vt 0.662110 0.559778
vt 0.684079 0.536945
vt 0.681359 0.540931
vt 0.681359 0.540931
vt 0.639240 0.661610
vt 0.639240 0.661610
vt 0.618731 0.561559
vt 0.618731 0.561559
vt 0.638905 0.566699
vt 0.638905 0.566699
vt 0.662110 0.559778
vt 0.662110 0.559778
vt 0.602018 0.548888
vt 0.602018 0.548888
vt 0.638904 0.566699
vt 0.638904 0.566699
vt 0.656053 0.658237
vt 0.656053 0.658237
vt 0.639241 0.661610
vt 0.639241 0.661610
vt 0.583725 0.524287
vt 0.583725 0.524287
vt 0.594389 0.538628
vt 0.638904 0.566699
vt 0.638904 0.566699
vt 0.618731 0.561559
vt 0.618731 0.561559
vt 0.671996 0.650084
vt 0.671996 0.650084
vt 0.567474 0.500949
vt 0.567474 0.500949
vt 0.602018 0.548888
vt 0.602018 0.548888
vt 0.685243 0.634430
vt 0.685243 0.634430
vt 0.675963 0.645396
vt 0.656053 0.658237
vt 0.656053 0.658237
vt 0.561690 0.518531
vt 0.561690 0.518531
vt 0.567474 0.500949
vt 0.567474 0.500949
vt 0.594389 0.538628
vt 0.583725 0.524287
vt 0.583725 0.524287
vt 0.695836 0.615553
vt 0.695836 0.615553
vt 0.671996 0.650084
vt 0.671996 0.650084
vt 0.561665 0.560040
vt 0.561665 0.560040
vt 0.567474 0.500949
vt 0.567474 0.500949
vt 0.706600 0.586497
vt 0.706600 0.586497
vt 0.703817 0.594010
vt 0.675963 0.645396
vt 0.685242 0.634430
vt 0.685242 0.634430
vt 0.567853 0.588517
vt 0.567853 0.588517
vt 0.567474 0.500949
vt 0.567474 0.500949
vt 0.561690 0.518531
vt 0.561690 0.518531
vt 0.711486 0.561579
vt 0.711486 0.561579
vt 0.695836 0.615553
vt 0.695836 0.615553
vt 0.580069 0.619429
vt 0.580069 0.619429
vt 0.570023 0.594010
vt 0.561664 0.560040
vt 0.561664 0.560040
vt 0.712658 0.531129
vt 0.712658 0.531129
vt 0.703816 0.594010
vt 0.706600 0.586497
vt 0.706600 0.586497
vt 0.593232 0.640783
vt 0.593232 0.640783
vt 0.590791 0.636823
vt 0.567852 0.588517
vt 0.567852 0.588517
vt 0.705693 0.502664
vt 0.705693 0.502664
vt 0.711486 0.561579
vt 0.711486 0.561579
vt 0.607476 0.653891
vt 0.607476 0.653891
vt 0.570023 0.594010
vt 0.580069 0.619429
vt 0.580069 0.619429
vt 0.695660 0.519973
vt 0.695660 0.519973
vt 0.705693 0.502664
vt 0.705693 0.502664
vt 0.712658 0.531129
vt 0.712658 0.531129
vt 0.622879 0.660222
vt 0.622879 0.660222
vt 0.590791 0.636823
vt 0.593231 0.640783
vt 0.593231 0.640783
vt 0.681359 0.540931
vt 0.681359 0.540931
vt 0.684079 0.536945
vt 0.705692 0.502664
vt 0.705692 0.502664
vt 0.084001 0.094385
vt 0.084001 0.101180
vt 0.090377 0.101180
vt 0.091085 0.094385
vt 0.084001 0.087013
vt 0.091521 0.087013
vt 0.084001 0.117892
vt 0.084001 0.118647
vt 0.085497 0.117892
vt 0.084001 0.115655
vt 0.086936 0.115655
vt 0.084001 0.112024
vt 0.088261 0.112024
vt 0.084001 0.107136
vt 0.089423 0.107136
vt 0.094636 0.107136
vt 0.096507 0.101180
vt 0.097897 0.094385
vt 0.098753 0.087013
vt 0.086936 0.117892
vt 0.089757 0.115655
vt 0.092357 0.112024
vt 0.088261 0.117892
vt 0.092357 0.115655
vt 0.096132 0.112024
vt 0.099441 0.107136
vt 0.102156 0.101180
vt 0.104174 0.094385
vt 0.105417 0.087013
vt 0.107108 0.101180
vt 0.109677 0.094385
vt 0.111258 0.087013
vt 0.089423 0.117892
vt 0.094636 0.115655
vt 0.099441 0.112024
vt 0.103652 0.107136
vt 0.090377 0.117892
vt 0.096507 0.115655
vt 0.102156 0.112024
vt 0.107108 0.107136
vt 0.111172 0.101180
vt 0.114192 0.094385
vt 0.116052 0.087013
vt 0.114192 0.101180
vt 0.117548 0.094385
vt 0.119614 0.087013
vt 0.091085 0.117892
vt 0.097897 0.115655
vt 0.104174 0.112024
vt 0.109677 0.107136
vt 0.098753 0.115655
vt 0.105417 0.112024
vt 0.111258 0.107136
vt 0.116052 0.101180
vt 0.119614 0.094385
vt 0.121807 0.087013
vt 0.091521 0.117892
vt 0.120312 0.094385
vt 0.122548 0.087013
vt 0.091669 0.117892
vt 0.099042 0.115655
vt 0.105836 0.112024
vt 0.111792 0.107136
vt 0.116680 0.101180
vt 0.841703 0.840583
vt 0.768727 0.900473
vt 0.763586 0.900473
vt 0.835160 0.840583
vt 0.901593 0.767607
vt 0.893899 0.767607
vt 0.946095 0.684349
vt 0.937546 0.684349
vt 0.973499 0.594010
vt 0.964424 0.594010
vt 0.595130 0.972379
vt 0.501180 0.981632
vt 0.593325 0.972379
vt 0.685470 0.944974
vt 0.681929 0.944974
vt 0.937546 0.594010
vt 0.587978 0.972379
vt 0.671442 0.944974
vt 0.748361 0.900473
vt 0.815782 0.840583
vt 0.871113 0.767607
vt 0.912228 0.684349
vt 0.723637 0.900473
vt 0.784315 0.840583
vt 0.834111 0.767607
vt 0.871113 0.684349
vt 0.893899 0.594010
vt 0.579297 0.972379
vt 0.654412 0.944974
vt 0.835160 0.594010
vt 0.567613 0.972379
vt 0.631492 0.944974
vt 0.690364 0.900473
vt 0.741966 0.840583
vt 0.784315 0.767607
vt 0.815782 0.684349
vt 0.690364 0.840583
vt 0.723637 0.767607
vt 0.748361 0.684349
vt 0.763586 0.594010
vt 0.553376 0.972379
vt 0.603566 0.944974
vt 0.649821 0.900473
vt 0.537133 0.972379
vt 0.571705 0.944974
vt 0.603566 0.900473
vt 0.631492 0.840583
vt 0.654411 0.767607
vt 0.671441 0.684349
vt 0.675963 0.645396
vt 0.685243 0.634430
vt 0.695836 0.615553
vt 0.703817 0.594010
vt 0.706600 0.586497
vt 0.711486 0.561579
vt 0.712658 0.531129
vt 0.705693 0.502664
vt 0.695660 0.519973
vt 0.684079 0.536945
vt 0.567613 0.840583
vt 0.579297 0.767607
vt 0.587978 0.684349
vt 0.681359 0.540931
vt 0.662110 0.559778
vt 0.638905 0.566699
vt 0.618731 0.561559
vt 0.602018 0.548888
vt 0.594389 0.538628
vt 0.519509 0.972379
vt 0.537133 0.944975
vt 0.553376 0.900473
vt 0.501180 0.972379
vt 0.501180 0.944975
vt 0.501180 0.900473
vt 0.501180 0.840583
vt 0.501180 0.767607
vt 0.501180 0.684349
vt 0.583725 0.524287
vt 0.567474 0.500949
vt 0.561690 0.518531
vt 0.561665 0.560040
vt 0.567853 0.588517
vt 0.570023 0.594010
vt 0.501180 0.594010
vt 0.579297 0.767607
vt 0.587978 0.684349
vt 0.590791 0.636823
vt 0.580069 0.619429
vt 0.570023 0.594010
vt 0.567852 0.588517
vt 0.561664 0.560040
vt 0.561690 0.518531
vt 0.567474 0.500949
vt 0.583725 0.524287
vt 0.594389 0.538628
vt 0.519509 0.972379
vt 0.537133 0.944975
vt 0.553376 0.900473
vt 0.567612 0.840583
vt 0.571704 0.944974
vt 0.603566 0.900473
vt 0.631492 0.840583
vt 0.654411 0.767607
vt 0.671441 0.684349
vt 0.602018 0.548888
vt 0.618731 0.561559
vt 0.638904 0.566699
vt 0.662110 0.559778
vt 0.681359 0.540931
vt 0.684079 0.536945
vt 0.537133 0.972379
vt 0.695660 0.519973
vt 0.705692 0.502664
vt 0.712658 0.531129
vt 0.711486 0.561579
vt 0.706600 0.586497
vt 0.703816 0.594010
vt 0.763586 0.594010
vt 0.553376 0.972379
vt 0.603566 0.944974
vt 0.649821 0.900473
vt 0.690364 0.840583
vt 0.723637 0.767607
vt 0.748361 0.684349
vt 0.631492 0.944974
vt 0.690364 0.900473
vt 0.741966 0.840583
vt 0.784314 0.767607
vt 0.815782 0.684349
vt 0.835160 0.594010
vt 0.567612 0.972379
vt 0.871113 0.684349
vt 0.893899 0.594010
vt 0.579297 0.972379
vt 0.654411 0.944974
vt 0.723637 0.900473
vt 0.784314 0.840583
vt 0.834111 0.767607
vt 0.748361 0.900473
vt 0.815782 0.840583
vt 0.871113 0.767607
vt 0.912228 0.684349
vt 0.937546 0.594010
vt 0.587978 0.972379
vt 0.671441 0.944974
vt 0.964423 0.594010
vt 0.593325 0.972379
vt 0.681929 0.944974
vt 0.763586 0.900473
vt 0.835160 0.840583
vt 0.893899 0.767607
vt 0.937546 0.684349
vt 0.768727 0.900473
vt 0.841703 0.840583
vt 0.901592 0.767607
vt 0.946095 0.684349
vt 0.973499 0.594010
vt 0.595130 0.972379
vt 0.685469 0.944974
vt 0.045455 0.087013
vt 0.046195 0.087013
vt 0.076334 0.117892
vt 0.076481 0.117892
vt 0.068961 0.115655
vt 0.069250 0.115655
vt 0.062166 0.112024
vt 0.062586 0.112024
vt 0.056211 0.107136
vt 0.056745 0.107136
vt 0.051323 0.101180
vt 0.051951 0.101180
vt 0.047691 0.094385
vt 0.048389 0.094385
vt 0.058326 0.107136
vt 0.053810 0.101180
vt 0.050455 0.094385
vt 0.048389 0.087013
vt 0.076918 0.117892
vt 0.070106 0.115655
vt 0.063828 0.112024
vt 0.077626 0.117892
vt 0.071496 0.115655
vt 0.065846 0.112024
vt 0.060894 0.107136
vt 0.056830 0.101180
vt 0.053810 0.094385
vt 0.051951 0.087013
vt 0.060894 0.101180
vt 0.058326 0.094385
vt 0.056745 0.087013
vt 0.078580 0.117892
vt 0.073366 0.115655
vt 0.068562 0.112024
vt 0.064350 0.107136
vt 0.079742 0.117892
vt 0.075645 0.115655
vt 0.071870 0.112024
vt 0.068562 0.107136
vt 0.065846 0.101180
vt 0.063828 0.094385
vt 0.062586 0.087013
vt 0.071496 0.101180
vt 0.070106 0.094385
vt 0.069250 0.087013
vt 0.081067 0.117892
vt 0.078246 0.115655
vt 0.075645 0.112024
vt 0.073366 0.107136
vt 0.081067 0.115655
vt 0.079742 0.112024
vt 0.078580 0.107136
vt 0.077626 0.101180
vt 0.076918 0.094385
vt 0.076481 0.087013
vt 0.082505 0.117892
vt 0.580069 0.619429
vt 0.590791 0.636823
vt 0.593232 0.640783
vt 0.607476 0.653891
vt 0.622879 0.660222
vt 0.639241 0.661610
vt 0.656053 0.658237
vt 0.671996 0.650084
vt 0.675963 0.645396
vt 0.671996 0.650084
vt 0.656053 0.658237
vt 0.639240 0.661610
vt 0.622879 0.660222
vt 0.607476 0.653891
vt 0.593231 0.640783
vt 0.695836 0.615553
vt 0.685242 0.634430
vt 0.584700 0.284332
vt 0.560999 0.277279
vt 0.501180 0.271388
vt 0.739150 0.332156
vt 0.753439 0.362671
vt 0.747990 0.379610
vt 0.715989 0.349851
vt 0.560999 0.277279
vt 0.584700 0.284332
vt 0.618521 0.294397
vt 0.664883 0.315769
vt 0.671532 0.318835
vt 0.618520 0.294397
vt 0.753440 0.362671
vt 0.747990 0.379610
vt 0.715990 0.349851
vt 0.706822 0.293166
vt 0.739150 0.332156
vt 0.501180 0.209237
vt 0.501180 0.271388
vt 0.560999 0.277279
vt 0.557916 0.214825
vt 0.557917 0.214825
vt 0.560999 0.277279
vt 0.612473 0.231374
vt 0.618521 0.294397
vt 0.662752 0.258028
vt 0.671532 0.318835
vt 0.618520 0.294397
vt 0.612473 0.231374
vt 0.671532 0.318835
vt 0.662752 0.258028
vt 0.715989 0.349851
vt 0.706822 0.293166
vt 0.747990 0.379610
vt 0.753439 0.362671
vt 0.739150 0.332156
vt 0.652922 0.643338
vt 0.638857 0.645765
vt 0.638916 0.621870
vt 0.656325 0.621559
vt 0.656053 0.658237
vt 0.639241 0.661610
vt 0.666012 0.637582
vt 0.671996 0.650084
vt 0.677248 0.626162
vt 0.685243 0.634430
vt 0.686646 0.611760
vt 0.695836 0.615553
vt 0.696387 0.589148
vt 0.706600 0.586497
vt 0.700776 0.569900
vt 0.711486 0.561579
vt 0.701822 0.546523
vt 0.712658 0.531129
vt 0.699100 0.536959
vt 0.705693 0.502664
vt 0.697184 0.539803
vt 0.695660 0.519973
vt 0.683329 0.557264
vt 0.681359 0.540931
vt 0.663801 0.573707
vt 0.662110 0.559778
vt 0.639019 0.580063
vt 0.638905 0.566699
vt 0.617307 0.575306
vt 0.618731 0.561559
vt 0.599987 0.564013
vt 0.602018 0.548888
vt 0.582287 0.543543
vt 0.583725 0.524287
vt 0.573989 0.533295
vt 0.567474 0.500949
vt 0.572690 0.536690
vt 0.561690 0.518531
vt 0.572667 0.568708
vt 0.561665 0.560040
vt 0.578216 0.590668
vt 0.567853 0.588517
vt 0.589274 0.614730
vt 0.580069 0.619429
vt 0.600874 0.630913
vt 0.593232 0.640783
vt 0.612789 0.640343
vt 0.607476 0.653891
vt 0.625336 0.644778
vt 0.622879 0.660222
vt 0.622722 0.622159
vt 0.616517 0.622270
vt 0.607359 0.614590
vt 0.598497 0.602478
vt 0.683276 0.588299
vt 0.677664 0.601592
vt 0.670279 0.613408
vt 0.666143 0.621384
vt 0.652922 0.643338
vt 0.656324 0.621559
vt 0.638915 0.621870
vt 0.638856 0.645765
vt 0.639240 0.661610
vt 0.656053 0.658237
vt 0.671996 0.650084
vt 0.666011 0.637582
vt 0.685242 0.634430
vt 0.677247 0.626162
vt 0.695836 0.615553
vt 0.686646 0.611760
vt 0.706600 0.586497
vt 0.696387 0.589148
vt 0.711486 0.561579
vt 0.700775 0.569900
vt 0.712658 0.531129
vt 0.701822 0.546523
vt 0.705692 0.502664
vt 0.699100 0.536959
vt 0.695660 0.519973
vt 0.697183 0.539803
vt 0.681359 0.540931
vt 0.683328 0.557264
vt 0.662110 0.559778
vt 0.663800 0.573707
vt 0.638904 0.566699
vt 0.639018 0.580063
vt 0.618731 0.561559
vt 0.617306 0.575306
vt 0.602018 0.548888
vt 0.599987 0.564013
vt 0.583725 0.524287
vt 0.582287 0.543543
vt 0.567474 0.500949
vt 0.573989 0.533295
vt 0.561690 0.518531
vt 0.572690 0.536690
vt 0.561664 0.560040
vt 0.572667 0.568708
vt 0.567852 0.588517
vt 0.578216 0.590668
vt 0.580069 0.619429
vt 0.589274 0.614730
vt 0.593231 0.640783
vt 0.600873 0.630913
vt 0.607476 0.653891
vt 0.612789 0.640343
vt 0.622879 0.660222
vt 0.625336 0.644778
vt 0.622722 0.622159
vt 0.598497 0.602478
vt 0.607359 0.614590
vt 0.616516 0.622270
vt 0.666143 0.621384
vt 0.670278 0.613408
vt 0.677664 0.601592
vt 0.683276 0.588299
vn 0.8418 0.5397 0.0000
vn 0.8446 0.5353 0.0000
vn 0.7698 0.6383 0.0000
vn 0.7021 0.7121 0.0000
vn 0.7004 0.7138 0.0000
vn -0.3808 0.9246 0.0000
vn -0.3835 0.9235 0.0000
vn -0.4683 0.8835 0.0000
vn -0.5428 0.8398 0.0000
vn -0.5496 0.8354 0.0000
vn -0.5041 -0.8636 0.0000
vn -0.4923 -0.8704 0.0000
vn -0.5722 -0.8201 0.0000
vn -0.6214 -0.7835 0.0000
vn -0.6351 -0.7724 0.0000
vn 0.9056 0.4241 0.0000
vn -0.1949 0.9808 0.0000
vn -0.1987 0.9800 0.0000
vn -0.2903 0.9569 0.0000
vn -0.1954 -0.9807 0.0000
vn -0.1928 -0.9812 0.0000
vn -0.2852 -0.9584 0.0000
vn -0.3492 -0.9370 0.0000
vn -0.3551 -0.9348 0.0000
vn 0.5041 -0.8636 0.0000
vn 0.4923 -0.8704 0.0000
vn 0.4186 -0.9081 0.0000
vn 0.3492 -0.9370 0.0000
vn 0.3551 -0.9348 0.0000
vn 0.0000 1.0000 0.0000
vn 0.0000 -1.0000 0.0000
vn 0.2852 -0.9584 0.0000
vn 0.1928 -0.9812 0.0000
vn 0.1954 -0.9807 0.0000
vn 0.1949 0.9808 0.0000
vn 0.1987 0.9800 0.0000
vn -0.6810 -0.7323 0.0000
vn -0.4186 -0.9081 0.0000
vn 0.3808 0.9246 0.0000
vn 0.3835 0.9235 0.0000
vn 0.2903 0.9569 0.0000
vn -0.9519 -0.3062 0.0000
vn -0.8418 0.5397 0.0000
vn -0.8446 0.5353 0.0000
vn -0.9056 0.4241 0.0000
vn 0.6351 -0.7724 0.0000
vn 0.6214 -0.7835 0.0000
vn 0.5722 -0.8201 0.0000
vn 0.5496 0.8354 0.0000
vn 0.5428 0.8398 0.0000
vn 0.4683 0.8835 0.0000
vn 0.9519 -0.3062 0.0000
vn -0.7004 0.7138 0.0000
vn -0.7021 0.7121 0.0000
vn -0.7698 0.6383 0.0000
vn 0.6810 -0.7323 0.0000
vn 0.0000 -0.9217 -0.3879
vn 0.0000 -0.8286 -0.5598
vn 0.1092 -0.8286 -0.5490
vn 0.0757 -0.9217 -0.3804
vn 0.0000 -0.9796 -0.2010
vn 0.0392 -0.9796 -0.1971
vn 0.0000 -0.1939 -0.9810
vn 0.0000 0.0000 -1.0000
vn 0.1951 0.0000 -0.9808
vn 0.1914 -0.1939 -0.9622
vn 0.0000 -0.3805 -0.9247
vn 0.1804 -0.3805 -0.9070
vn 0.0000 -0.5528 -0.8333
vn 0.1626 -0.5528 -0.8173
vn 0.0000 -0.7040 -0.7101
vn 0.1385 -0.7040 -0.6965
vn 0.2717 -0.7040 -0.6561
vn 0.2142 -0.8286 -0.5171
vn 0.1484 -0.9217 -0.3583
vn 0.0769 -0.9796 -0.1856
vn 0.3827 0.0000 -0.9239
vn 0.3754 -0.1939 -0.9063
vn 0.3539 -0.3805 -0.8544
vn 0.3189 -0.5528 -0.7699
vn 0.5556 0.0000 -0.8314
vn 0.5450 -0.1939 -0.8157
vn 0.5137 -0.3805 -0.7689
vn 0.4630 -0.5528 -0.6929
vn 0.3945 -0.7040 -0.5904
vn 0.3110 -0.8286 -0.4654
vn 0.2155 -0.9217 -0.3225
vn 0.1116 -0.9796 -0.1671
vn 0.5021 -0.7040 -0.5021
vn 0.3958 -0.8286 -0.3958
vn 0.2743 -0.9217 -0.2743
vn 0.1421 -0.9796 -0.1421
vn 0.7071 0.0000 -0.7071
vn 0.6937 -0.1939 -0.6937
vn 0.6539 -0.3805 -0.6539
vn 0.5893 -0.5528 -0.5893
vn 0.8157 -0.1939 -0.5450
vn 0.7689 -0.3805 -0.5137
vn 0.6929 -0.5528 -0.4630
vn 0.5904 -0.7040 -0.3945
vn 0.4654 -0.8286 -0.3110
vn 0.3225 -0.9217 -0.2155
vn 0.1671 -0.9796 -0.1116
vn 0.8314 0.0000 -0.5556
vn 0.5171 -0.8286 -0.2142
vn 0.3583 -0.9217 -0.1484
vn 0.1856 -0.9796 -0.0769
vn 0.9239 0.0000 -0.3827
vn 0.9063 -0.1939 -0.3754
vn 0.8544 -0.3805 -0.3539
vn 0.7699 -0.5528 -0.3189
vn 0.6561 -0.7040 -0.2717
vn 0.9622 -0.1939 -0.1914
vn 0.9070 -0.3805 -0.1804
vn 0.8173 -0.5528 -0.1626
vn 0.6965 -0.7040 -0.1385
vn 0.5490 -0.8286 -0.1092
vn 0.3804 -0.9217 -0.0757
vn 0.1971 -0.9796 -0.0392
vn 0.9808 0.0000 -0.1951
vn 0.5598 -0.8286 0.0000
vn 0.3879 -0.9217 0.0000
vn 0.2010 -0.9796 0.0000
vn 1.0000 0.0000 0.0000
vn 0.9810 -0.1939 0.0000
vn 0.9247 -0.3805 0.0000
vn 0.8333 -0.5528 0.0000
vn 0.7101 -0.7040 0.0000
vn 0.9070 -0.3805 0.1804
vn 0.8173 -0.5528 0.1626
vn 0.6965 -0.7040 0.1385
vn 0.5490 -0.8286 0.1092
vn 0.3804 -0.9217 0.0757
vn 0.1971 -0.9796 0.0392
vn 0.9808 0.0000 0.1951
vn 0.9622 -0.1939 0.1914
vn 0.3583 -0.9217 0.1484
vn 0.1856 -0.9796 0.0769
vn 0.9239 0.0000 0.3827
vn 0.9063 -0.1939 0.3754
vn 0.8544 -0.3805 0.3539
vn 0.7699 -0.5528 0.3189
vn 0.6561 -0.7040 0.2717
vn 0.5171 -0.8286 0.2142
vn 0.6929 -0.5528 0.4630
vn 0.5904 -0.7040 0.3945
vn 0.4654 -0.8286 0.3110
vn 0.3225 -0.9217 0.2155
vn 0.1671 -0.9796 0.1116
vn 0.8314 0.0000 0.5556
vn 0.8157 -0.1939 0.5450
vn 0.7689 -0.3805 0.5137
vn 0.1421 -0.9796 0.1421
vn 0.7071 0.0000 0.7071
vn 0.6937 -0.1939 0.6937
vn 0.6539 -0.3805 0.6539
vn 0.5893 -0.5528 0.5893
vn 0.5021 -0.7040 0.5021
vn 0.3958 -0.8286 0.3958
vn 0.2743 -0.9217 0.2743
vn 0.4630 -0.5528 0.6929
vn 0.3945 -0.7040 0.5904
vn 0.3110 -0.8286 0.4654
vn 0.2155 -0.9217 0.3225
vn 0.1116 -0.9796 0.1671
vn 0.5556 0.0000 0.8314
vn 0.5450 -0.1939 0.8157
vn 0.5137 -0.3805 0.7689
vn 0.0769 -0.9796 0.1856
vn 0.3827 0.0000 0.9239
vn 0.3754 -0.1939 0.9063
vn 0.3319 -0.2901 0.8976
vn 0.4513 -0.2890 0.8443
vn 0.4287 -0.4158 0.8021
vn 0.4162 -0.4696 0.7786
vn 0.3666 -0.4711 0.8023
vn 0.3189 -0.5528 0.7699
vn 0.2717 -0.7040 0.6561
vn 0.2142 -0.8286 0.5171
vn 0.1484 -0.9217 0.3583
vn 0.1385 -0.7040 0.6965
vn 0.1092 -0.8286 0.5490
vn 0.0757 -0.9217 0.3804
vn 0.0392 -0.9796 0.1971
vn 0.1951 0.0000 0.9808
vn 0.1914 -0.1939 0.9622
vn 0.2312 -0.6045 0.7623
vn 0.2248 -0.6326 0.7411
vn 0.1697 -0.6343 0.7542
vn 0.0000 0.0000 1.0000
vn 0.0000 -0.1939 0.9810
vn 0.1804 -0.3805 0.9070
vn 0.0000 -0.3805 0.9247
vn 0.0759 -0.6326 0.7708
vn 0.0000 -0.6344 0.7730
vn 0.0000 -0.7040 0.7101
vn 0.0000 -0.8286 0.5598
vn 0.0000 -0.9217 0.3879
vn 0.0000 -0.9796 0.2010
vn -0.1385 -0.7040 0.6965
vn -0.1092 -0.8286 0.5490
vn -0.0757 -0.9217 0.3804
vn -0.0392 -0.9796 0.1971
vn -0.1951 0.0000 0.9808
vn -0.1914 -0.1939 0.9622
vn -0.1804 -0.3805 0.9070
vn -0.0759 -0.6326 0.7708
vn -0.1697 -0.6343 0.7542
vn -0.3754 -0.1939 0.9063
vn -0.3319 -0.2901 0.8976
vn -0.2779 -0.2890 0.9161
vn -0.2752 -0.3178 0.9073
vn -0.2248 -0.6326 0.7411
vn -0.2312 -0.6045 0.7623
vn -0.3189 -0.5528 0.7699
vn -0.2717 -0.7040 0.6561
vn -0.2142 -0.8286 0.5171
vn -0.1484 -0.9217 0.3583
vn -0.0769 -0.9796 0.1856
vn -0.3827 0.0000 0.9239
vn -0.3110 -0.8286 0.4654
vn -0.2155 -0.9217 0.3225
vn -0.1116 -0.9796 0.1671
vn -0.5556 0.0000 0.8314
vn -0.5450 -0.1939 0.8157
vn -0.3666 -0.4711 0.8023
vn -0.4162 -0.4696 0.7786
vn -0.4287 -0.4158 0.8021
vn -0.5137 -0.3805 0.7689
vn -0.4630 -0.5528 0.6929
vn -0.3945 -0.7040 0.5904
vn -0.6539 -0.3805 0.6539
vn -0.5893 -0.5528 0.5893
vn -0.5021 -0.7040 0.5021
vn -0.3958 -0.8286 0.3958
vn -0.2743 -0.9217 0.2743
vn -0.1421 -0.9796 0.1421
vn -0.7071 0.0000 0.7071
vn -0.6937 -0.1939 0.6937
vn -0.3225 -0.9217 0.2155
vn -0.1671 -0.9796 0.1116
vn -0.8314 0.0000 0.5556
vn -0.8157 -0.1939 0.5450
vn -0.7689 -0.3805 0.5137
vn -0.6929 -0.5528 0.4630
vn -0.5904 -0.7040 0.3945
vn -0.4654 -0.8286 0.3110
vn -0.8544 -0.3805 0.3539
vn -0.7699 -0.5528 0.3189
vn -0.6561 -0.7040 0.2717
vn -0.5171 -0.8286 0.2142
vn -0.3583 -0.9217 0.1484
vn -0.1856 -0.9796 0.0769
vn -0.9239 0.0000 0.3827
vn -0.9063 -0.1939 0.3754
vn -0.3804 -0.9217 0.0757
vn -0.1971 -0.9796 0.0392
vn -0.9808 0.0000 0.1951
vn -0.9622 -0.1939 0.1914
vn -0.9070 -0.3805 0.1804
vn -0.8173 -0.5528 0.1626
vn -0.6965 -0.7040 0.1385
vn -0.5490 -0.8286 0.1092
vn -0.8333 -0.5528 0.0000
vn -0.7101 -0.7040 0.0000
vn -0.5598 -0.8286 0.0000
vn -0.3879 -0.9217 0.0000
vn -0.2010 -0.9796 0.0000
vn -1.0000 0.0000 0.0000
vn -0.9810 -0.1939 0.0000
vn -0.9247 -0.3805 0.0000
vn -0.1971 -0.9796 -0.0392
vn -0.9808 0.0000 -0.1951
vn -0.9622 -0.1939 -0.1914
vn -0.9070 -0.3805 -0.1804
vn -0.8173 -0.5528 -0.1626
vn -0.6965 -0.7040 -0.1385
vn -0.5490 -0.8286 -0.1092
vn -0.3804 -0.9217 -0.0757
vn -0.7699 -0.5528 -0.3189
vn -0.6561 -0.7040 -0.2717
vn -0.5171 -0.8286 -0.2142
vn -0.3583 -0.9217 -0.1484
vn -0.1856 -0.9796 -0.0769
vn -0.9239 0.0000 -0.3827
vn -0.9063 -0.1939 -0.3754
vn -0.8544 -0.3805 -0.3539
vn -0.1671 -0.9796 -0.1116
vn -0.8314 0.0000 -0.5556
vn -0.8157 -0.1939 -0.5450
vn -0.7689 -0.3805 -0.5137
vn -0.6929 -0.5528 -0.4630
vn -0.5904 -0.7040 -0.3945
vn -0.4654 -0.8286 -0.3110
vn -0.3225 -0.9217 -0.2155
vn -0.5021 -0.7040 -0.5021
vn -0.3958 -0.8286 -0.3958
vn -0.2743 -0.9217 -0.2743
vn -0.1421 -0.9796 -0.1421
vn -0.7071 0.0000 -0.7071
vn -0.6937 -0.1939 -0.6937
vn -0.6539 -0.3805 -0.6539
vn -0.5893 -0.5528 -0.5893
vn -0.5450 -0.1939 -0.8157
vn -0.5137 -0.3805 -0.7689
vn -0.4630 -0.5528 -0.6929
vn -0.3945 -0.7040 -0.5904
vn -0.3110 -0.8286 -0.4654
vn -0.2155 -0.9217 -0.3225
vn -0.1116 -0.9796 -0.1671
vn -0.5556 0.0000 -0.8314
vn -0.2142 -0.8286 -0.5171
vn -0.1484 -0.9217 -0.3583
vn -0.0769 -0.9796 -0.1856
vn -0.3827 0.0000 -0.9239
vn -0.3754 -0.1939 -0.9063
vn -0.3539 -0.3805 -0.8544
vn -0.3189 -0.5528 -0.7699
vn -0.2717 -0.7040 -0.6561
vn -0.1914 -0.1939 -0.9622
vn -0.1804 -0.3805 -0.9070
vn -0.1626 -0.5528 -0.8173
vn -0.1385 -0.7040 -0.6965
vn -0.1092 -0.8286 -0.5490
vn -0.0757 -0.9217 -0.3804
vn -0.0392 -0.9796 -0.1971
vn -0.1951 0.0000 -0.9808
vn -0.8652 0.5014 0.0000
vn -0.8438 0.5366 0.0000
vn -0.8484 0.5294 0.0000
vn -0.4981 -0.8671 0.0000
vn -0.5742 -0.8187 0.0000
vn -0.2675 -0.9635 0.0000
vn 0.2858 0.9583 0.0000
vn 0.4811 0.8766 0.0000
vn 0.5354 0.8446 0.0000
vn -0.8260 0.5636 0.0000
vn -0.7619 0.6476 0.0000
vn -0.7730 0.6344 0.0000
vn 0.0325 -0.9995 0.0000
vn 0.0822 -0.9966 0.0000
vn -0.3990 0.9170 0.0000
vn -0.4689 0.8832 0.0000
vn -0.2469 0.9690 0.0000
vn -0.4811 0.8766 0.0000
vn -0.5354 0.8446 0.0000
vn -0.6954 0.7186 0.0000
vn -0.7280 0.6856 0.0000
vn -0.2858 0.9583 0.0000
vn -0.3444 -0.9388 0.0000
vn -0.3147 -0.9492 0.0000
vn -0.0325 -0.9995 0.0000
vn -0.0822 -0.9966 0.0000
vn -0.8107 0.5854 0.0000
vn -0.8124 0.5830 0.0000
vn -0.8025 0.5967 0.0000
vn 0.2469 0.9690 0.0000
vn 0.4689 0.8832 0.0000
vn 0.3990 0.9170 0.0000
vn -0.6302 -0.7764 0.0000
vn -0.6176 -0.7865 0.0000
vn -0.8206 0.5714 0.0000
vn 0.7280 0.6856 0.0000
vn 0.6953 0.7186 0.0000
vn -0.8216 -0.5700 0.0000
vn -0.8207 -0.5714 0.0000
vn -0.7634 -0.6460 0.0000
vn 0.3147 -0.9492 0.0000
vn 0.3444 -0.9388 0.0000
vn 0.9886 0.1505 0.0000
vn 0.9860 0.1667 0.0000
vn 0.9499 0.3125 0.0000
vn 0.8025 0.5967 0.0000
vn 0.8124 0.5830 0.0000
vn 0.8107 0.5854 0.0000
vn -0.9064 -0.4223 0.0000
vn -0.9094 -0.4159 0.0000
vn 0.6176 -0.7865 0.0000
vn 0.6302 -0.7764 0.0000
vn 0.9935 -0.1137 0.0000
vn 0.9951 -0.0991 0.0000
vn 0.8206 0.5714 0.0000
vn -0.9620 -0.2728 0.0000
vn -0.9621 -0.2726 0.0000
vn -0.9377 -0.3474 0.0000
vn 0.7634 -0.6460 0.0000
vn 0.8207 -0.5714 0.0000
vn 0.8216 -0.5700 0.0000
vn 0.9539 -0.3001 0.0000
vn 0.9586 -0.2848 0.0000
vn -0.9499 0.3125 0.0000
vn -0.9860 0.1667 0.0000
vn -0.9886 0.1505 0.0000
vn -0.9930 -0.1182 0.0000
vn -0.9935 -0.1135 0.0000
vn 0.9094 -0.4159 0.0000
vn 0.9064 -0.4223 0.0000
vn 0.8866 -0.4626 0.0000
vn 0.9016 -0.4325 0.0000
vn 0.9300 -0.3675 0.0000
vn -0.9951 -0.0991 0.0000
vn -0.9935 -0.1137 0.0000
vn -0.9963 0.0856 0.0000
vn -0.9934 0.1142 0.0000
vn 0.9377 -0.3474 0.0000
vn 0.9621 -0.2726 0.0000
vn 0.9620 -0.2728 0.0000
vn 0.7512 -0.6601 0.0000
vn 0.7938 -0.6081 0.0000
vn 0.8513 -0.5247 0.0000
vn -0.9586 -0.2848 0.0000
vn -0.9539 -0.3001 0.0000
vn -0.9713 0.2377 0.0000
vn 0.9935 -0.1135 0.0000
vn 0.9930 -0.1182 0.0000
vn 0.4981 -0.8671 0.0000
vn 0.5742 -0.8187 0.0000
vn -0.9300 -0.3675 0.0000
vn -0.9016 -0.4325 0.0000
vn -0.8866 -0.4626 0.0000
vn 0.8484 0.5294 0.0000
vn 0.8438 0.5366 0.0000
vn 0.8652 0.5014 0.0000
vn 0.9934 0.1142 0.0000
vn 0.9963 0.0856 0.0000
vn 0.2675 -0.9635 0.0000
vn -0.8513 -0.5247 0.0000
vn -0.7938 -0.6081 0.0000
vn -0.7512 -0.6601 0.0000
vn 0.7730 0.6344 0.0000
vn 0.7619 0.6476 0.0000
vn 0.8260 0.5636 0.0000
vn 0.9713 0.2377 0.0000
vn 0.0000 0.3805 -0.9247
vn 0.0000 0.5528 -0.8333
vn 0.1626 0.5528 -0.8173
vn 0.1804 0.3805 -0.9070
vn 0.0000 0.1939 -0.9810
vn 0.1914 0.1939 -0.9622
vn 0.0000 0.9796 -0.2010
vn 0.0392 0.9796 -0.1971
vn 0.0000 0.9217 -0.3879
vn 0.0757 0.9217 -0.3804
vn 0.0000 0.8286 -0.5598
vn 0.1092 0.8286 -0.5490
vn 0.0000 0.7040 -0.7101
vn 0.1385 0.7040 -0.6965
vn 0.2717 0.7040 -0.6561
vn 0.3189 0.5528 -0.7699
vn 0.3539 0.3805 -0.8544
vn 0.3754 0.1939 -0.9063
vn 0.0769 0.9796 -0.1856
vn 0.1484 0.9217 -0.3583
vn 0.2142 0.8286 -0.5171
vn 0.1116 0.9796 -0.1671
vn 0.2155 0.9217 -0.3225
vn 0.3110 0.8286 -0.4654
vn 0.3945 0.7040 -0.5904
vn 0.4630 0.5528 -0.6929
vn 0.5137 0.3805 -0.7689
vn 0.5450 0.1939 -0.8157
vn 0.5893 0.5528 -0.5893
vn 0.6539 0.3805 -0.6539
vn 0.6937 0.1939 -0.6937
vn 0.1421 0.9796 -0.1421
vn 0.2743 0.9217 -0.2743
vn 0.3958 0.8286 -0.3958
vn 0.5021 0.7040 -0.5021
vn 0.1671 0.9796 -0.1116
vn 0.3225 0.9217 -0.2155
vn 0.4654 0.8286 -0.3110
vn 0.5904 0.7040 -0.3945
vn 0.6929 0.5528 -0.4630
vn 0.7689 0.3805 -0.5137
vn 0.8157 0.1939 -0.5450
vn 0.7699 0.5528 -0.3189
vn 0.8544 0.3805 -0.3539
vn 0.9063 0.1939 -0.3754
vn 0.1856 0.9796 -0.0769
vn 0.3583 0.9217 -0.1484
vn 0.5171 0.8286 -0.2142
vn 0.6561 0.7040 -0.2717
vn 0.3804 0.9217 -0.0757
vn 0.5490 0.8286 -0.1092
vn 0.6965 0.7040 -0.1385
vn 0.8173 0.5528 -0.1626
vn 0.9070 0.3805 -0.1804
vn 0.9622 0.1939 -0.1914
vn 0.1971 0.9796 -0.0392
vn 0.9247 0.3805 0.0000
vn 0.9810 0.1939 0.0000
vn 0.2010 0.9796 0.0000
vn 0.3879 0.9217 0.0000
vn 0.5598 0.8286 0.0000
vn 0.7101 0.7040 0.0000
vn 0.8333 0.5528 0.0000
vn 0.5490 0.8286 0.1092
vn 0.6965 0.7040 0.1385
vn 0.8173 0.5528 0.1626
vn 0.9070 0.3805 0.1804
vn 0.9622 0.1939 0.1914
vn 0.1971 0.9796 0.0392
vn 0.3804 0.9217 0.0757
vn 0.9063 0.1939 0.3754
vn 0.1856 0.9796 0.0769
vn 0.3583 0.9217 0.1484
vn 0.5171 0.8286 0.2142
vn 0.6561 0.7040 0.2717
vn 0.7699 0.5528 0.3189
vn 0.8544 0.3805 0.3539
vn 0.4654 0.8286 0.3110
vn 0.5904 0.7040 0.3945
vn 0.6929 0.5528 0.4630
vn 0.7689 0.3805 0.5137
vn 0.8157 0.1939 0.5450
vn 0.1671 0.9796 0.1116
vn 0.3225 0.9217 0.2155
vn 0.6937 0.1939 0.6937
vn 0.1421 0.9796 0.1421
vn 0.2743 0.9217 0.2743
vn 0.3958 0.8286 0.3958
vn 0.5021 0.7040 0.5021
vn 0.5893 0.5528 0.5893
vn 0.6539 0.3805 0.6539
vn 0.3945 0.7040 0.5904
vn 0.4630 0.5528 0.6929
vn 0.5137 0.3805 0.7689
vn 0.5450 0.1939 0.8157
vn 0.1116 0.9796 0.1671
vn 0.2155 0.9217 0.3225
vn 0.3110 0.8286 0.4654
vn 0.0769 0.9796 0.1856
vn 0.1484 0.9217 0.3583
vn 0.2142 0.8286 0.5171
vn 0.2717 0.7040 0.6561
vn 0.3189 0.5528 0.7699
vn 0.3539 0.3805 0.8544
vn 0.4175 0.2898 0.8612
vn 0.4513 0.2890 0.8443
vn 0.4606 0.2130 0.8617
vn 0.4691 0.0975 0.8777
vn 0.3256 0.0978 0.9404
vn 0.1385 0.7040 0.6965
vn 0.1626 0.5528 0.8173
vn 0.1804 0.3805 0.9070
vn 0.2889 0.0975 0.9524
vn 0.2496 0.0978 0.9634
vn 0.0392 0.9796 0.1971
vn 0.0757 0.9217 0.3804
vn 0.1092 0.8286 0.5490
vn 0.0000 0.9796 0.2010
vn 0.0000 0.9217 0.3879
vn 0.0000 0.8286 0.5598
vn 0.0000 0.7040 0.7101
vn 0.0000 0.5528 0.8333
vn 0.0000 0.3805 0.9247
vn 0.0975 0.0975 0.9904
vn 0.0956 0.2177 0.9713
vn 0.0000 0.1939 0.9810
vn -0.1626 0.5528 0.8173
vn -0.1804 0.3805 0.9070
vn -0.1285 0.2898 0.9484
vn -0.0938 0.2890 0.9527
vn -0.0956 0.2177 0.9713
vn -0.0975 0.0975 0.9904
vn -0.2496 0.0978 0.9634
vn -0.0392 0.9796 0.1971
vn -0.0757 0.9217 0.3804
vn -0.1092 0.8286 0.5490
vn -0.1385 0.7040 0.6965
vn -0.1484 0.9217 0.3583
vn -0.2142 0.8286 0.5171
vn -0.2717 0.7040 0.6561
vn -0.3189 0.5528 0.7699
vn -0.3539 0.3805 0.8544
vn -0.2889 0.0975 0.9524
vn -0.3256 0.0978 0.9404
vn -0.0769 0.9796 0.1856
vn -0.4691 0.0975 0.8777
vn -0.4606 0.2130 0.8617
vn -0.5450 0.1939 0.8157
vn -0.1116 0.9796 0.1671
vn -0.2155 0.9217 0.3225
vn -0.3110 0.8286 0.4654
vn -0.3945 0.7040 0.5904
vn -0.4630 0.5528 0.6929
vn -0.5137 0.3805 0.7689
vn -0.2743 0.9217 0.2743
vn -0.3958 0.8286 0.3958
vn -0.5021 0.7040 0.5021
vn -0.5893 0.5528 0.5893
vn -0.6539 0.3805 0.6539
vn -0.6937 0.1939 0.6937
vn -0.1421 0.9796 0.1421
vn -0.7689 0.3805 0.5137
vn -0.8157 0.1939 0.5450
vn -0.1671 0.9796 0.1116
vn -0.3225 0.9217 0.2155
vn -0.4654 0.8286 0.3110
vn -0.5904 0.7040 0.3945
vn -0.6929 0.5528 0.4630
vn -0.5171 0.8286 0.2142
vn -0.6561 0.7040 0.2717
vn -0.7699 0.5528 0.3189
vn -0.8544 0.3805 0.3539
vn -0.9063 0.1939 0.3754
vn -0.1856 0.9796 0.0769
vn -0.3583 0.9217 0.1484
vn -0.9622 0.1939 0.1914
vn -0.1971 0.9796 0.0392
vn -0.3804 0.9217 0.0757
vn -0.5490 0.8286 0.1092
vn -0.6965 0.7040 0.1385
vn -0.8173 0.5528 0.1626
vn -0.9070 0.3805 0.1804
vn -0.5598 0.8286 0.0000
vn -0.7101 0.7040 0.0000
vn -0.8333 0.5528 0.0000
vn -0.9247 0.3805 0.0000
vn -0.9810 0.1939 0.0000
vn -0.2010 0.9796 0.0000
vn -0.3879 0.9217 0.0000
vn -0.9622 0.1939 -0.1914
vn -0.1971 0.9796 -0.0392
vn -0.3804 0.9217 -0.0757
vn -0.5490 0.8286 -0.1092
vn -0.6965 0.7040 -0.1385
vn -0.8173 0.5528 -0.1626
vn -0.9070 0.3805 -0.1804
vn -0.6561 0.7040 -0.2717
vn -0.7699 0.5528 -0.3189
vn -0.8544 0.3805 -0.3539
vn -0.9063 0.1939 -0.3754
vn -0.1856 0.9796 -0.0769
vn -0.3583 0.9217 -0.1484
vn -0.5171 0.8286 -0.2142
vn -0.1671 0.9796 -0.1116
vn -0.3225 0.9217 -0.2155
vn -0.4654 0.8286 -0.3110
vn -0.5904 0.7040 -0.3945
vn -0.6929 0.5528 -0.4630
vn -0.7689 0.3805 -0.5137
vn -0.8157 0.1939 -0.5450
vn -0.5893 0.5528 -0.5893
vn -0.6539 0.3805 -0.6539
vn -0.6937 0.1939 -0.6937
vn -0.1421 0.9796 -0.1421
vn -0.2743 0.9217 -0.2743
vn -0.3958 0.8286 -0.3958
vn -0.5021 0.7040 -0.5021
vn -0.1116 0.9796 -0.1671
vn -0.2155 0.9217 -0.3225
vn -0.3110 0.8286 -0.4654
vn -0.3945 0.7040 -0.5904
vn -0.4630 0.5528 -0.6929
vn -0.5137 0.3805 -0.7689
vn -0.5450 0.1939 -0.8157
vn -0.3189 0.5528 -0.7699
vn -0.3539 0.3805 -0.8544
vn -0.3754 0.1939 -0.9063
vn -0.0769 0.9796 -0.1856
vn -0.1484 0.9217 -0.3583
vn -0.2142 0.8286 -0.5171
vn -0.2717 0.7040 -0.6561
vn -0.0757 0.9217 -0.3804
vn -0.1092 0.8286 -0.5490
vn -0.1385 0.7040 -0.6965
vn -0.1626 0.5528 -0.8173
vn -0.1804 0.3805 -0.9070
vn -0.1914 0.1939 -0.9622
vn -0.0392 0.9796 -0.1971
vn 0.0938 0.2890 0.9527
vn 0.1285 0.2898 0.9484
vn 0.2779 0.2890 0.9161
vn -0.4175 0.2898 0.8612
vn -0.2779 0.2890 0.9161
vn -0.4513 0.2890 0.8443
vn -0.1548 -0.4713 0.8683
vn -0.0865 -0.4696 0.8786
vn 0.0000 -0.4714 0.8819
vn -0.4513 -0.2890 0.8443
vn 0.0865 -0.4696 0.8786
vn 0.1548 -0.4713 0.8683
vn 0.2563 -0.4696 0.8448
vn 0.2752 -0.3178 0.9073
vn 0.2779 -0.2890 0.9161
vn -0.2563 -0.4696 0.8448
vn 0.4236 -0.3260 0.8451
vn 0.4315 -0.3530 0.8301
vn 0.4438 -0.3975 0.8031
vn 0.0000 -0.5321 0.8466
vn -0.1263 -0.5131 0.8490
vn -0.1156 -0.5172 0.8480
vn 0.1156 -0.5172 0.8480
vn 0.1263 -0.5131 0.8490
vn 0.2005 -0.4892 0.8488
vn 0.2268 -0.4822 0.8462
vn 0.3212 -0.4565 0.8297
vn 0.3873 -0.4365 0.8120
vn -0.2268 -0.4822 0.8462
vn -0.2005 -0.4892 0.8488
vn -0.3873 -0.4365 0.8120
vn -0.3212 -0.4564 0.8297
vn -0.4315 -0.3530 0.8301
vn -0.4438 -0.3975 0.8031
vn -0.4236 -0.3260 0.8451
vn 0.2813 0.2551 0.9251
vn 0.2759 0.2445 0.9296
vn 0.3019 0.2921 0.9074
vn 0.3127 0.2935 0.9033
vn 0.3585 0.2911 0.8870
vn 0.3956 0.2950 0.8697
vn 0.4277 0.2710 0.8623
vn 0.4608 0.2712 0.8450
vn 0.4686 0.1818 0.8645
vn 0.4737 0.1527 0.8673
vn 0.4592 0.0939 0.8833
vn 0.4630 0.0953 0.8812
vn 0.3742 0.1082 0.9210
vn 0.3995 0.0909 0.9122
vn 0.2741 0.1512 0.9497
vn 0.2890 0.0976 0.9523
vn 0.2863 0.1684 0.9432
vn 0.2936 0.1551 0.9433
vn 0.2275 0.1250 0.9657
vn 0.2117 0.0955 0.9726
vn 0.1571 0.1129 0.9811
vn 0.1154 0.0969 0.9886
vn 0.1074 0.1031 0.9888
vn 0.1237 0.1122 0.9859
vn 0.1248 0.1129 0.9857
vn 0.1157 0.1749 0.9778
vn 0.0888 0.1549 0.9839
vn 0.1692 0.2603 0.9506
vn 0.1256 0.2814 0.9513
vn 0.2445 0.2908 0.9250
vn 0.2367 0.2905 0.9271
vn 0.2829 0.2488 0.9263
vn 0.2913 0.2503 0.9233
vn 0.2844 0.2446 0.9269
vn 0.2371 0.1873 0.9532
vn 0.3656 0.1777 0.9136
vn 0.3321 0.2223 0.9167
vn 0.2876 0.2312 0.9294
vn 0.2671 0.2537 0.9297
vn -0.2759 0.2445 0.9296
vn -0.2813 0.2551 0.9251
vn -0.3127 0.2935 0.9033
vn -0.3019 0.2921 0.9074
vn -0.3956 0.2950 0.8697
vn -0.3585 0.2911 0.8870
vn -0.4608 0.2712 0.8450
vn -0.4277 0.2710 0.8623
vn -0.4737 0.1527 0.8673
vn -0.4686 0.1818 0.8645
vn -0.4630 0.0953 0.8812
vn -0.4592 0.0939 0.8833
vn -0.3995 0.0909 0.9122
vn -0.3742 0.1082 0.9210
vn -0.2890 0.0976 0.9523
vn -0.2741 0.1512 0.9497
vn -0.2863 0.1684 0.9432
vn -0.2936 0.1551 0.9433
vn -0.2117 0.0955 0.9726
vn -0.2275 0.1250 0.9657
vn -0.1154 0.0969 0.9886
vn -0.1571 0.1129 0.9811
vn -0.1074 0.1031 0.9888
vn -0.1237 0.1122 0.9859
vn -0.1248 0.1129 0.9857
vn -0.0888 0.1549 0.9839
vn -0.1157 0.1749 0.9778
vn -0.1256 0.2814 0.9513
vn -0.1692 0.2603 0.9506
vn -0.2367 0.2905 0.9271
vn -0.2445 0.2908 0.9250
vn -0.2829 0.2488 0.9263
vn -0.2371 0.1873 0.9532
vn -0.2844 0.2446 0.9269
vn -0.2913 0.2503 0.9233
vn -0.2671 0.2537 0.9297
vn -0.2876 0.2312 0.9294
vn -0.3321 0.2223 0.9167
vn -0.3656 0.1777 0.9136
usemtl Yellow
s 1
f 2253/2306/1908 3138/2307/1909 3137/2308/1910 3136/2309/1911 2252/2310/1912
f 2246/2311/1913 3117/2312/1914 2926/2313/1915 2925/2314/1915 3113/2315/1916 2245/2316/1917
f 2259/2317/1918 3133/2318/1919 3142/2319/1920 3141/2320/1921 2263/2321/1922
f 2967/2322/1923 2981/2323/1923 3138/2307/1909 2253/2306/1908
f 2247/2324/1924 3120/2325/1925 2929/2326/1926 3117/2312/1914 2246/2311/1913
f 2264/2327/1927 3126/2328/1928 3129/2329/1929 3135/2330/1930 2258/2331/1931
f 2255/2332/1932 3111/2333/1933 3114/2334/1934 3118/2335/1935 2256/2336/1936
f 2248/2337/1937 3124/2338/1937 3120/2325/1925 2247/2324/1924
f 2261/2339/1938 3123/2340/1938 3126/2328/1928 2264/2327/1927
f 2256/2336/1936 3118/2335/1935 3121/2341/1939 3122/2342/1940 2257/2343/1941
f 2249/2344/1942 3125/2345/1943 3124/2338/1937 2248/2337/1937
f 2263/2321/1922 3141/2320/1921 3139/2346/1944 2980/2347/1944
f 2258/2331/1931 3135/2330/1930 2943/2348/1945 3133/2318/1919 2259/2317/1918
f 2250/2349/1946 3128/2350/1947 2937/2351/1948 3125/2345/1943 2249/2344/1942
f 2955/2352/1949 2983/2353/1949 3106/2354/1949 2975/2355/1949
f 2243/2356/1950 3105/2357/1951 2984/2358/1952 2242/2359/1952
f 2260/2360/1953 3110/2361/1954 3112/2362/1955 3111/2333/1933 2255/2332/1932
f 2251/2363/1956 3130/2364/1957 2939/2365/1958 3132/2366/1958 3128/2350/1947 2250/2349/1946
f 2262/2367/1959 3140/2368/1959 2982/2369/1959 2254/2370/1959
f 2244/2371/1960 3109/2372/1961 2918/2373/1962 3105/2357/1951 2243/2356/1950
f 2265/2374/1963 3107/2375/1963 3110/2361/1954 2260/2360/1953
f 2252/2310/1912 3136/2309/1911 3130/2364/1957 2251/2363/1956
f 2245/2316/1917 3113/2315/1916 3109/2372/1961 2244/2371/1960
f 2257/2343/1941 3122/2342/1940 3123/2340/1938 2261/2339/1938
f 2502/2376/1964 2268/2377/1965 2273/2378/1966 2274/2379/1967
f 2503/2380/1968 2502/2376/1964 2274/2379/1967 2275/2381/1969
f 2504/2382/1938 2503/2380/1968 2275/2381/1969
f 2500/2383/1970 2854/2384/1971 2635/2385/1972 2269/2386/1973
f 2501/2387/1974 2500/2383/1970 2269/2386/1973 2270/2388/1975
f 2266/2389/1976 2501/2387/1974 2270/2388/1975 2271/2390/1977
f 2267/2391/1978 2266/2389/1976 2271/2390/1977 2272/2392/1979
f 2268/2377/1965 2267/2391/1978 2272/2392/1979 2273/2378/1966
f 2273/2378/1966 2272/2392/1979 2279/2393/1980 2280/2394/1981
f 2274/2379/1967 2273/2378/1966 2280/2394/1981 2281/2395/1982
f 2275/2381/1969 2274/2379/1967 2281/2395/1982 2282/2396/1983
f 2504/2382/1938 2275/2381/1969 2282/2396/1983
f 2269/2386/1973 2635/2385/1972 2643/2397/1984 2276/2398/1985
f 2270/2388/1975 2269/2386/1973 2276/2398/1985 2277/2399/1986
f 2271/2390/1977 2270/2388/1975 2277/2399/1986 2278/2400/1987
f 2272/2392/1979 2271/2390/1977 2278/2400/1987 2279/2393/1980
f 2276/2398/1985 2643/2397/1984 2283/2401/1988 2284/2402/1989
f 2277/2399/1986 2276/2398/1985 2284/2402/1989 2285/2403/1990
f 2278/2400/1987 2277/2399/1986 2285/2403/1990 2286/2404/1991
f 2279/2393/1980 2278/2400/1987 2286/2404/1991 2287/2405/1992
f 2280/2394/1981 2279/2393/1980 2287/2405/1992 2288/2406/1993
f 2281/2395/1982 2280/2394/1981 2288/2406/1993 2289/2407/1994
f 2282/2396/1983 2281/2395/1982 2289/2407/1994 2290/2408/1995
f 2504/2382/1938 2282/2396/1983 2290/2408/1995
f 2288/2406/1993 2287/2405/1992 2295/2409/1996 2296/2410/1997
f 2289/2407/1994 2288/2406/1993 2296/2410/1997 2297/2411/1998
f 2290/2408/1995 2289/2407/1994 2297/2411/1998 2298/2412/1999
f 2504/2382/1938 2290/2408/1995 2298/2412/1999
f 2284/2402/1989 2283/2401/1988 2291/2413/2000 2292/2414/2001
f 2285/2403/1990 2284/2402/1989 2292/2414/2001 2293/2415/2002
f 2286/2404/1991 2285/2403/1990 2293/2415/2002 2294/2416/2003
f 2287/2405/1992 2286/2404/1991 2294/2416/2003 2295/2409/1996
f 2293/2415/2002 2292/2414/2001 2300/2417/2004 2301/2418/2005
f 2294/2416/2003 2293/2415/2002 2301/2418/2005 2302/2419/2006
f 2295/2409/1996 2294/2416/2003 2302/2419/2006 2303/2420/2007
f 2296/2410/1997 2295/2409/1996 2303/2420/2007 2304/2421/2008
f 2297/2411/1998 2296/2410/1997 2304/2421/2008 2305/2422/2009
f 2298/2412/1999 2297/2411/1998 2305/2422/2009 2306/2423/2010
f 2504/2382/1938 2298/2412/1999 2306/2423/2010
f 2292/2414/2001 2291/2413/2000 2299/2424/2011 2300/2417/2004
f 2305/2422/2009 2304/2421/2008 2312/2425/2012 2313/2426/2013
f 2306/2423/2010 2305/2422/2009 2313/2426/2013 2314/2427/2014
f 2504/2382/1938 2306/2423/2010 2314/2427/2014
f 2300/2417/2004 2299/2424/2011 2307/2428/2015 2308/2429/2016
f 2301/2418/2005 2300/2417/2004 2308/2429/2016 2309/2430/2017
f 2302/2419/2006 2301/2418/2005 2309/2430/2017 2310/2431/2018
f 2303/2420/2007 2302/2419/2006 2310/2431/2018 2311/2432/2019
f 2304/2421/2008 2303/2420/2007 2311/2432/2019 2312/2425/2012
f 2309/2430/2017 2308/2429/2016 2315/2433/2020 2316/2434/2021
f 2310/2431/2018 2309/2430/2017 2316/2434/2021 2317/2435/2022
f 2311/2432/2019 2310/2431/2018 2317/2435/2022 2318/2436/2023
f 2312/2425/2012 2311/2432/2019 2318/2436/2023 2319/2437/2024
f 2313/2426/2013 2312/2425/2012 2319/2437/2024 2320/2438/2025
f 2314/2427/2014 2313/2426/2013 2320/2438/2025 2321/2439/2026
f 2504/2382/1938 2314/2427/2014 2321/2439/2026
f 2308/2429/2016 2307/2428/2015 2679/2440/2027 2315/2433/2020
f 2320/2438/2025 2319/2437/2024 2327/2441/2028 2328/2442/2029
f 2321/2439/2026 2320/2438/2025 2328/2442/2029 2329/2443/2030
f 2504/2382/1938 2321/2439/2026 2329/2443/2030
f 2315/2433/2020 2679/2440/2027 2322/2444/2031 2323/2445/2032
f 2316/2434/2021 2315/2433/2020 2323/2445/2032 2324/2446/2033
f 2317/2435/2022 2316/2434/2021 2324/2446/2033 2325/2447/2034
f 2318/2436/2023 2317/2435/2022 2325/2447/2034 2326/2448/2035
f 2319/2437/2024 2318/2436/2023 2326/2448/2035 2327/2441/2028
f 2325/2449/2034 2324/2450/2033 2331/2451/2036 2332/2452/2037
f 2326/2453/2035 2325/2449/2034 2332/2452/2037 2333/2454/2038
f 2327/2455/2028 2326/2453/2035 2333/2454/2038 2334/2456/2039
f 2328/2457/2029 2327/2455/2028 2334/2456/2039 2335/2458/2040
f 2329/2459/2030 2328/2457/2029 2335/2458/2040 2336/2460/2041
f 2504/2461/1938 2329/2459/2030 2336/2460/2041
f 2323/2462/2032 2322/2463/2031 2694/2464/2042 2330/2465/2043
f 2324/2450/2033 2323/2462/2032 2330/2465/2043 2331/2451/2036
f 2336/2460/2041 2335/2458/2040 2343/2466/2044 2344/2467/2045
f 2504/2461/1938 2336/2460/2041 2344/2467/2045
f 2330/2465/2043 2694/2464/2042 2337/2468/2046 2338/2469/2047
f 2331/2451/2036 2330/2465/2043 2338/2469/2047 2339/2470/2048
f 2332/2452/2037 2331/2451/2036 2339/2470/2048 2340/2471/2049
f 2333/2454/2038 2332/2452/2037 2340/2471/2049 2341/2472/2050
f 2334/2456/2039 2333/2454/2038 2341/2472/2050 2342/2473/2051
f 2335/2458/2040 2334/2456/2039 2342/2473/2051 2343/2466/2044
f 2341/2472/2050 2340/2471/2049 2348/2474/2052 2349/2475/2053
f 2342/2473/2051 2341/2472/2050 2349/2475/2053 2350/2476/2054
f 2343/2466/2044 2342/2473/2051 2350/2476/2054 2351/2477/2055
f 2344/2467/2045 2343/2466/2044 2351/2477/2055 2352/2478/2056
f 2504/2461/1938 2344/2467/2045 2352/2478/2056
f 2338/2469/2047 2337/2468/2046 2345/2479/2057 2346/2480/2058
f 2339/2470/2048 2338/2469/2047 2346/2480/2058 2347/2481/2059
f 2340/2471/2049 2339/2470/2048 2347/2481/2059 2348/2474/2052
f 2504/2461/1938 2352/2478/2056 2360/2482/2060
f 2346/2480/2058 2345/2479/2057 2353/2483/2061 2354/2484/2062
f 2347/2481/2059 2346/2480/2058 2354/2484/2062 2355/2485/2063
f 2348/2474/2052 2347/2481/2059 2355/2485/2063 2356/2486/2064
f 2349/2475/2053 2348/2474/2052 2356/2486/2064 2357/2487/2065
f 2350/2476/2054 2349/2475/2053 2357/2487/2065 2358/2488/2066
f 2351/2477/2055 2350/2476/2054 2358/2488/2066 2359/2489/2067
f 2352/2478/2056 2351/2477/2055 2359/2489/2067 2360/2482/2060
f 2357/2487/2065 2356/2486/2064 2363/2490/2068 2364/2491/2069
f 2358/2488/2066 2357/2487/2065 2364/2491/2069 2365/2492/2070
f 2359/2489/2067 2358/2488/2066 2365/2492/2070 2366/2493/2071
f 2360/2482/2060 2359/2489/2067 2366/2493/2071 2367/2494/2072
f 2504/2461/1938 2360/2482/2060 2367/2494/2072
f 2354/2484/2062 2353/2483/2061 2723/2495/2073 2361/2496/2074
f 2355/2485/2063 2354/2484/2062 2361/2496/2074 2362/2497/2075
f 2356/2486/2064 2355/2485/2063 2362/2497/2075 2363/2490/2068
f 2504/2461/1938 2367/2494/2072 2374/2498/2076
f 2361/2496/2074 2723/2495/2073 2368/2499/2077 2369/2500/2078
f 2362/2497/2075 2361/2496/2074 2369/2500/2078 2921/2501/2079 2920/2502/2080 2917/2503/2080 2916/2504/2080 2915/2505/2080 3108/2506/2081
f 2363/2490/2068 2362/2497/2075 3108/2506/2081 2919/2507/2082 2923/2508/2082 3115/2509/2083 2370/2510/2084
f 2364/2491/2069 2363/2490/2068 2370/2510/2084 2371/2511/2085
f 2365/2492/2070 2364/2491/2069 2371/2511/2085 2372/2512/2086
f 2366/2493/2071 2365/2492/2070 2372/2512/2086 2373/2513/2087
f 2367/2494/2072 2366/2493/2071 2373/2513/2087 2374/2498/2076
f 2372/2512/2086 2371/2511/2085 2377/2514/2088 2378/2515/2089
f 2373/2513/2087 2372/2512/2086 2378/2515/2089 2379/2516/2090
f 2374/2498/2076 2373/2513/2087 2379/2516/2090 2380/2517/2091
f 2504/2461/1938 2374/2498/2076 2380/2517/2091
f 2369/2500/2078 2368/2499/2077 2736/2518/2092 2375/2519/2093
f 2370/2510/2084 3115/2509/2083 3116/2520/2094
f 2371/2511/2085 2370/2510/2084 3116/2520/2094 2927/2521/2095 3119/2522/2096 2377/2514/2088
f 2375/2519/2093 2736/2518/2092 2381/2523/2097 2382/2524/2098
f 2376/2525/2099 2375/2519/2093 2382/2524/2098 2383/2526/2100
f 2377/2514/2088 3119/2522/2096 2930/2527/2101 2935/2528/2102 2384/2529/2103
f 2378/2515/2089 2377/2514/2088 2384/2529/2103 2385/2530/2104
f 2379/2516/2090 2378/2515/2089 2385/2530/2104 2386/2531/2105
f 2380/2517/2091 2379/2516/2090 2386/2531/2105 2387/2532/2106
f 2504/2461/1938 2380/2517/2091 2387/2532/2106
f 2385/2530/2104 2384/2529/2103 2390/2533/2107 2391/2534/2108
f 2386/2531/2105 2385/2530/2104 2391/2534/2108 2392/2535/2109
f 2387/2532/2106 2386/2531/2105 2392/2535/2109 2393/2536/2110
f 2504/2461/1938 2387/2532/2106 2393/2536/2110
f 2382/2524/2098 2381/2523/2097 2750/2537/2111 2388/2538/2112
f 2383/2526/2100 2382/2524/2098 2388/2538/2112 2389/2539/2113
f 2384/2529/2103 2935/2528/2102 2934/2540/2114 3127/2541/2115 2390/2533/2107
f 2389/2539/2113 2388/2538/2112 2394/2542/2116 2950/2543/2117 2942/2544/2118 3134/2545/2119
f 2390/2533/2107 3127/2541/2115 2938/2546/2120 2941/2547/2121 2395/2548/2122 2396/2549/2123
f 2391/2534/2108 2390/2533/2107 2396/2549/2123 2397/2550/2124
f 2392/2535/2109 2391/2534/2108 2397/2550/2124 2398/2551/2125
f 2393/2536/2110 2392/2535/2109 2398/2551/2125 2399/2552/2126
f 2504/2461/1938 2393/2536/2110 2399/2552/2126
f 2388/2538/2112 2750/2537/2111 2757/2553/2127 2394/2542/2116
f 2398/2551/2125 2397/2550/2124 2405/2554/2128 2406/2555/2129
f 2399/2552/2126 2398/2551/2125 2406/2555/2129 2407/2556/2130
f 2504/2461/1938 2399/2552/2126 2407/2556/2130
f 2394/2542/2116 2757/2553/2127 2400/2557/2131 2401/2558/2132
f 2395/2548/2122 3131/2559/2133 2940/2560/2134 2946/2561/2134 2948/2562/2135 2402/2563/2136 2403/2564/2137
f 2396/2549/2123 2395/2548/2122 2403/2564/2137 2404/2565/2138
f 2397/2550/2124 2396/2549/2123 2404/2565/2138 2405/2554/2128
f 2403/2564/2137 2402/2563/2136 2410/2566/2139 2411/2567/2140
f 2404/2565/2138 2403/2564/2137 2411/2567/2140 2412/2568/2141
f 2405/2554/2128 2404/2565/2138 2412/2568/2141 2413/2569/2142
f 2406/2555/2129 2405/2554/2128 2413/2569/2142 2414/2570/2143
f 2407/2556/2130 2406/2555/2129 2414/2570/2143 2415/2571/2144
f 2504/2461/1938 2407/2556/2130 2415/2571/2144
f 2401/2558/2132 2400/2557/2131 2408/2572/2145 2409/2573/2146
f 2402/2563/2136 2401/2558/2132 2409/2573/2146 2410/2566/2139
f 2415/2571/2144 2414/2570/2143 2421/2574/2147 2422/2575/2148
f 2504/2461/1938 2415/2571/2144 2422/2575/2148
f 2409/2573/2146 2408/2572/2145 2779/2576/2149 2416/2577/2150
f 2410/2566/2139 2409/2573/2146 2416/2577/2150 2417/2578/2151
f 2411/2567/2140 2410/2566/2139 2417/2578/2151 2418/2579/2152
f 2412/2568/2141 2411/2567/2140 2418/2579/2152 2419/2580/2153
f 2413/2569/2142 2412/2568/2141 2419/2580/2153 2420/2581/2154
f 2414/2570/2143 2413/2569/2142 2420/2581/2154 2421/2574/2147
f 2418/2579/2152 2417/2578/2151 2425/2582/2155 2426/2583/2156
f 2419/2580/2153 2418/2579/2152 2426/2583/2156 2427/2584/2157
f 2420/2581/2154 2419/2580/2153 2427/2584/2157 2428/2585/2158
f 2421/2574/2147 2420/2581/2154 2428/2585/2158 2429/2586/2159
f 2422/2575/2148 2421/2574/2147 2429/2586/2159 2430/2587/2160
f 2504/2461/1938 2422/2575/2148 2430/2587/2160
f 2416/2577/2150 2779/2576/2149 2423/2588/2161 2424/2589/2162
f 2417/2578/2151 2416/2577/2150 2424/2589/2162 2425/2582/2155
f 2430/2587/2160 2429/2586/2159 2437/2590/2163 2438/2591/2164
f 2504/2461/1938 2430/2587/2160 2438/2591/2164
f 2424/2589/2162 2423/2588/2161 2431/2592/2165 2432/2593/2166
f 2425/2582/2155 2424/2589/2162 2432/2593/2166 2433/2594/2167
f 2426/2583/2156 2425/2582/2155 2433/2594/2167 2434/2595/2168
f 2427/2584/2157 2426/2583/2156 2434/2595/2168 2435/2596/2169
f 2428/2585/2158 2427/2584/2157 2435/2596/2169 2436/2597/2170
f 2429/2586/2159 2428/2585/2158 2436/2597/2170 2437/2590/2163
f 2435/2596/2169 2434/2595/2168 2441/2598/2171 2442/2599/2172
f 2436/2597/2170 2435/2596/2169 2442/2599/2172 2443/2600/2173
f 2437/2590/2163 2436/2597/2170 2443/2600/2173 2444/2601/2174
f 2438/2591/2164 2437/2590/2163 2444/2601/2174 2445/2602/2175
f 2504/2461/1938 2438/2591/2164 2445/2602/2175
f 2432/2593/2166 2431/2592/2165 2802/2603/2176 2439/2604/2177
f 2433/2594/2167 2432/2593/2166 2439/2604/2177 2440/2605/2178
f 2434/2595/2168 2433/2594/2167 2440/2605/2178 2441/2598/2171
f 2504/2382/1938 2445/2606/2175 2453/2607/2179
f 2439/2608/2177 2802/2609/2176 2446/2610/2180 2447/2611/2181
f 2440/2612/2178 2439/2608/2177 2447/2611/2181 2448/2613/2182
f 2441/2614/2171 2440/2612/2178 2448/2613/2182 2449/2615/2183
f 2442/2616/2172 2441/2614/2171 2449/2615/2183 2450/2617/2184
f 2443/2618/2173 2442/2616/2172 2450/2617/2184 2451/2619/2185
f 2444/2620/2174 2443/2618/2173 2451/2619/2185 2452/2621/2186
f 2445/2606/2175 2444/2620/2174 2452/2621/2186 2453/2607/2179
f 2450/2617/2184 2449/2615/2183 2457/2622/2187 2458/2623/2188
f 2451/2619/2185 2450/2617/2184 2458/2623/2188 2459/2624/2189
f 2452/2621/2186 2451/2619/2185 2459/2624/2189 2460/2625/2190
f 2453/2607/2179 2452/2621/2186 2460/2625/2190 2461/2626/2191
f 2504/2382/1938 2453/2607/2179 2461/2626/2191
f 2447/2611/2181 2446/2610/2180 2454/2627/2192 2455/2628/2193
f 2448/2613/2182 2447/2611/2181 2455/2628/2193 2456/2629/2194
f 2449/2615/2183 2448/2613/2182 2456/2629/2194 2457/2622/2187
f 2504/2382/1938 2461/2626/2191 2469/2630/2195
f 2455/2628/2193 2454/2627/2192 2462/2631/2196 2463/2632/2197
f 2456/2629/2194 2455/2628/2193 2463/2632/2197 2464/2633/2198
f 2457/2622/2187 2456/2629/2194 2464/2633/2198 2465/2634/2199
f 2458/2623/2188 2457/2622/2187 2465/2634/2199 2466/2635/2200
f 2459/2624/2189 2458/2623/2188 2466/2635/2200 2467/2636/2201
f 2460/2625/2190 2459/2624/2189 2467/2636/2201 2468/2637/2202
f 2461/2626/2191 2460/2625/2190 2468/2637/2202 2469/2630/2195
f 2467/2636/2201 2466/2635/2200 2474/2638/2203 2475/2639/2204
f 2468/2637/2202 2467/2636/2201 2475/2639/2204 2476/2640/2205
f 2469/2630/2195 2468/2637/2202 2476/2640/2205 2477/2641/2206
f 2504/2382/1938 2469/2630/2195 2477/2641/2206
f 2463/2632/2197 2462/2631/2196 2470/2642/2207 2471/2643/2208
f 2464/2633/2198 2463/2632/2197 2471/2643/2208 2472/2644/2209
f 2465/2634/2199 2464/2633/2198 2472/2644/2209 2473/2645/2210
f 2466/2635/2200 2465/2634/2199 2473/2645/2210 2474/2638/2203
f 2472/2644/2209 2471/2643/2208 2479/2646/2211 2480/2647/2212
f 2473/2645/2210 2472/2644/2209 2480/2647/2212 2481/2648/2213
f 2474/2638/2203 2473/2645/2210 2481/2648/2213 2482/2649/2214
f 2475/2639/2204 2474/2638/2203 2482/2649/2214 2483/2650/2215
f 2476/2640/2205 2475/2639/2204 2483/2650/2215 2484/2651/2216
f 2477/2641/2206 2476/2640/2205 2484/2651/2216 2485/2652/2217
f 2504/2382/1938 2477/2641/2206 2485/2652/2217
f 2471/2643/2208 2470/2642/2207 2478/2653/2218 2479/2646/2211
f 2484/2651/2216 2483/2650/2215 2490/2654/2219 2491/2655/2220
f 2485/2652/2217 2484/2651/2216 2491/2655/2220 2492/2656/2221
f 2504/2382/1938 2485/2652/2217 2492/2656/2221
f 2479/2646/2211 2478/2653/2218 2845/2657/2222 2486/2658/2223
f 2480/2647/2212 2479/2646/2211 2486/2658/2223 2487/2659/2224
f 2481/2648/2213 2480/2647/2212 2487/2659/2224 2488/2660/2225
f 2482/2649/2214 2481/2648/2213 2488/2660/2225 2489/2661/2226
f 2483/2650/2215 2482/2649/2214 2489/2661/2226 2490/2654/2219
f 2487/2659/2224 2486/2658/2223 2493/2662/2227 2494/2663/2228
f 2488/2660/2225 2487/2659/2224 2494/2663/2228 2495/2664/2229
f 2489/2661/2226 2488/2660/2225 2495/2664/2229 2496/2665/2230
f 2490/2654/2219 2489/2661/2226 2496/2665/2230 2497/2666/2231
f 2491/2655/2220 2490/2654/2219 2497/2666/2231 2498/2667/2232
f 2492/2656/2221 2491/2655/2220 2498/2667/2232 2499/2668/2233
f 2504/2382/1938 2492/2656/2221 2499/2668/2233
f 2486/2658/2223 2845/2657/2222 2853/2669/2234 2493/2662/2227
f 2498/2667/2232 2497/2666/2231 2268/2377/1965 2502/2376/1964
f 2499/2668/2233 2498/2667/2232 2502/2376/1964 2503/2380/1968
f 2504/2382/1938 2499/2668/2233 2503/2380/1968
f 2493/2662/2227 2853/2669/2234 2854/2384/1971 2500/2383/1970
f 2494/2663/2228 2493/2662/2227 2500/2383/1970 2501/2387/1974
f 2495/2664/2229 2494/2663/2228 2501/2387/1974 2266/2389/1976
f 2496/2665/2230 2495/2664/2229 2266/2389/1976 2267/2391/1978
f 2497/2666/2231 2496/2665/2230 2267/2391/1978 2268/2377/1965
f 3021/2670/2235 3039/2671/2235 3104/2672/2236 2572/2673/2237
f 2585/2674/2238 3083/2675/2239 3082/2676/2240 2586/2677/2175
f 2999/2678/2241 3041/2679/2241 3061/2680/2242 2516/2681/2243
f 2572/2673/2237 3104/2672/2236 2913/2682/2244 3095/2683/2245 2573/2684/2246
f 2586/2677/2175 3082/2676/2240 3092/2685/2247 2563/2686/2248
f 2518/2687/2249 3062/2688/2250 3042/2689/2251 2517/2690/2251
f 2573/2684/2246 3095/2683/2245 3094/2691/2252 2574/2692/2253
f 2519/2693/2254 3067/2694/2255 3062/2688/2250 2518/2687/2249
f 2574/2692/2253 3094/2691/2252 3088/2695/2256 3026/2696/2256
f 2506/2697/2257 3059/2698/2258 3058/2699/2259 2505/2700/2260
f 2520/2701/2261 3069/2702/2262 2878/2703/2263 3067/2694/2255 2519/2693/2254
f 2575/2704/2264 3087/2705/2264 3086/2706/2265 2576/2707/2266
f 2507/2708/2267 3050/2709/2268 3059/2698/2258 2506/2697/2257
f 3004/2710/2269 3043/2711/2269 3069/2702/2262 2520/2701/2261
f 2576/2707/2266 3086/2706/2265 3089/2712/2270 2577/2713/2271
f 2508/2714/2272 3048/2715/2273 3049/2716/2274 3050/2709/2268 2507/2708/2267
f 2563/2686/2248 3092/2685/2247 3091/2717/2275 2564/2718/2276
f 2522/2719/2277 3073/2720/2278 3044/2721/2279 2521/2722/2279
f 2577/2713/2271 3089/2712/2270 2898/2723/2280 3079/2724/2281 2578/2725/2282
f 2509/2726/2283 3051/2727/2284 3048/2715/2273 2508/2714/2272
f 2564/2718/2276 3091/2717/2275 3093/2728/2285 2565/2729/2286
f 2523/2730/2287 3072/2731/2288 3073/2720/2278 2522/2719/2277
f 2578/2725/2282 3079/2724/2281 3077/2732/2289 3031/2733/2289
f 2510/2734/2290 3052/2735/2291 2863/2736/2292 3051/2727/2284 2509/2726/2283
f 2565/2729/2286 3093/2728/2285 3097/2737/2293 3096/2738/2294 2566/2739/2295
f 2524/2740/2296 3071/2741/2297 3072/2731/2288 2523/2730/2287
f 2579/2742/2298 3078/2743/2298 3075/2744/2299 2580/2745/2300
f 2511/2746/2301 3054/2747/2302 3052/2735/2291 2510/2734/2290
f 2566/2739/2295 3096/2738/2294 3098/2748/2303 2567/2749/2304
f 2525/2750/2305 3066/2751/2306 3070/2752/2307 3071/2741/2297 2524/2740/2296
f 2580/2745/2300 3075/2744/2299 3074/2753/2308 2581/2754/2309
f 2512/2755/2310 3047/2756/2311 3054/2747/2302 2511/2746/2301
f 2567/2749/2304 3098/2748/2303 3099/2757/2312 3100/2758/2313 2568/2759/2314
f 2526/2760/2315 3064/2761/2316 3065/2762/2317 3066/2751/2306 2525/2750/2305
f 2581/2754/2309 3074/2753/2308 3076/2763/2318 2582/2764/2319
f 2994/2765/2320 3045/2766/2320 3047/2756/2311 2512/2755/2310
f 2568/2759/2314 3100/2758/2313 3101/2767/2321 2569/2768/2322
f 2527/2769/2323 3063/2770/2324 3064/2761/2316 2526/2760/2315
f 2582/2764/2319 3076/2763/2318 2890/2771/2325 3080/2772/2326 2583/2773/2327
f 2514/2774/2328 3055/2775/2329 3046/2776/2330 2513/2777/2330
f 2569/2768/2322 3101/2767/2321 3102/2778/2331 2570/2779/2332
f 2528/2780/2030 3060/2781/2333 3063/2770/2324 2527/2769/2323
f 2583/2773/2327 3080/2772/2326 3085/2782/2334 3084/2783/2335 2584/2784/2336
f 2515/2785/2337 3057/2786/2338 3056/2787/2339 3055/2775/2329 2514/2774/2328
f 2570/2779/2332 3102/2778/2331 3040/2788/2340 2571/2789/2340
f 2505/2700/2260 3058/2699/2259 3060/2781/2333 2528/2780/2030
f 2584/2784/2336 3084/2783/2335 3083/2675/2239 2585/2674/2238
f 2516/2681/2243 3061/2680/2242 3057/2786/2338 2515/2785/2337
f 2626/2790/2341 2625/2791/2342 2632/2792/2343 2633/2793/2344
f 2627/2794/2345 2626/2790/2341 2633/2793/2344 2634/2795/2346
f 2854/2384/1971 2627/2794/2345 2634/2795/2346 2635/2385/1972
f 2621/2796/2347 2780/2797/1937 2628/2798/2348
f 2622/2799/2349 2621/2796/2347 2628/2798/2348 2629/2800/2350
f 2623/2801/2351 2622/2799/2349 2629/2800/2350 2630/2802/2352
f 2624/2803/2353 2623/2801/2351 2630/2802/2352 2631/2804/2354
f 2625/2791/2342 2624/2803/2353 2631/2804/2354 2632/2792/2343
f 2632/2792/2343 2631/2804/2354 2639/2805/2355 2640/2806/2356
f 2633/2793/2344 2632/2792/2343 2640/2806/2356 2641/2807/2357
f 2634/2795/2346 2633/2793/2344 2641/2807/2357 2642/2808/2358
f 2635/2385/1972 2634/2795/2346 2642/2808/2358 2643/2397/1984
f 2628/2798/2348 2780/2797/1937 2636/2809/2359
f 2629/2800/2350 2628/2798/2348 2636/2809/2359 2637/2810/2360
f 2630/2802/2352 2629/2800/2350 2637/2810/2360 2638/2811/2361
f 2631/2804/2354 2630/2802/2352 2638/2811/2361 2639/2805/2355
f 2637/2810/2360 2636/2809/2359 2644/2812/2362 2645/2813/2363
f 2638/2811/2361 2637/2810/2360 2645/2813/2363 2646/2814/2364
f 2639/2805/2355 2638/2811/2361 2646/2814/2364 2647/2815/2365
f 2640/2806/2356 2639/2805/2355 2647/2815/2365 2648/2816/2366
f 2641/2807/2357 2640/2806/2356 2648/2816/2366 2649/2817/2367
f 2642/2808/2358 2641/2807/2357 2649/2817/2367 2650/2818/2368
f 2643/2397/1984 2642/2808/2358 2650/2818/2368 2283/2401/1988
f 2636/2809/2359 2780/2797/1937 2644/2812/2362
f 2649/2817/2367 2648/2816/2366 2655/2819/2369 2656/2820/2370
f 2650/2818/2368 2649/2817/2367 2656/2820/2370 2657/2821/2371
f 2283/2401/1988 2650/2818/2368 2657/2821/2371 2291/2413/2000
f 2644/2812/2362 2780/2797/1937 2651/2822/2372
f 2645/2813/2363 2644/2812/2362 2651/2822/2372 2652/2823/2373
f 2646/2814/2364 2645/2813/2363 2652/2823/2373 2653/2824/2374
f 2647/2815/2365 2646/2814/2364 2653/2824/2374 2654/2825/2375
f 2648/2816/2366 2647/2815/2365 2654/2825/2375 2655/2819/2369
f 2652/2823/2373 2651/2822/2372 2658/2826/2376 2659/2827/2377
f 2653/2824/2374 2652/2823/2373 2659/2827/2377 2660/2828/2378
f 2654/2825/2375 2653/2824/2374 2660/2828/2378 2661/2829/2379
f 2655/2819/2369 2654/2825/2375 2661/2829/2379 2662/2830/2380
f 2656/2820/2370 2655/2819/2369 2662/2830/2380 2663/2831/2381
f 2657/2821/2371 2656/2820/2370 2663/2831/2381 2664/2832/2382
f 2291/2413/2000 2657/2821/2371 2664/2832/2382 2299/2424/2011
f 2651/2822/2372 2780/2797/1937 2658/2826/2376
f 2663/2831/2381 2662/2830/2380 2669/2833/2383 2670/2834/2384
f 2664/2832/2382 2663/2831/2381 2670/2834/2384 2671/2835/2385
f 2299/2424/2011 2664/2832/2382 2671/2835/2385 2307/2428/2015
f 2658/2826/2376 2780/2797/1937 2665/2836/2386
f 2659/2827/2377 2658/2826/2376 2665/2836/2386 2666/2837/2387
f 2660/2828/2378 2659/2827/2377 2666/2837/2387 2667/2838/2388
f 2661/2829/2379 2660/2828/2378 2667/2838/2388 2668/2839/2389
f 2662/2830/2380 2661/2829/2379 2668/2839/2389 2669/2833/2383
f 2667/2838/2388 2666/2837/2387 2673/2840/2390 2674/2841/2391
f 2668/2839/2389 2667/2838/2388 2674/2841/2391 2675/2842/2392
f 2669/2833/2383 2668/2839/2389 2675/2842/2392 2676/2843/2393
f 2670/2834/2384 2669/2833/2383 2676/2843/2393 2677/2844/2394
f 2671/2835/2385 2670/2834/2384 2677/2844/2394 2678/2845/2395
f 2307/2428/2015 2671/2835/2385 2678/2845/2395 2679/2440/2027
f 2665/2836/2386 2780/2797/1937 2672/2846/2396
f 2666/2837/2387 2665/2836/2386 2672/2846/2396 2673/2840/2390
f 2678/2845/2395 2677/2844/2394 2685/2847/2397 2686/2848/2398
f 2679/2440/2027 2678/2845/2395 2686/2848/2398 2322/2444/2031
f 2672/2846/2396 2780/2797/1937 2680/2849/2399
f 2673/2840/2390 2672/2846/2396 2680/2849/2399 2681/2850/2400
f 2674/2841/2391 2673/2840/2390 2681/2850/2400 2682/2851/2401
f 2675/2842/2392 2674/2841/2391 2682/2851/2401 2683/2852/2402
f 2676/2843/2393 2675/2842/2392 2683/2852/2402 2684/2853/2403
f 2677/2844/2394 2676/2843/2393 2684/2853/2403 2685/2847/2397
f 2683/2854/2402 2682/2855/2401 2689/2856/2404 2690/2857/2405
f 2684/2858/2403 2683/2854/2402 2690/2857/2405 2691/2859/2406
f 2685/2860/2397 2684/2858/2403 2691/2859/2406 2692/2861/2407
f 2686/2862/2398 2685/2860/2397 2692/2861/2407 2693/2863/2408
f 2322/2463/2031 2686/2862/2398 2693/2863/2408 2694/2464/2042
f 2680/2864/2399 2780/2865/1937 2687/2866/2409
f 2681/2867/2400 2680/2864/2399 2687/2866/2409 2688/2868/2410
f 2682/2855/2401 2681/2867/2400 2688/2868/2410 2689/2856/2404
f 2694/2464/2042 2693/2863/2408 2701/2869/2411 2337/2468/2046
f 2687/2866/2409 2780/2865/1937 2695/2870/2412
f 2688/2868/2410 2687/2866/2409 2695/2870/2412 2696/2871/2413
f 2689/2856/2404 2688/2868/2410 2696/2871/2413 2697/2872/2414
f 2690/2857/2405 2689/2856/2404 2697/2872/2414 2698/2873/2415
f 2691/2859/2406 2690/2857/2405 2698/2873/2415 2699/2874/2416
f 2692/2861/2407 2691/2859/2406 2699/2874/2416 2700/2875/2417
f 2693/2863/2408 2692/2861/2407 2700/2875/2417 2701/2869/2411
f 2698/2873/2415 2697/2872/2414 2704/2876/2418 2705/2877/2419
f 2699/2874/2416 2698/2873/2415 2705/2877/2419 2706/2878/2420
f 2700/2875/2417 2699/2874/2416 2706/2878/2420 2707/2879/2421
f 2701/2869/2411 2700/2875/2417 2707/2879/2421 2708/2880/2422
f 2337/2468/2046 2701/2869/2411 2708/2880/2422 2345/2479/2057
f 2695/2870/2412 2780/2865/1937 2702/2881/2423
f 2696/2871/2413 2695/2870/2412 2702/2881/2423 2703/2882/2424
f 2697/2872/2414 2696/2871/2413 2703/2882/2424 2704/2876/2418
f 2345/2479/2057 2708/2880/2422 2715/2883/2425 2353/2483/2061
f 2702/2881/2423 2780/2865/1937 2709/2884/2426
f 2703/2882/2424 2702/2881/2423 2709/2884/2426 2710/2885/2427
f 2704/2876/2418 2703/2882/2424 2710/2885/2427 2711/2886/2428
f 2705/2877/2419 2704/2876/2418 2711/2886/2428 2712/2887/2429
f 2706/2878/2420 2705/2877/2419 2712/2887/2429 2713/2888/2430
f 2707/2879/2421 2706/2878/2420 2713/2888/2430 2714/2889/2431
f 2708/2880/2422 2707/2879/2421 2714/2889/2431 2715/2883/2425
f 2713/2888/2430 2712/2887/2429 2719/2890/2432 2720/2891/2433
f 2714/2889/2431 2713/2888/2430 2720/2891/2433 2721/2892/2434
f 2715/2883/2425 2714/2889/2431 2721/2892/2434 2722/2893/2435
f 2353/2483/2061 2715/2883/2425 2722/2893/2435 2723/2495/2073
f 2709/2884/2426 2780/2865/1937 2716/2894/2436
f 2710/2885/2427 2709/2884/2426 2716/2894/2436 2717/2895/2437
f 2711/2886/2428 2710/2885/2427 2717/2895/2437 2718/2896/2438
f 2712/2887/2429 2711/2886/2428 2718/2896/2438 2719/2890/2432
f 2716/2894/2436 2780/2865/1937 2724/2897/2439
f 2717/2895/2437 2716/2894/2436 2724/2897/2439 2725/2898/2440
f 2718/2896/2438 2717/2895/2437 2725/2898/2440 2726/2899/2441
f 2719/2890/2432 2718/2896/2438 2726/2899/2441 2727/2900/2442
f 2720/2891/2433 2719/2890/2432 2727/2900/2442 2728/2901/2443
f 2721/2892/2434 2720/2891/2433 2728/2901/2443 2729/2902/2444
f 2722/2893/2435 2721/2892/2434 2729/2902/2444 2859/2903/2445 2858/2904/2446 2861/2905/2446 3053/2906/2447
f 2723/2495/2073 2722/2893/2435 3053/2906/2447 2862/2907/2448 2855/2908/2448 2856/2909/2448 2857/2910/2448 2866/2911/2448 2864/2912/2449 2368/2499/2077
f 2728/2901/2443 2727/2900/2442 2733/2913/2450 2734/2914/2451
f 2729/2902/2444 2728/2901/2443 2734/2914/2451 2735/2915/2452
f 2368/2499/2077 2864/2912/2449 2865/2916/2453 2870/2917/2453 2871/2918/2453 2872/2919/2453 2877/2920/2453 3068/2921/2454 2736/2518/2092
f 2724/2897/2439 2780/2865/1937 2730/2922/2455
f 2725/2898/2440 2724/2897/2439 2730/2922/2455 2731/2923/2456
f 2726/2899/2441 2725/2898/2440 2731/2923/2456 2732/2924/2457
f 2727/2900/2442 2726/2899/2441 2732/2924/2457 2733/2913/2450
f 2731/2923/2456 2730/2922/2455 2737/2925/2458 2738/2926/2459
f 2732/2924/2457 2731/2923/2456 2738/2926/2459 2739/2927/2460
f 2733/2913/2450 2732/2924/2457 2739/2927/2460 2740/2928/2461
f 2734/2914/2451 2733/2913/2450 2740/2928/2461 2741/2929/2462
f 2735/2915/2452 2734/2914/2451 2741/2929/2462 2742/2930/2463
f 2736/2518/2092 3068/2921/2454 2879/2931/2464 2882/2932/2464 2884/2933/2464 2883/2934/2464 2880/2935/2464 2881/2936/2465 2743/2937/2466 2381/2523/2097
f 2730/2922/2455 2780/2865/1937 2737/2925/2458
f 2742/2930/2463 2741/2929/2462 2748/2938/2467 2749/2939/2468
f 2743/2937/2466 2742/2930/2463 2749/2939/2468 2895/2940/2469 2891/2941/2470 3081/2942/2471
f 2381/2523/2097 2743/2937/2466 3081/2942/2471 2887/2943/2472 2886/2944/2472 2885/2945/2472 2889/2946/2472 2888/2947/2472 3090/2948/2473 2750/2537/2111
f 2737/2925/2458 2780/2865/1937 2744/2949/2474
f 2738/2926/2459 2737/2925/2458 2744/2949/2474 2745/2950/2475
f 2739/2927/2460 2738/2926/2459 2745/2950/2475 2746/2951/2476
f 2740/2928/2461 2739/2927/2460 2746/2951/2476 2747/2952/2477
f 2741/2929/2462 2740/2928/2461 2747/2952/2477 2748/2938/2467
f 2746/2951/2476 2745/2950/2475 2752/2953/2478 2753/2954/2479
f 2747/2952/2477 2746/2951/2476 2753/2954/2479 2754/2955/2480
f 2748/2938/2467 2747/2952/2477 2754/2955/2480 2755/2956/2481
f 2749/2939/2468 2748/2938/2467 2755/2956/2481 2756/2957/2482
f 2750/2537/2111 3090/2948/2473 2899/2958/2483 2897/2959/2483 2896/2960/2483 2904/2961/2483 2903/2962/2483 3103/2963/2484 2757/2553/2127
f 2744/2949/2474 2780/2865/1937 2751/2964/2485
f 2745/2950/2475 2744/2949/2474 2751/2964/2485 2752/2953/2478
f 2757/2553/2127 3103/2963/2484 2912/2965/2486 2914/2966/2486 2911/2967/2486 2910/2968/2486 2909/2969/2486 2908/2970/2487 2764/2971/2488 2400/2557/2131
f 2751/2964/2485 2780/2865/1937 2758/2972/2489
f 2752/2953/2478 2751/2964/2485 2758/2972/2489 2759/2973/2490
f 2753/2954/2479 2752/2953/2478 2759/2973/2490 2760/2974/2491
f 2754/2955/2480 2753/2954/2479 2760/2974/2491 2761/2975/2492
f 2755/2956/2481 2754/2955/2480 2761/2975/2492 2762/2976/2493
f 2756/2957/2482 2755/2956/2481 2762/2976/2493 2763/2977/2494
f 2760/2974/2491 2759/2973/2490 2766/2978/2495 2767/2979/2496
f 2761/2975/2492 2760/2974/2491 2767/2979/2496 2768/2980/2497
f 2762/2976/2493 2761/2975/2492 2768/2980/2497 2769/2981/2498
f 2763/2977/2494 2762/2976/2493 2769/2981/2498 2770/2982/2499
f 2764/2971/2488 2763/2977/2494 2770/2982/2499 2771/2983/2500
f 2400/2557/2131 2764/2971/2488 2771/2983/2500 2408/2572/2145
f 2758/2972/2489 2780/2865/1937 2765/2984/2501
f 2759/2973/2490 2758/2972/2489 2765/2984/2501 2766/2978/2495
f 2771/2983/2500 2770/2982/2499 2777/2985/2502 2778/2986/2503
f 2408/2572/2145 2771/2983/2500 2778/2986/2503 2779/2576/2149
f 2765/2984/2501 2780/2865/1937 2772/2987/2504
f 2766/2978/2495 2765/2984/2501 2772/2987/2504 2773/2988/2505
f 2767/2979/2496 2766/2978/2495 2773/2988/2505 2774/2989/2506
f 2768/2980/2497 2767/2979/2496 2774/2989/2506 2775/2990/2507
f 2769/2981/2498 2768/2980/2497 2775/2990/2507 2776/2991/2508
f 2770/2982/2499 2769/2981/2498 2776/2991/2508 2777/2985/2502
f 2775/2990/2507 2774/2989/2506 2783/2992/2509 2784/2993/2510
f 2776/2991/2508 2775/2990/2507 2784/2993/2510 2785/2994/2511
f 2777/2985/2502 2776/2991/2508 2785/2994/2511 2786/2995/2512
f 2778/2986/2503 2777/2985/2502 2786/2995/2512 2787/2996/2513
f 2779/2576/2149 2778/2986/2503 2787/2996/2513 2423/2588/2161
f 2772/2987/2504 2780/2865/1937 2781/2997/2514
f 2773/2988/2505 2772/2987/2504 2781/2997/2514 2782/2998/2515
f 2774/2989/2506 2773/2988/2505 2782/2998/2515 2783/2992/2509
f 2423/2588/2161 2787/2996/2513 2794/2999/2516 2431/2592/2165
f 2781/2997/2514 2780/2865/1937 2788/3000/2517
f 2782/2998/2515 2781/2997/2514 2788/3000/2517 2789/3001/2518
f 2783/2992/2509 2782/2998/2515 2789/3001/2518 2790/3002/2519
f 2784/2993/2510 2783/2992/2509 2790/3002/2519 2791/3003/2520
f 2785/2994/2511 2784/2993/2510 2791/3003/2520 2792/3004/2521
f 2786/2995/2512 2785/2994/2511 2792/3004/2521 2793/3005/2522
f 2787/2996/2513 2786/2995/2512 2793/3005/2522 2794/2999/2516
f 2791/3003/2520 2790/3002/2519 2797/3006/2523 2798/3007/2524
f 2792/3004/2521 2791/3003/2520 2798/3007/2524 2799/3008/2525
f 2793/3005/2522 2792/3004/2521 2799/3008/2525 2800/3009/2526
f 2794/2999/2516 2793/3005/2522 2800/3009/2526 2801/3010/2527
f 2431/2592/2165 2794/2999/2516 2801/3010/2527 2802/2603/2176
f 2788/3000/2517 2780/2865/1937 2795/3011/2528
f 2789/3001/2518 2788/3000/2517 2795/3011/2528 2796/3012/2529
f 2790/3002/2519 2789/3001/2518 2796/3012/2529 2797/3006/2523
f 2802/2609/2176 2801/3013/2527 2809/3014/2530 2446/2610/2180
f 2795/3015/2528 2780/2797/1937 2803/3016/2531
f 2796/3017/2529 2795/3015/2528 2803/3016/2531 2804/3018/2532
f 2797/3019/2523 2796/3017/2529 2804/3018/2532 2805/3020/2533
f 2798/3021/2524 2797/3019/2523 2805/3020/2533 2806/3022/2534
f 2799/3023/2525 2798/3021/2524 2806/3022/2534 2807/3024/2535
f 2800/3025/2526 2799/3023/2525 2807/3024/2535 2808/3026/2536
f 2801/3013/2527 2800/3025/2526 2808/3026/2536 2809/3014/2530
f 2807/3024/2535 2806/3022/2534 2813/3027/2537 2814/3028/2538
f 2808/3026/2536 2807/3024/2535 2814/3028/2538 2815/3029/2539
f 2809/3014/2530 2808/3026/2536 2815/3029/2539 2816/3030/2540
f 2446/2610/2180 2809/3014/2530 2816/3030/2540 2454/2627/2192
f 2803/3016/2531 2780/2797/1937 2810/3031/2541
f 2804/3018/2532 2803/3016/2531 2810/3031/2541 2811/3032/2542
f 2805/3020/2533 2804/3018/2532 2811/3032/2542 2812/3033/2543
f 2806/3022/2534 2805/3020/2533 2812/3033/2543 2813/3027/2537
f 2811/3032/2542 2810/3031/2541 2817/3034/2544 2818/3035/2545
f 2812/3033/2543 2811/3032/2542 2818/3035/2545 2819/3036/2546
f 2813/3027/2537 2812/3033/2543 2819/3036/2546 2820/3037/2547
f 2814/3028/2538 2813/3027/2537 2820/3037/2547 2821/3038/2548
f 2815/3029/2539 2814/3028/2538 2821/3038/2548 2822/3039/2549
f 2816/3030/2540 2815/3029/2539 2822/3039/2549 2823/3040/2550
f 2454/2627/2192 2816/3030/2540 2823/3040/2550 2462/2631/2196
f 2810/3031/2541 2780/2797/1937 2817/3034/2544
f 2822/3039/2549 2821/3038/2548 2828/3041/2551 2829/3042/2552
f 2823/3040/2550 2822/3039/2549 2829/3042/2552 2830/3043/2553
f 2462/2631/2196 2823/3040/2550 2830/3043/2553 2470/2642/2207
f 2817/3034/2544 2780/2797/1937 2824/3044/2554
f 2818/3035/2545 2817/3034/2544 2824/3044/2554 2825/3045/2555
f 2819/3036/2546 2818/3035/2545 2825/3045/2555 2826/3046/2556
f 2820/3037/2547 2819/3036/2546 2826/3046/2556 2827/3047/2557
f 2821/3038/2548 2820/3037/2547 2827/3047/2557 2828/3041/2551
f 2825/3045/2555 2824/3044/2554 2831/3048/2558 2832/3049/2559
f 2826/3046/2556 2825/3045/2555 2832/3049/2559 2833/3050/2560
f 2827/3047/2557 2826/3046/2556 2833/3050/2560 2834/3051/2561
f 2828/3041/2551 2827/3047/2557 2834/3051/2561 2835/3052/2562
f 2829/3042/2552 2828/3041/2551 2835/3052/2562 2836/3053/2563
f 2830/3043/2553 2829/3042/2552 2836/3053/2563 2837/3054/2564
f 2470/2642/2207 2830/3043/2553 2837/3054/2564 2478/2653/2218
f 2824/3044/2554 2780/2797/1937 2831/3048/2558
f 2836/3053/2563 2835/3052/2562 2842/3055/2565 2843/3056/2566
f 2837/3054/2564 2836/3053/2563 2843/3056/2566 2844/3057/2567
f 2478/2653/2218 2837/3054/2564 2844/3057/2567 2845/2657/2222
f 2831/3048/2558 2780/2797/1937 2838/3058/2568
f 2832/3049/2559 2831/3048/2558 2838/3058/2568 2839/3059/2569
f 2833/3050/2560 2832/3049/2559 2839/3059/2569 2840/3060/2570
f 2834/3051/2561 2833/3050/2560 2840/3060/2570 2841/3061/2571
f 2835/3052/2562 2834/3051/2561 2841/3061/2571 2842/3055/2565
f 2840/3060/2570 2839/3059/2569 2847/3062/2572 2848/3063/2573
f 2841/3061/2571 2840/3060/2570 2848/3063/2573 2849/3064/2574
f 2842/3055/2565 2841/3061/2571 2849/3064/2574 2850/3065/2575
f 2843/3056/2566 2842/3055/2565 2850/3065/2575 2851/3066/2576
f 2844/3057/2567 2843/3056/2566 2851/3066/2576 2852/3067/2577
f 2845/2657/2222 2844/3057/2567 2852/3067/2577 2853/2669/2234
f 2838/3058/2568 2780/2797/1937 2846/3068/2578
f 2839/3059/2569 2838/3058/2568 2846/3068/2578 2847/3062/2572
f 2852/3067/2577 2851/3066/2576 2626/2790/2341 2627/2794/2345
f 2853/2669/2234 2852/3067/2577 2627/2794/2345 2854/2384/1971
f 2846/3068/2578 2780/2797/1937 2621/2796/2347
f 2847/3062/2572 2846/3068/2578 2621/2796/2347 2622/2799/2349
f 2848/3063/2573 2847/3062/2572 2622/2799/2349 2623/2801/2351
f 2849/3064/2574 2848/3063/2573 2623/2801/2351 2624/2803/2353
f 2850/3065/2575 2849/3064/2574 2624/2803/2353 2625/2791/2342
f 2851/3066/2576 2850/3065/2575 2625/2791/2342 2626/2790/2341
f 2881/2936/2465 2875/3069/2579 2876/3070/2580 2735/2915/2452 2742/2930/2463 2743/2937/2466
f 2876/3070/2580 2874/3071/2581 2873/3072/2581 2869/3073/2581 2868/3074/2581 2867/3075/2581 2860/3076/2581 2859/2903/2445 2729/2902/2444 2735/2915/2452
f 2906/3077/2582 2902/3078/2583 2900/3079/2583 2901/3080/2583 2892/3081/2583 2893/3082/2583 2894/3083/2583 2895/2940/2469 2749/2939/2468 2756/2957/2482
f 2908/2970/2487 2907/3084/2584 2905/3085/2584 2906/3077/2582 2756/2957/2482 2763/2977/2494 2764/2971/2488
f 2944/3086/2585 2936/3087/2586 2933/3088/2587 2383/2526/2100 2389/2539/2113
f 2948/2562/2135 2949/3089/2588 2951/3090/2588 2952/3091/2588 2947/3092/2588 2950/2543/2117 2394/2542/2116 2401/2558/2132 2402/2563/2136
f 2933/3088/2587 2932/3093/2589 2931/3094/2590 2376/2525/2099 2383/2526/2100
f 2931/3094/2590 2928/3095/2591 2924/3096/2592 2376/2525/2099
f 2924/3096/2592 2922/3097/2593 2921/2501/2079 2369/2500/2078 2375/2519/2093 2376/2525/2099
f 2941/2547/2121 3131/2559/2133 2395/2548/2122
f 3134/2545/2119 2945/3098/2594 2944/3086/2585 2389/2539/2113
usemtl Brown
f 2954/3099/2595 2974/3100/2595 2973/3101/2596 2956/3102/2597 2953/3103/2595
f 2960/3104/2598 2976/3105/2598 2978/3106/2599 2961/3107/2600
f 2959/3108/2601 2970/3109/2602 2976/3105/2598 2960/3104/2598
f 2958/3110/2603 2968/3111/2604 2970/3109/2602 2959/3108/2601
f 2957/3112/2605 2969/3113/2606 2968/3111/2604 2958/3110/2603
f 2956/3102/2597 2973/3101/2596 2969/3113/2606 2957/3112/2605
f 2961/3107/2600 2978/3106/2599 2972/3114/2607 2962/3115/2608
f 2962/3115/2608 2972/3114/2607 2971/3116/2609 2963/3117/2610
f 2963/3117/2610 2971/3116/2609 2977/3118/2611 2964/3119/2612
f 2964/3119/2612 2977/3118/2611 2979/3120/2613 2966/3121/2613 2965/3122/2613
f 2529/3123/2581 2530/3124/2581 2555/3125/2614 2553/3126/2615
f 2530/3124/2581 2529/3123/2581 2985/3127/2581 2986/3128/2581
f 2529/3123/2581 2531/3129/2616 2987/3130/2617 2985/3127/2581
f 2531/3129/2616 2532/3131/2618 2988/3132/2619 2987/3130/2617
f 2532/3131/2618 2533/3133/2620 2989/3134/2621 2988/3132/2619
f 2533/3133/2620 2534/3135/2622 2990/3136/2623 2989/3134/2621
f 2534/3135/2622 2535/3137/2448 2991/3138/2448 2990/3136/2623
f 2535/3137/2448 2536/3139/2448 2992/3140/2448 2991/3138/2448
f 2536/3139/2448 2537/3141/2448 2993/3142/2448 2992/3140/2448
f 2537/3141/2448 2538/3143/2624 2995/3144/2625 2993/3142/2448
f 2538/3143/2624 2539/3145/2626 2996/3146/2627 2995/3144/2625
f 2539/3145/2626 2540/3147/2628 2997/3148/2629 2996/3146/2627
f 2540/3147/2628 2541/3149/2630 2998/3150/2453 2997/3148/2629
f 2541/3149/2630 2542/3151/2631 3000/3152/2453 2998/3150/2453
f 2542/3151/2631 2543/3153/2632 3001/3154/2633 3000/3152/2453
f 2543/3153/2632 2544/3155/2634 3002/3156/2635 3001/3154/2633
f 2544/3155/2634 2545/3157/2636 3003/3158/2464 3002/3156/2635
f 2545/3157/2636 2546/3159/2637 3005/3160/2464 3003/3158/2464
f 2546/3159/2637 2547/3161/2638 3006/3162/2464 3005/3160/2464
f 2547/3161/2638 2548/3163/2639 3007/3164/2640 3006/3162/2464
f 2548/3163/2639 2549/3165/2641 3008/3166/2642 3007/3164/2640
f 2549/3165/2641 2550/3167/2643 3009/3168/2644 3008/3166/2642
f 2550/3167/2643 2551/3169/2581 3010/3170/2581 3009/3168/2644
f 2551/3169/2581 2552/3171/2581 3011/3172/2581 3010/3170/2581
f 2552/3171/2581 2530/3124/2581 2986/3128/2581 3011/3172/2581
f 2541/3149/2630 2555/3125/2614 2554/3173/2645 2542/3151/2631
f 2542/3151/2631 2554/3173/2645 2557/3174/2646 2558/3175/2647 2562/3176/2648 2543/3153/2632
f 2540/3147/2628 2539/3145/2626 2561/3177/2649 2560/3178/2650 2559/3179/2651 2556/3180/2652 2553/3126/2615
f 2553/3126/2615 2556/3180/2652 2531/3129/2616 2529/3123/2581
f 2554/3173/2645 2555/3125/2614 2530/3124/2581 2552/3171/2581
f 2551/3169/2581 2557/3174/2646 2554/3173/2645 2552/3171/2581
f 2553/3126/2615 2555/3125/2614 2541/3149/2630 2540/3147/2628
f 2550/3167/2643 2558/3175/2647 2557/3174/2646 2551/3169/2581
f 2556/3180/2652 2559/3179/2651 2532/3131/2618 2531/3129/2616
f 2559/3179/2651 2560/3178/2650 2533/3133/2620 2532/3131/2618
f 2560/3178/2650 2561/3177/2649 2534/3135/2622 2533/3133/2620
f 2561/3177/2649 2539/3145/2626 2538/3143/2624 2537/3141/2448 2536/3139/2448 2535/3137/2448 2534/3135/2622
f 2549/3165/2641 2562/3176/2648 2558/3175/2647 2550/3167/2643
f 2543/3153/2632 2562/3176/2648 2549/3165/2641 2548/3163/2639 2547/3161/2638 2546/3159/2637 2545/3157/2636 2544/3155/2634
f 2587/3181/2583 2611/3182/2653 2613/3183/2654 2588/3184/2583
f 2588/3184/2583 3013/3185/2583 3012/3186/2583 2587/3181/2583
f 2587/3181/2583 3012/3186/2583 3014/3187/2655 2589/3188/2656
f 2589/3188/2656 3014/3187/2655 3015/3189/2657 2590/3190/2658
f 2590/3190/2658 3015/3189/2657 3016/3191/2659 2591/3192/2660
f 2591/3192/2660 3016/3191/2659 3017/3193/2661 2592/3194/2662
f 2592/3194/2662 3017/3193/2661 3018/3195/2486 2593/3196/2486
f 2593/3196/2486 3018/3195/2486 3019/3197/2486 2594/3198/2486
f 2594/3198/2486 3019/3197/2486 3020/3199/2486 2595/3200/2486
f 2595/3200/2486 3020/3199/2486 3022/3201/2663 2596/3202/2664
f 2596/3202/2664 3022/3201/2663 3023/3203/2665 2597/3204/2666
f 2597/3204/2666 3023/3203/2665 3024/3205/2667 2598/3206/2668
f 2598/3206/2668 3024/3205/2667 3025/3207/2483 2599/3208/2669
f 2599/3208/2669 3025/3207/2483 3027/3209/2483 2600/3210/2670
f 2600/3210/2670 3027/3209/2483 3028/3211/2671 2601/3212/2672
f 2601/3212/2672 3028/3211/2671 3029/3213/2673 2602/3214/2674
f 2602/3214/2674 3029/3213/2673 3030/3215/2472 2603/3216/2675
f 2603/3216/2675 3030/3215/2472 3032/3217/2472 2604/3218/2676
f 2604/3218/2676 3032/3217/2472 3033/3219/2472 2605/3220/2677
f 2605/3220/2677 3033/3219/2472 3034/3221/2678 2606/3222/2679
f 2606/3222/2679 3034/3221/2678 3035/3223/2680 2607/3224/2681
f 2607/3224/2681 3035/3223/2680 3036/3225/2682 2608/3226/2683
f 2608/3226/2683 3036/3225/2682 3037/3227/2583 2609/3228/2583
f 2609/3228/2583 3037/3227/2583 3038/3229/2583 2610/3230/2583
f 2610/3230/2583 3038/3229/2583 3013/3185/2583 2588/3184/2583
f 2599/3208/2669 2600/3210/2670 2612/3231/2684 2613/3183/2654
f 2600/3210/2670 2601/3212/2672 2620/3232/2685 2616/3233/2686 2615/3234/2687 2612/3231/2684
f 2598/3206/2668 2611/3182/2653 2614/3235/2688 2617/3236/2689 2618/3237/2690 2619/3238/2691 2597/3204/2666
f 2611/3182/2653 2587/3181/2583 2589/3188/2656 2614/3235/2688
f 2612/3231/2684 2610/3230/2583 2588/3184/2583 2613/3183/2654
f 2609/3228/2583 2610/3230/2583 2612/3231/2684 2615/3234/2687
f 2611/3182/2653 2598/3206/2668 2599/3208/2669 2613/3183/2654
f 2608/3226/2683 2609/3228/2583 2615/3234/2687 2616/3233/2686
f 2614/3235/2688 2589/3188/2656 2590/3190/2658 2617/3236/2689
f 2617/3236/2689 2590/3190/2658 2591/3192/2660 2618/3237/2690
f 2618/3237/2690 2591/3192/2660 2592/3194/2662 2619/3238/2691
f 2619/3238/2691 2592/3194/2662 2593/3196/2486 2594/3198/2486 2595/3200/2486 2596/3202/2664 2597/3204/2666
f 2607/3224/2681 2608/3226/2683 2616/3233/2686 2620/3232/2685
f 2601/3212/2672 2602/3214/2674 2603/3216/2675 2604/3218/2676 2605/3220/2677 2606/3222/2679 2607/3224/2681 2620/3232/2685
o Sphere.003
v -2.917700 -1.465223 0.867850
v -2.917700 -1.309158 0.845685
v -2.946052 -1.314476 0.838762
v -2.972471 -1.330067 0.835666
v -2.995159 -1.354868 0.830995
v -3.012567 -1.387190 0.825282
v -3.023510 -1.424830 0.823616
v -3.027243 -1.465223 0.826110
v -3.023510 -1.505616 0.832594
v -3.012567 -1.543256 0.840404
v -2.995159 -1.575578 0.846116
v -2.972471 -1.600379 0.851328
v -2.946052 -1.615970 0.857745
v -2.917700 -1.621288 0.865801
v -2.889348 -1.615970 0.874946
v -2.862928 -1.600380 0.884557
v -2.840241 -1.575578 0.893980
v -2.822833 -1.543256 0.902571
v -2.811889 -1.505616 0.904084
v -2.808157 -1.465223 0.901079
v -2.811889 -1.424830 0.895810
v -2.822833 -1.387190 0.888635
v -2.840241 -1.354868 0.880043
v -2.862928 -1.330067 0.868896
v -2.889348 -1.314476 0.855963
v -2.341737 -1.258270 0.841408
v -2.283089 -1.254421 0.822403
v -2.346129 -1.205547 0.826108
v -2.281735 -1.193826 0.802876
v -2.394631 -1.259426 0.857817
v -2.391553 -1.227766 0.846896
v -2.215000 -1.256663 0.795650
v -2.206449 -1.194953 0.769956
v -2.140977 -1.268332 0.760078
v -2.124417 -1.211634 0.731819
v -2.061585 -1.293475 0.722999
v -2.042497 -1.241648 0.687093
v -1.993091 -1.324868 0.679047
v -1.974793 -1.278244 0.645822
v -1.946209 -1.343559 0.646448
v -1.936044 -1.317034 0.629170
v -3.258858 -1.247967 0.623300
v -3.228179 -1.198827 0.629287
v -3.304280 -1.218776 0.564256
v -3.275223 -1.160542 0.571950
v -3.288538 -1.291417 0.615911
v -3.313131 -1.268847 0.577297
v -3.186198 -1.149299 0.644019
v -3.228214 -1.102664 0.577446
v -3.130342 -1.100566 0.656324
v -3.164157 -1.047176 0.591833
v -3.059983 -1.056015 0.673242
v -3.092839 -1.000895 0.618514
v -2.991860 -1.023825 0.690239
v -3.021245 -0.973392 0.642728
v -2.947372 -0.999990 0.699642
v -2.962202 -0.973871 0.674730
v -2.435287 -1.562701 0.907961
v -2.377510 -1.550290 0.895701
v -2.432117 -1.465648 0.903890
v -2.382520 -1.447888 0.890222
v -2.480673 -1.562206 0.912480
v -2.473934 -1.503527 0.911740
v -2.323774 -1.542631 0.880185
v -2.326736 -1.439351 0.872426
v -2.268281 -1.541667 0.863450
v -2.263594 -1.441919 0.853535
v -2.207461 -1.547604 0.839606
v -2.196066 -1.454124 0.826316
v -2.147139 -1.557838 0.806226
v -2.135976 -1.476496 0.796683
v -2.099074 -1.554774 0.780875
v -2.095852 -1.512967 0.779290
v -2.343933 -1.231909 0.833758
v -2.312582 -1.255493 0.831688
v -2.282412 -1.224123 0.812640
v -2.315589 -1.198467 0.814610
v -2.400275 -1.245486 0.855132
v -2.371985 -1.261812 0.851701
v -2.372298 -1.214665 0.836922
v -2.210724 -1.225808 0.782803
v -2.245191 -1.192513 0.789829
v -2.250243 -1.254695 0.812525
v -2.132697 -1.239983 0.745949
v -2.165991 -1.201369 0.750527
v -2.178795 -1.260918 0.777755
v -2.052041 -1.267562 0.705046
v -2.082612 -1.225384 0.713663
v -2.101096 -1.279478 0.742577
v -1.983943 -1.301556 0.662435
v -2.006095 -1.259434 0.664164
v -2.025198 -1.309055 0.699221
v -1.935412 -1.334481 0.635465
v -1.950296 -1.297654 0.633298
v -1.966217 -1.338504 0.662227
v -3.281569 -1.233371 0.598875
v -3.244332 -1.222660 0.625339
v -3.251701 -1.179685 0.602507
v -3.291790 -1.190075 0.565818
v -3.303498 -1.287074 0.597709
v -3.273402 -1.274677 0.621795
v -3.312472 -1.245280 0.566886
v -3.207206 -1.125982 0.610733
v -3.254096 -1.131392 0.575975
v -3.208845 -1.174273 0.635565
v -3.147249 -1.073871 0.624078
v -3.197766 -1.074318 0.582929
v -3.160274 -1.124679 0.648353
v -3.076411 -1.028455 0.647838
v -3.128916 -1.022304 0.603639
v -3.096134 -1.077231 0.666716
v -3.006552 -0.998608 0.667176
v -3.056616 -0.984175 0.631711
v -3.024633 -1.038207 0.681397
v -2.947503 -0.985724 0.690968
v -2.988422 -0.969712 0.656864
v -2.964123 -1.012043 0.697959
v -2.433702 -1.514174 0.908826
v -2.406155 -1.555965 0.903809
v -2.380015 -1.499089 0.894706
v -2.407837 -1.455361 0.898667
v -2.483627 -1.535848 0.915367
v -2.462378 -1.568322 0.910075
v -2.455261 -1.480446 0.907627
v -2.325255 -1.490991 0.877266
v -2.355543 -1.442404 0.881477
v -2.350327 -1.545742 0.887921
v -2.265937 -1.491793 0.859354
v -2.296068 -1.439282 0.863115
v -2.296673 -1.541262 0.872104
v -2.201764 -1.500864 0.834556
v -2.229708 -1.446871 0.843492
v -2.238259 -1.543804 0.854124
v -2.141557 -1.517167 0.804187
v -2.164462 -1.463839 0.810502
v -2.176912 -1.552735 0.822707
v -2.091260 -1.536407 0.778740
v -2.112012 -1.492675 0.785672
v -2.119506 -1.560435 0.791167
v -2.314085 -1.226980 0.823149
v -2.372957 -1.238453 0.844626
v -2.247717 -1.223604 0.801821
v -2.172393 -1.231144 0.764141
v -2.091854 -1.252431 0.728379
v -2.015646 -1.284245 0.681693
v -1.957608 -1.318554 0.647461
v -3.268060 -1.206368 0.599502
v -3.293239 -1.260767 0.597691
v -3.231470 -1.152833 0.608624
v -3.179020 -1.099499 0.615641
v -3.112525 -1.049767 0.635990
v -3.040624 -1.011191 0.656554
v -2.975446 -0.990740 0.679058
v -2.406996 -1.505663 0.903564
v -2.459537 -1.524722 0.912409
v -2.352935 -1.494073 0.885978
v -2.296371 -1.490272 0.868430
v -2.233984 -1.495337 0.850024
v -2.170687 -1.508287 0.818770
v -2.115055 -1.526843 0.791096
v -2.576796 -1.800631 0.883656
v -2.546799 -1.815186 0.876287
v -2.565650 -1.783746 0.887680
v -2.516382 -1.793703 0.879808
v -2.491846 -1.837639 0.864063
v -2.462912 -1.816368 0.867666
v -2.443088 -1.863714 0.851351
v -2.404191 -1.852194 0.846486
v -2.423373 -1.894453 0.838974
v -2.364548 -1.892473 0.821754
v -2.429732 -1.920104 0.831809
v -2.376420 -1.929571 0.810374
v -2.464287 -1.949995 0.819393
v -2.421574 -1.968366 0.802507
v -2.526613 -1.987305 0.805589
v -2.483263 -2.006737 0.790933
v -2.561167 -2.011897 0.795848
v -2.504887 -2.025604 0.782978
v -2.574311 -2.039880 0.782185
v -2.508915 -2.038535 0.776463
v -2.558200 -2.063199 0.768134
v -2.497891 -2.052315 0.768012
v -2.508169 -2.084822 0.751649
v -2.456764 -2.073090 0.752856
v -2.446762 -2.118317 0.718017
v -2.395499 -2.103617 0.715012
v -2.426305 -2.142448 0.691215
v -2.366668 -2.129410 0.684253
v -2.424680 -2.162376 0.673715
v -2.360379 -2.162198 0.654361
v -2.437717 -2.188451 0.655415
v -2.386136 -2.203572 0.626863
v -2.477057 -2.215103 0.642811
v -2.446220 -2.240376 0.613672
v -2.538137 -2.233878 0.633419
v -2.517529 -2.266226 0.594553
v -2.577453 -2.250793 0.619260
v -2.580132 -2.273544 0.591801
v -2.576784 -1.790645 0.886684
v -2.566188 -1.807982 0.880381
v -2.531590 -1.804444 0.878047
v -2.543424 -1.785822 0.884862
v -2.477379 -1.827003 0.865865
v -2.489947 -1.803677 0.874178
v -2.520656 -1.825451 0.870598
v -2.423639 -1.857954 0.850569
v -2.433472 -1.832929 0.859743
v -2.464764 -1.850120 0.857610
v -2.393960 -1.893463 0.830364
v -2.379202 -1.872492 0.832503
v -2.429494 -1.879163 0.845326
v -2.403076 -1.924838 0.821092
v -2.364760 -1.911261 0.815891
v -2.423532 -1.907676 0.834851
v -2.442930 -1.959180 0.812380
v -2.395260 -1.948412 0.805616
v -2.442478 -1.933698 0.825956
v -2.504938 -1.997021 0.798261
v -2.454406 -1.989062 0.797539
v -2.495609 -1.969286 0.812167
v -2.533027 -2.018750 0.789413
v -2.498686 -2.018158 0.786348
v -2.547786 -2.000396 0.800677
v -2.541613 -2.039207 0.779324
v -2.508093 -2.032149 0.779795
v -2.570442 -2.025570 0.789453
v -2.528045 -2.057757 0.768073
v -2.506265 -2.045028 0.772731
v -2.570548 -2.052493 0.775073
v -2.482467 -2.078956 0.752253
v -2.481621 -2.061272 0.761622
v -2.537000 -2.072897 0.760862
v -2.421131 -2.110967 0.716515
v -2.424939 -2.088195 0.736918
v -2.474895 -2.101251 0.736034
v -2.396487 -2.135929 0.687734
v -2.376949 -2.116699 0.698220
v -2.431910 -2.131827 0.701981
v -2.392529 -2.162287 0.664038
v -2.360635 -2.144373 0.669652
v -2.424141 -2.152041 0.682372
v -2.411927 -2.196011 0.641139
v -2.368474 -2.182580 0.639421
v -2.428668 -2.174724 0.664386
v -2.461639 -2.227739 0.629140
v -2.413309 -2.223118 0.618424
v -2.453499 -2.202382 0.648313
v -2.527833 -2.250051 0.615276
v -2.481053 -2.254851 0.604820
v -2.507664 -2.225497 0.637295
v -2.585928 -2.263712 0.604352
v -2.554011 -2.273582 0.589182
v -2.561420 -2.241361 0.629173
v -2.555437 -1.796727 0.882737
v -2.505302 -1.814564 0.872388
v -2.449118 -1.841525 0.858676
v -2.404348 -1.875828 0.839078
v -2.394146 -1.909468 0.825371
v -2.418869 -1.941055 0.816868
v -2.475008 -1.979174 0.804853
v -2.523236 -2.009277 0.793512
v -2.539268 -2.028860 0.784624
v -2.538406 -2.048760 0.773902
v -2.509310 -2.067084 0.761242
v -2.449917 -2.094723 0.738931
v -2.404429 -2.124263 0.700101
v -2.392388 -2.148207 0.676012
v -2.398571 -2.178652 0.651904
v -2.433404 -2.212750 0.633368
v -2.494359 -2.240174 0.623940
v -2.558525 -2.257647 0.609044
v -2.610308 -0.552469 -0.195090
v -2.610308 -0.609375 -0.382683
v -2.610308 -0.701785 -0.555570
v -2.610308 -0.826148 -0.707107
v -2.610308 -0.977684 -0.831469
v -2.610308 -1.150571 -0.923879
v -2.610308 -1.338164 -0.980785
v -2.610308 -2.088825 -0.831469
v -2.610308 -2.240361 -0.707107
v -2.610308 -2.364724 -0.555570
v -2.572248 -0.552469 -0.191342
v -2.535650 -0.609375 -0.375330
v -2.501922 -0.701785 -0.544895
v -2.472358 -0.826148 -0.693520
v -2.448097 -0.977684 -0.815493
v -2.430068 -1.150571 -0.906127
v -2.418967 -1.338164 -0.961940
v -2.415218 -1.533254 -0.980785
v -2.418967 -1.728345 -0.961940
v -2.430068 -1.915938 -0.906127
v -2.448097 -2.088825 -0.815493
v -2.472358 -2.240361 -0.693520
v -2.501922 -2.364724 -0.544895
v -2.535650 -2.457134 -0.375330
v -2.572248 -2.514040 -0.191342
v -2.535650 -0.552469 -0.180240
v -2.463861 -0.609375 -0.353553
v -2.397701 -0.701785 -0.513280
v -2.339710 -0.826148 -0.653281
v -2.292119 -0.977684 -0.768177
v -2.256755 -1.150571 -0.853553
v -2.234978 -1.338164 -0.906127
v -2.227625 -1.533254 -0.923879
v -2.234978 -1.728345 -0.906127
v -2.256755 -1.915938 -0.853553
v -2.292119 -2.088825 -0.768178
v -2.339710 -2.240361 -0.653281
v -2.397701 -2.364724 -0.513280
v -2.463861 -2.457134 -0.353553
v -2.535650 -2.514040 -0.180240
v -2.501922 -0.552469 -0.162211
v -2.397701 -0.609375 -0.318190
v -2.301650 -0.701785 -0.461940
v -2.217461 -0.826148 -0.587938
v -2.148368 -0.977684 -0.691341
v -2.097028 -1.150571 -0.768178
v -2.065413 -1.338164 -0.815493
v -2.054738 -1.533254 -0.831469
v -2.065413 -1.728345 -0.815493
v -2.097028 -1.915938 -0.768178
v -2.148368 -2.088825 -0.691341
v -2.217461 -2.240361 -0.587938
v -2.301650 -2.364724 -0.461940
v -2.397701 -2.457134 -0.318190
v -2.501922 -2.514040 -0.162211
v -2.472358 -0.552469 -0.137949
v -2.339710 -0.609375 -0.270598
v -2.217461 -0.701785 -0.392847
v -2.110308 -0.826148 -0.500000
v -2.022370 -0.977684 -0.587937
v -1.957027 -1.150571 -0.653281
v -1.916788 -1.338164 -0.693520
v -1.903201 -1.533254 -0.707106
v -1.916788 -1.728345 -0.693520
v -1.957027 -1.915938 -0.653281
v -2.022370 -2.088825 -0.587937
v -2.110308 -2.240361 -0.500000
v -2.217461 -2.364724 -0.392847
v -2.339710 -2.457134 -0.270598
v -2.472358 -2.514040 -0.137949
v -2.448097 -0.552469 -0.108386
v -2.292118 -0.609375 -0.212607
v -2.148368 -0.701785 -0.308658
v -2.022370 -0.826148 -0.392847
v -1.918967 -0.977684 -0.461939
v -1.842130 -1.150571 -0.513280
v -1.794815 -1.338164 -0.544895
v -1.778839 -1.533254 -0.555570
v -1.794815 -1.728345 -0.544895
v -1.842130 -1.915938 -0.513280
v -1.918967 -2.088825 -0.461939
v -2.022370 -2.240361 -0.392847
v -2.148368 -2.364724 -0.308658
v -2.292118 -2.457134 -0.212607
v -2.448097 -2.514040 -0.108386
v -2.430068 -0.552469 -0.074658
v -2.256755 -0.609375 -0.146446
v -2.097028 -0.701785 -0.212607
v -1.957027 -0.826148 -0.270598
v -1.842131 -0.977684 -0.318189
v -1.756755 -1.150571 -0.353553
v -1.704181 -1.338164 -0.375330
v -1.686429 -1.533254 -0.382683
v -1.704181 -1.728345 -0.375330
v -1.756755 -1.915938 -0.353553
v -1.842130 -2.088825 -0.318189
v -1.957027 -2.240361 -0.270598
v -2.097028 -2.364724 -0.212607
v -2.256755 -2.457134 -0.146446
v -2.430068 -2.514040 -0.074658
v -2.418966 -0.552469 -0.038060
v -2.234978 -0.609375 -0.074658
v -2.065413 -0.701785 -0.108386
v -1.916788 -0.826148 -0.137949
v -1.794815 -0.977684 -0.162211
v -1.704181 -1.150571 -0.180240
v -1.648369 -1.338164 -0.191341
v -1.629523 -1.533254 -0.195090
v -1.648369 -1.728345 -0.191341
v -1.704181 -1.915938 -0.180240
v -1.794815 -2.088825 -0.162211
v -1.916788 -2.240361 -0.137949
v -2.065413 -2.364724 -0.108386
v -2.234978 -2.457134 -0.074658
v -2.418967 -2.514040 -0.038060
v -2.415218 -0.552469 0.000000
v -2.227625 -0.609375 0.000000
v -2.054738 -0.701785 0.000000
v -1.903201 -0.826148 0.000000
v -1.778839 -0.977684 0.000000
v -1.686429 -1.150571 0.000000
v -1.629523 -1.338164 0.000000
v -1.610308 -1.533254 0.000000
v -1.629523 -1.728345 0.000000
v -1.686429 -1.915938 0.000000
v -1.778839 -2.088825 0.000000
v -1.903201 -2.240361 0.000000
v -2.054738 -2.364724 0.000000
v -2.227625 -2.457134 0.000000
v -2.415218 -2.514040 0.000000
v -2.418966 -0.552469 0.038060
v -2.234978 -0.609375 0.074658
v -2.065413 -0.701785 0.108387
v -1.916788 -0.826148 0.137950
v -1.794815 -0.977684 0.162212
v -1.704181 -1.150571 0.180240
v -1.648369 -1.338164 0.191342
v -1.629523 -1.533254 0.195091
v -1.648369 -1.728345 0.191342
v -1.704181 -1.915938 0.180240
v -1.794815 -2.088825 0.162212
v -1.916788 -2.240361 0.137950
v -2.065413 -2.364724 0.108387
v -2.234978 -2.457134 0.074658
v -2.418967 -2.514040 0.038060
v -2.430068 -0.552469 0.074658
v -2.256755 -0.609375 0.146447
v -2.097028 -0.701785 0.212608
v -1.957027 -0.826148 0.270598
v -1.842131 -0.977684 0.318190
v -1.756755 -1.150571 0.353554
v -1.704181 -1.338164 0.375330
v -1.686429 -1.533254 0.382684
v -1.704181 -1.728345 0.375330
v -1.756755 -1.915938 0.353554
v -1.842131 -2.088825 0.318190
v -1.957027 -2.240361 0.270598
v -2.097028 -2.364724 0.212608
v -2.256755 -2.457134 0.146447
v -2.430068 -2.514040 0.074658
v -2.448097 -0.552469 0.108387
v -2.292119 -0.609375 0.212608
v -2.148369 -0.701785 0.308658
v -2.022370 -0.826148 0.392848
v -1.918967 -0.977684 0.461940
v -1.842131 -1.150571 0.513280
v -1.794815 -1.338164 0.544895
v -1.778839 -1.533254 0.555570
v -1.794815 -1.728345 0.544895
v -1.842130 -1.915938 0.513280
v -1.918967 -2.088825 0.461940
v -2.022370 -2.240361 0.392848
v -2.148369 -2.364724 0.308658
v -2.292119 -2.457134 0.212608
v -2.448097 -2.514040 0.108387
v -2.472358 -0.552469 0.137950
v -2.339710 -0.609375 0.270598
v -2.217461 -0.701785 0.392848
v -2.110308 -0.826148 0.500000
v -2.022371 -0.977684 0.587938
v -1.957027 -1.150571 0.653282
v -1.916788 -1.338164 0.693520
v -1.903202 -1.533254 0.707107
v -1.916788 -1.728345 0.693520
v -1.957027 -1.915938 0.653282
v -2.022371 -2.088825 0.587938
v -2.110308 -2.240361 0.500000
v -2.217461 -2.364724 0.392848
v -2.339710 -2.457134 0.270598
v -2.472358 -2.514040 0.137950
v -2.501922 -0.552469 0.162212
v -2.397701 -0.609375 0.318190
v -2.301650 -0.701785 0.461940
v -2.217461 -0.826148 0.587938
v -2.148369 -0.977684 0.691342
v -2.097028 -1.150571 0.768178
v -2.065413 -1.338164 0.815493
v -2.054739 -1.533254 0.831470
v -2.065413 -1.728345 0.815493
v -2.097028 -1.915938 0.768178
v -2.148369 -2.088825 0.691342
v -2.217461 -2.240361 0.587938
v -2.301650 -2.364724 0.461940
v -2.397701 -2.457134 0.318190
v -2.501922 -2.514040 0.162212
v -2.535650 -0.552469 0.180240
v -2.463861 -0.609375 0.353554
v -2.397701 -0.701785 0.513280
v -2.339710 -0.826148 0.653282
v -2.292119 -0.977684 0.768178
v -2.256755 -1.150571 0.853553
v -2.234978 -1.338164 0.906127
v -2.234978 -1.728345 0.906127
v -2.256755 -1.915938 0.853554
v -2.292119 -2.088825 0.768178
v -2.339710 -2.240361 0.653282
v -2.397701 -2.364724 0.513280
v -2.463861 -2.457134 0.353554
v -2.535650 -2.514040 0.180240
v -2.572248 -0.552469 0.191342
v -2.535650 -0.609375 0.375331
v -2.501922 -0.701785 0.544895
v -2.472358 -0.826148 0.693520
v -2.448097 -0.977684 0.815493
v -2.430068 -1.150571 0.906127
v -2.418967 -1.338164 0.961940
v -2.418967 -1.728345 0.961940
v -2.429596 -1.907960 0.955650
v -2.501922 -2.364724 0.544895
v -2.535650 -2.457134 0.375331
v -2.572248 -2.514040 0.191342
v -2.610308 -0.552469 0.195091
v -2.610308 -0.609375 0.382684
v -2.610308 -0.701785 0.555570
v -2.610308 -0.826148 0.707107
v -2.610308 -0.977684 0.831469
v -2.610308 -1.150571 0.923880
v -2.610308 -1.338164 0.980785
v -2.610308 -1.533254 1.000000
v -2.610308 -1.728345 0.980785
v -2.610308 -1.915938 0.923880
v -2.610308 -2.088825 0.831470
v -2.610308 -2.240361 0.707107
v -2.610308 -2.364724 0.555570
v -2.610308 -2.457134 0.382684
v -2.610308 -2.514040 0.195091
v -2.648368 -0.552469 0.191342
v -2.684966 -0.609375 0.375331
v -2.718695 -0.701785 0.544895
v -2.748258 -0.826148 0.693520
v -2.772520 -0.977684 0.815493
v -2.790548 -1.150571 0.906127
v -2.801650 -1.338164 0.961940
v -2.805399 -1.533254 0.980785
v -2.801650 -1.728345 0.961940
v -2.790548 -1.915938 0.906128
v -2.772520 -2.088825 0.815493
v -2.748258 -2.240361 0.693520
v -2.718695 -2.364724 0.544895
v -2.684966 -2.457134 0.375331
v -2.648368 -2.514040 0.191342
v -2.684966 -0.552469 0.180240
v -2.756755 -0.609375 0.353554
v -2.822916 -0.701785 0.513280
v -2.880906 -0.826148 0.653282
v -2.928498 -0.977684 0.768178
v -2.963861 -1.150571 0.853553
v -2.985638 -1.338164 0.906127
v -2.985638 -1.728345 0.906127
v -2.963862 -1.915938 0.853553
v -2.928498 -2.088825 0.768178
v -2.880906 -2.240361 0.653282
v -2.822916 -2.364724 0.513280
v -2.756755 -2.457134 0.353554
v -2.684966 -2.514040 0.180240
v -2.718694 -0.552469 0.162212
v -2.822916 -0.609375 0.318190
v -2.918966 -0.701785 0.461940
v -3.003155 -0.826148 0.587938
v -3.072248 -0.977684 0.691342
v -3.123588 -1.150571 0.768178
v -3.155203 -1.338164 0.815493
v -3.165878 -1.533254 0.831469
v -3.155203 -1.728345 0.815493
v -3.123588 -1.915938 0.768178
v -3.072248 -2.088825 0.691342
v -3.003155 -2.240361 0.587938
v -2.918966 -2.364724 0.461940
v -2.822916 -2.457134 0.318190
v -2.718694 -2.514040 0.162212
v -2.748258 -0.552469 0.137950
v -2.880906 -0.609375 0.270598
v -3.003155 -0.701785 0.392847
v -3.110308 -0.826148 0.500000
v -3.198246 -0.977684 0.587938
v -3.303828 -1.338164 0.693520
v -3.317415 -1.533254 0.707106
v -3.303828 -1.728345 0.693520
v -3.263590 -1.915938 0.653282
v -3.198246 -2.088825 0.587938
v -3.110308 -2.240361 0.500000
v -3.003155 -2.364724 0.392847
v -2.880906 -2.457134 0.270598
v -2.748258 -2.514040 0.137950
v -2.772520 -0.552469 0.108387
v -2.928498 -0.609375 0.212608
v -3.072248 -0.701785 0.308658
v -3.198246 -0.826148 0.392848
v -3.301650 -0.977684 0.461940
v -3.378486 -1.150571 0.513280
v -3.425801 -1.338164 0.544895
v -3.441777 -1.533254 0.555570
v -3.425801 -1.728345 0.544895
v -3.378486 -1.915938 0.513280
v -3.301650 -2.088825 0.461940
v -3.198246 -2.240361 0.392848
v -3.072248 -2.364724 0.308658
v -2.928498 -2.457134 0.212608
v -2.772520 -2.514040 0.108387
v -2.610308 -0.533254 0.000000
v -2.790548 -0.552469 0.074658
v -2.963861 -0.609375 0.146447
v -3.123588 -0.701785 0.212608
v -3.263589 -0.826148 0.270598
v -3.378485 -0.977684 0.318190
v -3.463861 -1.150571 0.353553
v -3.516435 -1.338164 0.375330
v -3.534187 -1.533254 0.382683
v -3.516435 -1.728345 0.375330
v -3.463861 -1.915938 0.353553
v -3.378486 -2.088825 0.318190
v -3.263589 -2.240361 0.270598
v -3.123588 -2.364724 0.212608
v -2.963861 -2.457134 0.146447
v -2.790548 -2.514040 0.074658
v -2.801650 -0.552469 0.038060
v -2.985638 -0.609375 0.074658
v -3.155203 -0.701785 0.108386
v -3.303828 -0.826148 0.137950
v -3.425801 -0.977684 0.162212
v -3.516435 -1.150571 0.180240
v -3.572248 -1.338164 0.191342
v -3.591093 -1.533254 0.195090
v -3.572248 -1.728345 0.191342
v -3.516435 -1.915938 0.180240
v -3.425801 -2.088825 0.162212
v -3.303828 -2.240361 0.137950
v -3.155203 -2.364724 0.108386
v -2.985638 -2.457134 0.074658
v -2.801650 -2.514040 0.038060
v -2.805398 -0.552469 0.000000
v -2.992991 -0.609375 0.000000
v -3.165878 -0.701785 0.000000
v -3.317415 -0.826148 0.000000
v -3.441777 -0.977684 0.000000
v -3.534187 -1.150571 0.000000
v -3.591093 -1.338164 0.000000
v -3.610307 -1.533254 -0.000000
v -3.591093 -1.728345 0.000000
v -3.534188 -1.915938 0.000000
v -3.441777 -2.088825 0.000000
v -3.317415 -2.240361 0.000000
v -3.165878 -2.364724 0.000000
v -2.992991 -2.457134 0.000000
v -2.805398 -2.514040 0.000000
v -2.801650 -0.552469 -0.038060
v -2.985638 -0.609375 -0.074658
v -3.155203 -0.701785 -0.108386
v -3.303828 -0.826148 -0.137949
v -3.425801 -0.977684 -0.162211
v -3.516435 -1.150571 -0.180240
v -3.572248 -1.338164 -0.191342
v -3.591092 -1.533254 -0.195090
v -3.572248 -1.728345 -0.191342
v -3.516435 -1.915938 -0.180240
v -3.425801 -2.088825 -0.162211
v -3.303828 -2.240361 -0.137949
v -3.155203 -2.364724 -0.108386
v -2.985638 -2.457134 -0.074658
v -2.801650 -2.514040 -0.038060
v -2.790548 -0.552469 -0.074658
v -2.963861 -0.609375 -0.146446
v -3.123588 -0.701785 -0.212607
v -3.263589 -0.826148 -0.270598
v -3.378485 -0.977684 -0.318189
v -3.463861 -1.150571 -0.353553
v -3.516435 -1.338164 -0.375330
v -3.534187 -1.533254 -0.382683
v -3.516435 -1.728345 -0.375330
v -3.463861 -1.915938 -0.353553
v -3.378485 -2.088825 -0.318189
v -3.263589 -2.240361 -0.270598
v -3.123588 -2.364724 -0.212607
v -2.963861 -2.457134 -0.146446
v -2.790548 -2.514040 -0.074658
v -2.772520 -0.552469 -0.108386
v -2.928498 -0.609375 -0.212607
v -3.072248 -0.701785 -0.308658
v -3.198246 -0.826148 -0.392847
v -3.301650 -0.977684 -0.461939
v -3.378486 -1.150571 -0.513280
v -3.425801 -1.338164 -0.544895
v -3.441777 -1.533254 -0.555570
v -3.425801 -1.728345 -0.544895
v -3.378486 -1.915938 -0.513280
v -3.301650 -2.088825 -0.461939
v -3.198246 -2.240361 -0.392847
v -3.072248 -2.364724 -0.308658
v -2.928498 -2.457134 -0.212607
v -2.772520 -2.514040 -0.108386
v -2.748258 -0.552469 -0.137949
v -2.880906 -0.609375 -0.270598
v -3.003155 -0.701785 -0.392847
v -3.110308 -0.826148 -0.500000
v -3.198246 -0.977684 -0.587937
v -3.263589 -1.150571 -0.653281
v -3.303828 -1.338164 -0.693519
v -3.317414 -1.533254 -0.707106
v -3.303828 -1.728345 -0.693519
v -3.263589 -1.915938 -0.653281
v -3.198246 -2.088825 -0.587937
v -3.110308 -2.240361 -0.500000
v -3.003155 -2.364724 -0.392847
v -2.880906 -2.457134 -0.270598
v -2.748258 -2.514040 -0.137949
v -2.718694 -0.552469 -0.162211
v -2.822916 -0.609375 -0.318189
v -2.918966 -0.701785 -0.461939
v -3.003155 -0.826148 -0.587937
v -3.072248 -0.977684 -0.691341
v -3.123588 -1.150571 -0.768177
v -3.155203 -1.338164 -0.815493
v -3.165877 -1.533254 -0.831469
v -3.155203 -1.728345 -0.815493
v -3.123588 -1.915938 -0.768177
v -3.072248 -2.088825 -0.691341
v -3.003155 -2.240361 -0.587937
v -2.918966 -2.364724 -0.461939
v -2.822916 -2.457134 -0.318189
v -2.718694 -2.514040 -0.162211
v -2.684966 -0.552469 -0.180240
v -2.756755 -0.609375 -0.353553
v -2.822915 -0.701785 -0.513279
v -2.880906 -0.826148 -0.653281
v -2.928498 -0.977684 -0.768177
v -2.963861 -1.150571 -0.853553
v -2.985638 -1.338164 -0.906127
v -2.992991 -1.533254 -0.923878
v -2.985638 -1.728345 -0.906127
v -2.963861 -1.915938 -0.853553
v -2.928498 -2.088825 -0.768177
v -2.880906 -2.240361 -0.653281
v -2.822915 -2.364724 -0.513279
v -2.756755 -2.457134 -0.353553
v -2.684966 -2.514040 -0.180240
v -2.648368 -0.552469 -0.191341
v -2.684966 -0.609375 -0.375330
v -2.718694 -0.701785 -0.544894
v -2.748258 -0.826148 -0.693519
v -2.772520 -0.977684 -0.815492
v -2.790548 -1.150571 -0.906127
v -2.801650 -1.338164 -0.961939
v -2.805398 -1.533254 -0.980784
v -2.801650 -1.728345 -0.961939
v -2.790548 -1.915938 -0.906127
v -2.772520 -2.088825 -0.815492
v -2.748258 -2.240361 -0.693519
v -2.718694 -2.364724 -0.544894
v -2.684966 -2.457134 -0.375330
v -2.648368 -2.514040 -0.191341
v -2.610308 -1.533254 -0.999999
v -2.610308 -1.728345 -0.980784
v -2.610308 -1.915938 -0.923879
v -2.610308 -2.457134 -0.382683
v -2.610308 -2.514040 -0.195090
v -2.610308 -2.533254 0.000000
v -3.164157 -1.047176 0.663733
v -3.128916 -1.022304 0.675539
v -3.076964 -0.993567 0.698400
v -3.092839 -1.000895 0.690414
v -3.056616 -0.984175 0.703612
v -3.021245 -0.973392 0.714628
v -3.035324 -0.977684 0.711078
v -2.988422 -0.969712 0.728765
v -2.962202 -0.973871 0.746631
v -2.957473 -0.977684 0.752690
v -3.024633 -1.038207 0.753297
v -2.991860 -1.023825 0.762140
v -2.947503 -0.985724 0.762868
v -2.947372 -0.999990 0.771543
v -2.964123 -1.012043 0.769859
v -3.291790 -1.190075 0.637718
v -3.267996 -1.150571 0.647912
v -3.275223 -1.160542 0.643850
v -3.254096 -1.131392 0.647875
v -3.258787 -1.137865 0.648479
v -3.228214 -1.102664 0.649347
v -3.197766 -1.074318 0.654829
v -3.208845 -1.174273 0.707466
v -3.186198 -1.149299 0.715920
v -3.187352 -1.150571 0.715848
v -3.160274 -1.124679 0.720253
v -3.130342 -1.100566 0.728225
v -3.096134 -1.077231 0.738617
v -3.103251 -1.082086 0.737741
v -3.059983 -1.056015 0.745143
v -3.304280 -1.218776 0.636156
v -3.312472 -1.245280 0.638787
v -3.313131 -1.268847 0.649198
v -3.303498 -1.287074 0.669609
v -3.288538 -1.291417 0.687811
v -3.293492 -1.289979 0.683184
v -3.273402 -1.274677 0.693696
v -3.258858 -1.247967 0.695201
v -3.244332 -1.222660 0.697239
v -3.228179 -1.198827 0.701188
v -2.972471 -1.330067 0.907567
v -2.946052 -1.314476 0.910663
v -2.917700 -1.309158 0.917586
v -2.889348 -1.314476 0.927864
v -2.862928 -1.330067 0.940797
v -2.473934 -1.503527 0.983640
v -2.455261 -1.480446 0.979528
v -2.808157 -1.465223 0.972980
v -2.811889 -1.424830 0.967710
v -2.811889 -1.505616 0.975985
v -2.822833 -1.387190 0.960535
v -2.840241 -1.354868 0.951944
v -2.855521 -1.338164 0.945598
v -2.979878 -1.338164 0.907875
v -2.985886 -1.344731 0.906725
v -2.995159 -1.354868 0.902895
v -3.023510 -1.424830 0.895516
v -3.012567 -1.387190 0.897182
v -3.027243 -1.465223 0.898010
v -3.023510 -1.505616 0.904495
v -2.462378 -1.568322 0.981976
v -2.480673 -1.562206 0.984380
v -2.482849 -1.533254 0.987446
v -2.483627 -1.535848 0.987267
v -2.516382 -1.793703 0.951708
v -2.489947 -1.803677 0.946079
v -2.543424 -1.785822 0.956762
v -2.565650 -1.783746 0.959581
v -2.576784 -1.790645 0.958585
v -2.819925 -1.533254 0.976378
v -2.822833 -1.543256 0.974472
v -2.840241 -1.575578 0.965880
v -2.576796 -1.800631 0.955557
v -2.566188 -1.807982 0.954017
v -2.946052 -1.615970 0.929646
v -2.917700 -1.621288 0.937702
v -2.889348 -1.615970 0.946847
v -2.862928 -1.600380 0.956458
v -3.012567 -1.543256 0.912304
v -3.015475 -1.533254 0.911861
v -2.995159 -1.575578 0.918017
v -2.991235 -1.579867 0.919638
v -2.972471 -1.600379 0.923228
v -2.498686 -2.018158 0.858248
v -2.483263 -2.006737 0.862834
v -2.561167 -2.011897 0.871758
v -2.454406 -1.989062 0.869439
v -2.547786 -2.000396 0.881056
v -2.526613 -1.987305 0.895213
v -2.495609 -1.969286 0.912347
v -2.464287 -1.949995 0.927020
v -2.464764 -1.850120 0.965893
v -2.491846 -1.837639 0.961589
v -2.462912 -1.816368 0.939567
v -2.520656 -1.825451 0.958073
v -2.546799 -1.815186 0.954379
v -2.456764 -2.073090 0.824757
v -2.481621 -2.061272 0.833522
v -2.497891 -2.052315 0.839912
v -2.558200 -2.063199 0.843952
v -2.506265 -2.045028 0.844632
v -2.570548 -2.052493 0.846973
v -2.508915 -2.038535 0.848363
v -2.508093 -2.032149 0.851696
v -2.574311 -2.039880 0.854086
v -2.504887 -2.025604 0.854879
v -2.570442 -2.025570 0.861353
v -2.554011 -2.273582 0.661082
v -2.580132 -2.273544 0.663702
v -2.517529 -2.266226 0.666453
v -2.585928 -2.263712 0.676253
v -2.481053 -2.254851 0.676721
v -2.577453 -2.250793 0.691160
v -2.561420 -2.241361 0.707318
v -2.538137 -2.233878 0.721274
v -2.507664 -2.225497 0.737756
v -2.467487 -2.209935 0.760682
v -2.477057 -2.215103 0.753751
v -2.453499 -2.202382 0.770176
v -2.474895 -2.101251 0.843983
v -2.508169 -2.084822 0.847547
v -2.537000 -2.072897 0.846028
v -2.394631 -1.259426 0.929718
v -2.400275 -1.245486 0.927033
v -2.407837 -1.455361 0.970568
v -2.416643 -1.459092 0.973621
v -2.432117 -1.465648 0.975791
v -2.406155 -1.555965 0.975709
v -2.415697 -1.558171 0.978378
v -2.435287 -1.562701 0.979861
v -2.433472 -1.832929 0.931643
v -2.404191 -1.852194 0.918387
v -2.425467 -1.838196 0.929257
v -2.443088 -1.863714 0.968383
v -2.424939 -2.088195 0.808819
v -2.446942 -2.077752 0.821298
v -2.436518 -1.977786 0.873704
v -2.421574 -1.968366 0.874407
v -2.395260 -1.948412 0.877517
v -2.442478 -1.933698 0.940668
v -2.429732 -1.920104 0.950858
v -2.423532 -1.907676 0.955738
v -2.423373 -1.894453 0.959862
v -2.429494 -1.879163 0.967235
v -2.475227 -2.252430 0.679097
v -2.446220 -2.240376 0.685591
v -2.413309 -2.223118 0.690325
v -2.437717 -2.188451 0.780164
v -2.428668 -2.174724 0.789821
v -2.424680 -2.162376 0.798629
v -2.424141 -2.152041 0.807919
v -2.426305 -2.142448 0.817400
v -2.431910 -2.131827 0.827982
v -2.395499 -2.103617 0.786913
v -2.446762 -2.118317 0.839780
v -2.452282 -2.114968 0.841598
v -2.423737 -2.088825 0.808104
v -2.372298 -1.214665 0.908823
v -2.391553 -1.227766 0.918797
v -2.371985 -1.261812 0.923601
v -2.382520 -1.447888 0.962122
v -2.377510 -1.550290 0.967601
v -2.379202 -1.872492 0.904403
v -2.376420 -1.929571 0.882275
v -2.376950 -2.116699 0.770121
v -2.386136 -2.203572 0.698764
v -2.368474 -2.182580 0.711322
v -2.346129 -1.205547 0.898008
v -2.341737 -1.258270 0.913308
v -2.355543 -1.442404 0.953377
v -2.326736 -1.439351 0.944326
v -2.350327 -1.545742 0.959822
v -2.364548 -1.892473 0.893655
v -2.364760 -1.911261 0.887792
v -2.360635 -2.144373 0.741553
v -2.366668 -2.129410 0.756154
v -2.367738 -1.915938 0.887220
v -2.360379 -2.162198 0.726262
v -2.281735 -1.193826 0.874777
v -2.315589 -1.198467 0.886510
v -2.250243 -1.254695 0.884426
v -2.283089 -1.254421 0.894304
v -2.312582 -1.255493 0.903588
v -2.263594 -1.441919 0.925435
v -2.296068 -1.439282 0.935016
v -2.268281 -1.541667 0.935350
v -2.296673 -1.541262 0.944004
v -2.323774 -1.542631 0.952085
v -2.245191 -1.192513 0.861729
v -2.251858 -1.192752 0.865375
v -2.165991 -1.201369 0.822428
v -2.206449 -1.194953 0.841856
v -2.178795 -1.260918 0.849655
v -2.215000 -1.256663 0.867551
v -2.244631 -1.255008 0.882823
v -2.229708 -1.446871 0.915392
v -2.230887 -1.446699 0.916003
v -2.164462 -1.463839 0.882403
v -2.196066 -1.454124 0.898216
v -2.176912 -1.552735 0.894608
v -2.207461 -1.547604 0.911507
v -2.238259 -1.543804 0.926025
v -2.228070 -1.545061 0.922805
v -2.082612 -1.225384 0.785563
v -2.084526 -1.224754 0.786889
v -2.124417 -1.211634 0.803720
v -2.101096 -1.279478 0.814478
v -2.140977 -1.268332 0.831979
v -2.112012 -1.492675 0.857573
v -2.135976 -1.476496 0.868584
v -2.095852 -1.512967 0.851190
v -2.091878 -1.533254 0.851321
v -2.091260 -1.536407 0.850641
v -2.099074 -1.554774 0.852776
v -2.119506 -1.560435 0.863068
v -2.147139 -1.557838 0.878127
v -1.936043 -1.317034 0.701070
v -1.950296 -1.297654 0.705198
v -1.935412 -1.334481 0.707366
v -1.939793 -1.338164 0.712399
v -1.974794 -1.278244 0.717723
v -1.946209 -1.343559 0.718349
v -1.966217 -1.338504 0.734128
v -1.966886 -1.338164 0.734634
v -2.006095 -1.259434 0.736065
v -1.993091 -1.324868 0.750948
v -2.042497 -1.241648 0.758994
v -2.025198 -1.309055 0.771122
v -2.061585 -1.293475 0.794899
v -2.073666 -1.289196 0.803142
v -2.494744 -1.910836 0.939923
v -2.946052 -1.314476 0.838762
v -2.917700 -1.309158 0.845685
v -2.972471 -1.330067 0.835666
v -2.995159 -1.354868 0.830995
v -3.012567 -1.387190 0.825282
v -3.023510 -1.424830 0.823616
v -3.027243 -1.465223 0.826110
v -3.023510 -1.505616 0.832594
v -3.012567 -1.543256 0.840404
v -2.995159 -1.575578 0.846116
v -2.972471 -1.600379 0.851328
v -2.946052 -1.615970 0.857745
v -2.917700 -1.621288 0.865801
v -2.889348 -1.615970 0.874946
v -2.862928 -1.600380 0.884557
v -2.840241 -1.575578 0.893980
v -2.822833 -1.543256 0.902571
v -2.811889 -1.505616 0.904084
v -2.808157 -1.465223 0.901079
v -2.811889 -1.424830 0.895810
v -2.822833 -1.387190 0.888635
v -2.840241 -1.354868 0.880043
v -2.862928 -1.330067 0.868896
v -2.889348 -1.314476 0.855963
v -2.341737 -1.258270 0.841408
v -2.312582 -1.255493 0.831688
v -2.283089 -1.254421 0.822403
v -2.281735 -1.193826 0.802876
v -2.315589 -1.198467 0.814610
v -2.346129 -1.205547 0.826108
v -2.391553 -1.227766 0.846896
v -2.400275 -1.245486 0.855132
v -2.400275 -1.245486 0.855132
v -2.394631 -1.259426 0.857817
v -2.394631 -1.259426 0.857817
v -2.371985 -1.261812 0.851701
v -2.372298 -1.214665 0.836922
v -2.206449 -1.194953 0.769956
v -2.245191 -1.192513 0.789829
v -2.250243 -1.254695 0.812525
v -2.215000 -1.256663 0.795650
v -2.124417 -1.211634 0.731819
v -2.165991 -1.201369 0.750527
v -2.178795 -1.260918 0.777755
v -2.140977 -1.268332 0.760078
v -2.042497 -1.241648 0.687093
v -2.082612 -1.225384 0.713663
v -2.101096 -1.279478 0.742577
v -2.061585 -1.293475 0.722999
v -1.974793 -1.278244 0.645822
v -2.006095 -1.259434 0.664164
v -2.025198 -1.309055 0.699221
v -1.993091 -1.324868 0.679047
v -1.946209 -1.343559 0.646448
v -1.946209 -1.343559 0.646448
v -1.935412 -1.334481 0.635465
v -1.935412 -1.334481 0.635465
v -1.936044 -1.317034 0.629170
v -1.936044 -1.317034 0.629170
v -1.950296 -1.297654 0.633298
v -1.966217 -1.338504 0.662227
v -3.228179 -1.198827 0.629287
v -3.244332 -1.222660 0.625339
v -3.258858 -1.247967 0.623300
v -3.304280 -1.218776 0.564256
v -3.291790 -1.190075 0.565818
v -3.275223 -1.160542 0.571950
v -3.288538 -1.291417 0.615911
v -3.288538 -1.291417 0.615911
v -3.303498 -1.287074 0.597709
v -3.303498 -1.287074 0.597709
v -3.313131 -1.268847 0.577297
v -3.273402 -1.274677 0.621795
v -3.312472 -1.245280 0.566886
v -3.254096 -1.131392 0.575975
v -3.228214 -1.102664 0.577446
v -3.186198 -1.149299 0.644019
v -3.208845 -1.174273 0.635565
v -3.197766 -1.074318 0.582929
v -3.164157 -1.047176 0.591833
v -3.130342 -1.100566 0.656324
v -3.160274 -1.124679 0.648353
v -3.128916 -1.022304 0.603639
v -3.092839 -1.000895 0.618514
v -3.059983 -1.056015 0.673242
v -3.096134 -1.077231 0.666716
v -3.056616 -0.984175 0.631711
v -3.021245 -0.973392 0.642728
v -2.991860 -1.023825 0.690239
v -3.024633 -1.038207 0.681397
v -2.962202 -0.973871 0.674730
v -2.947503 -0.985724 0.690968
v -2.947503 -0.985724 0.690968
v -2.947372 -0.999990 0.699642
v -2.947372 -0.999990 0.699642
v -2.988422 -0.969712 0.656864
v -2.964123 -1.012043 0.697959
v -2.377510 -1.550290 0.895701
v -2.406155 -1.555965 0.903809
v -2.435287 -1.562701 0.907961
v -2.432117 -1.465648 0.903890
v -2.407837 -1.455361 0.898667
v -2.382520 -1.447888 0.890222
v -2.480673 -1.562206 0.912480
v -2.480673 -1.562206 0.912480
v -2.483627 -1.535848 0.915367
v -2.473934 -1.503527 0.911740
v -2.462378 -1.568322 0.910075
v -2.462378 -1.568322 0.910075
v -2.455261 -1.480446 0.907627
v -2.355543 -1.442404 0.881477
v -2.326736 -1.439351 0.872426
v -2.323774 -1.542631 0.880185
v -2.350327 -1.545742 0.887921
v -2.296068 -1.439282 0.863115
v -2.263594 -1.441919 0.853535
v -2.268281 -1.541667 0.863450
v -2.296673 -1.541262 0.872104
v -2.229708 -1.446871 0.843492
v -2.196066 -1.454124 0.826316
v -2.207461 -1.547604 0.839606
v -2.238259 -1.543804 0.854124
v -2.164462 -1.463839 0.810502
v -2.135976 -1.476496 0.796683
v -2.147139 -1.557838 0.806226
v -2.176912 -1.552735 0.822707
v -2.095852 -1.512967 0.779290
v -2.091260 -1.536407 0.778740
v -2.091260 -1.536407 0.778740
v -2.099074 -1.554774 0.780875
v -2.099074 -1.554774 0.780875
v -2.112012 -1.492675 0.785672
v -2.119506 -1.560435 0.791167
v -2.565650 -1.783746 0.887680
v -2.565650 -1.783746 0.887680
v -2.576784 -1.790645 0.886684
v -2.576784 -1.790645 0.886684
v -2.576796 -1.800631 0.883656
v -2.576796 -1.800631 0.883656
v -2.566188 -1.807982 0.880381
v -2.546799 -1.815186 0.876287
v -2.516382 -1.793703 0.879808
v -2.543424 -1.785822 0.884862
v -2.462912 -1.816368 0.867666
v -2.489947 -1.803677 0.874178
v -2.520656 -1.825451 0.870598
v -2.491846 -1.837639 0.864063
v -2.404191 -1.852194 0.846486
v -2.433472 -1.832929 0.859743
v -2.464764 -1.850120 0.857610
v -2.443088 -1.863714 0.851351
v -2.364548 -1.892473 0.821754
v -2.364548 -1.892473 0.821754
v -2.379202 -1.872492 0.832503
v -2.429494 -1.879163 0.845326
v -2.423373 -1.894453 0.838974
v -2.376420 -1.929571 0.810374
v -2.364760 -1.911261 0.815891
v -2.364760 -1.911261 0.815891
v -2.423532 -1.907676 0.834851
v -2.429732 -1.920104 0.831809
v -2.421574 -1.968366 0.802507
v -2.395260 -1.948412 0.805616
v -2.442478 -1.933698 0.825956
v -2.464287 -1.949995 0.819393
v -2.483263 -2.006737 0.790933
v -2.454406 -1.989062 0.797539
v -2.495609 -1.969286 0.812167
v -2.526613 -1.987305 0.805589
v -2.504887 -2.025604 0.782978
v -2.498686 -2.018158 0.786348
v -2.547786 -2.000396 0.800677
v -2.561167 -2.011897 0.795848
v -2.508915 -2.038535 0.776463
v -2.508093 -2.032149 0.779795
v -2.570442 -2.025570 0.789453
v -2.574311 -2.039880 0.782185
v -2.574311 -2.039880 0.782185
v -2.497891 -2.052315 0.768012
v -2.506265 -2.045028 0.772731
v -2.570548 -2.052493 0.775073
v -2.570548 -2.052493 0.775073
v -2.558200 -2.063199 0.768134
v -2.456764 -2.073090 0.752856
v -2.481621 -2.061272 0.761622
v -2.537000 -2.072897 0.760862
v -2.508169 -2.084822 0.751649
v -2.395499 -2.103617 0.715012
v -2.424939 -2.088195 0.736918
v -2.474895 -2.101251 0.736034
v -2.446762 -2.118317 0.718017
v -2.366668 -2.129410 0.684253
v -2.376949 -2.116699 0.698220
v -2.431910 -2.131827 0.701981
v -2.426305 -2.142448 0.691215
v -2.360379 -2.162198 0.654361
v -2.360635 -2.144373 0.669652
v -2.424141 -2.152041 0.682372
v -2.424680 -2.162376 0.673715
v -2.386136 -2.203572 0.626863
v -2.368474 -2.182580 0.639421
v -2.428668 -2.174724 0.664386
v -2.437717 -2.188451 0.655415
v -2.446220 -2.240376 0.613672
v -2.413309 -2.223118 0.618424
v -2.453499 -2.202382 0.648313
v -2.477057 -2.215103 0.642811
v -2.517529 -2.266226 0.594553
v -2.481053 -2.254851 0.604820
v -2.507664 -2.225497 0.637295
v -2.538137 -2.233878 0.633419
v -2.577453 -2.250793 0.619260
v -2.585928 -2.263712 0.604352
v -2.585928 -2.263712 0.604352
v -2.580132 -2.273544 0.591801
v -2.580132 -2.273544 0.591801
v -2.554011 -2.273582 0.589182
v -2.561420 -2.241361 0.629173
v -2.947503 -0.985724 0.762868
v -2.947503 -0.985724 0.762868
v -2.947372 -0.999990 0.771543
v -2.947372 -0.999990 0.771543
v -2.462378 -1.568322 0.981976
v -2.462378 -1.568322 0.981976
v -2.565650 -1.783746 0.959581
v -2.565650 -1.783746 0.959581
v -2.091260 -1.536407 0.850641
v -2.091260 -1.536407 0.850641
v -2.099074 -1.554774 0.852776
v -2.099074 -1.554774 0.852776
v -2.364548 -1.892473 0.893655
v -2.364548 -1.892473 0.893655
v -1.946209 -1.343559 0.718349
v -1.946209 -1.343559 0.718349
v -3.303498 -1.287074 0.669609
v -3.303498 -1.287074 0.669609
v -3.164157 -1.047176 0.663733
v -3.128916 -1.022304 0.675539
v -3.092839 -1.000895 0.690414
v -3.076964 -0.993567 0.698400
v -3.056616 -0.984175 0.703612
v -3.035324 -0.977684 0.711078
v -3.021245 -0.973392 0.714628
v -2.988422 -0.969712 0.728765
v -2.962202 -0.973871 0.746631
v -2.957473 -0.977684 0.752690
v -2.991860 -1.023825 0.762140
v -3.024633 -1.038207 0.753297
v -2.964123 -1.012043 0.769859
v -3.258787 -1.137865 0.648479
v -3.267996 -1.150571 0.647912
v -3.275223 -1.160542 0.643850
v -3.291790 -1.190075 0.637718
v -3.254096 -1.131392 0.647875
v -3.228214 -1.102664 0.649347
v -3.197766 -1.074318 0.654829
v -3.187352 -1.150571 0.715848
v -3.208845 -1.174273 0.707466
v -3.160274 -1.124679 0.720253
v -3.186198 -1.149299 0.715920
v -3.130342 -1.100566 0.728225
v -3.103251 -1.082086 0.737741
v -3.096134 -1.077231 0.738617
v -3.059983 -1.056015 0.745143
v -3.312472 -1.245280 0.638787
v -3.304280 -1.218776 0.636156
v -3.313131 -1.268847 0.649198
v -3.293492 -1.289979 0.683184
v -3.288538 -1.291417 0.687811
v -3.288538 -1.291417 0.687811
v -3.273402 -1.274677 0.693696
v -3.258858 -1.247967 0.695201
v -3.244332 -1.222660 0.697239
v -3.228179 -1.198827 0.701188
v -2.972471 -1.330067 0.907567
v -2.946052 -1.314476 0.910663
v -2.917700 -1.309158 0.917586
v -2.889348 -1.314476 0.927864
v -2.862928 -1.330067 0.940797
v -2.473934 -1.503527 0.983640
v -2.455261 -1.480446 0.979528
v -2.808157 -1.465223 0.972980
v -2.811889 -1.505616 0.975985
v -2.811889 -1.424830 0.967710
v -2.840241 -1.354868 0.951944
v -2.822833 -1.387190 0.960535
v -2.855521 -1.338164 0.945598
v -2.979878 -1.338164 0.907875
v -2.985886 -1.344731 0.906725
v -2.995159 -1.354868 0.902895
v -3.023510 -1.424830 0.895516
v -3.012567 -1.387190 0.897182
v -3.027243 -1.465223 0.898010
v -3.023510 -1.505616 0.904495
v -2.480673 -1.562206 0.984380
v -2.480673 -1.562206 0.984380
v -2.482849 -1.533254 0.987446
v -2.483627 -1.535848 0.987267
v -2.516382 -1.793703 0.951708
v -2.489947 -1.803677 0.946079
v -2.543424 -1.785822 0.956762
v -2.576784 -1.790645 0.958585
v -2.576784 -1.790645 0.958585
v -2.819925 -1.533254 0.976378
v -2.822833 -1.543256 0.974472
v -2.840241 -1.575578 0.965880
v -2.576796 -1.800631 0.955557
v -2.576796 -1.800631 0.955557
v -2.566188 -1.807982 0.954017
v -2.917700 -1.621288 0.937702
v -2.946052 -1.615970 0.929646
v -2.889348 -1.615970 0.946847
v -2.862928 -1.600380 0.956458
v -3.015475 -1.533254 0.911861
v -3.012567 -1.543256 0.912304
v -2.995159 -1.575578 0.918017
v -2.972471 -1.600379 0.923228
v -2.991235 -1.579867 0.919638
v -2.483263 -2.006737 0.862834
v -2.498686 -2.018158 0.858248
v -2.454406 -1.989062 0.869439
v -2.570442 -2.025570 0.861353
v -2.561167 -2.011897 0.871758
v -2.547786 -2.000396 0.881056
v -2.526613 -1.987305 0.895213
v -2.495609 -1.969286 0.912347
v -2.464287 -1.949995 0.927020
v -2.464764 -1.850120 0.965893
v -2.491846 -1.837639 0.961589
v -2.462912 -1.816368 0.939567
v -2.520656 -1.825451 0.958073
v -2.546799 -1.815186 0.954379
v -2.481621 -2.061272 0.833522
v -2.456764 -2.073090 0.824757
v -2.497891 -2.052315 0.839912
v -2.506265 -2.045028 0.844632
v -2.508915 -2.038535 0.848363
v -2.570548 -2.052493 0.846973
v -2.570548 -2.052493 0.846973
v -2.574311 -2.039880 0.854086
v -2.574311 -2.039880 0.854086
v -2.558200 -2.063199 0.843952
v -2.508093 -2.032149 0.851696
v -2.504887 -2.025604 0.854879
v -2.517529 -2.266226 0.666453
v -2.554011 -2.273582 0.661082
v -2.580132 -2.273544 0.663702
v -2.580132 -2.273544 0.663702
v -2.481053 -2.254851 0.676721
v -2.585928 -2.263712 0.676253
v -2.585928 -2.263712 0.676253
v -2.577453 -2.250793 0.691160
v -2.561420 -2.241361 0.707318
v -2.538137 -2.233878 0.721274
v -2.507664 -2.225497 0.737756
v -2.477057 -2.215103 0.753751
v -2.467487 -2.209935 0.760682
v -2.453499 -2.202382 0.770176
v -2.508169 -2.084822 0.847547
v -2.537000 -2.072897 0.846028
v -2.394631 -1.259426 0.929718
v -2.394631 -1.259426 0.929718
v -2.400275 -1.245486 0.927033
v -2.400275 -1.245486 0.927033
v -2.407837 -1.455361 0.970568
v -2.416643 -1.459092 0.973621
v -2.432117 -1.465648 0.975791
v -2.406155 -1.555965 0.975709
v -2.415697 -1.558171 0.978378
v -2.435287 -1.562701 0.979861
v -2.433472 -1.832929 0.931643
v -2.425467 -1.838196 0.929257
v -2.404191 -1.852194 0.918387
v -2.443088 -1.863714 0.968383
v -2.424939 -2.088195 0.808819
v -2.446942 -2.077752 0.821298
v -2.421574 -1.968366 0.874407
v -2.436518 -1.977786 0.873704
v -2.395260 -1.948412 0.877517
v -2.442478 -1.933698 0.940668
v -2.429732 -1.920104 0.950858
v -2.423532 -1.907676 0.955738
v -2.423373 -1.894453 0.959862
v -2.429494 -1.879163 0.967235
v -2.446220 -2.240376 0.685591
v -2.475227 -2.252430 0.679097
v -2.413309 -2.223118 0.690325
v -2.437717 -2.188451 0.780164
v -2.428668 -2.174724 0.789821
v -2.424680 -2.162376 0.798629
v -2.424141 -2.152041 0.807919
v -2.426305 -2.142448 0.817400
v -2.431910 -2.131827 0.827982
v -2.423737 -2.088825 0.808104
v -2.395499 -2.103617 0.786913
v -2.446762 -2.118317 0.839780
v -2.452282 -2.114968 0.841598
v -2.474895 -2.101251 0.843983
v -2.391553 -1.227766 0.918797
v -2.372298 -1.214665 0.908823
v -2.371985 -1.261812 0.923601
v -2.382520 -1.447888 0.962122
v -2.377510 -1.550290 0.967601
v -2.379202 -1.872492 0.904403
v -2.376420 -1.929571 0.882275
v -2.376950 -2.116699 0.770121
v -2.386136 -2.203572 0.698764
v -2.346129 -1.205547 0.898008
v -2.341737 -1.258270 0.913308
v -2.355543 -1.442404 0.953377
v -2.326736 -1.439351 0.944326
v -2.350327 -1.545742 0.959822
v -2.364760 -1.911261 0.887792
v -2.364760 -1.911261 0.887792
v -2.366668 -2.129410 0.756154
v -2.360635 -2.144373 0.741553
v -2.367738 -1.915938 0.887220
v -2.360379 -2.162198 0.726262
v -2.368474 -2.182580 0.711322
v -2.315589 -1.198467 0.886510
v -2.281735 -1.193826 0.874777
v -2.250243 -1.254695 0.884426
v -2.283089 -1.254421 0.894304
v -2.312582 -1.255493 0.903588
v -2.296068 -1.439282 0.935016
v -2.263594 -1.441919 0.925435
v -2.268281 -1.541667 0.935350
v -2.296673 -1.541262 0.944004
v -2.323774 -1.542631 0.952085
v -2.245191 -1.192513 0.861729
v -2.251858 -1.192752 0.865375
v -2.206449 -1.194953 0.841856
v -2.165991 -1.201369 0.822428
v -2.178795 -1.260918 0.849655
v -2.215000 -1.256663 0.867551
v -2.244631 -1.255008 0.882823
v -2.229708 -1.446871 0.915392
v -2.230887 -1.446699 0.916003
v -2.196066 -1.454124 0.898216
v -2.164462 -1.463839 0.882403
v -2.176912 -1.552735 0.894608
v -2.207461 -1.547604 0.911507
v -2.228070 -1.545061 0.922805
v -2.238259 -1.543804 0.926025
v -2.082612 -1.225384 0.785563
v -2.084526 -1.224754 0.786889
v -2.124417 -1.211634 0.803720
v -2.140977 -1.268332 0.831979
v -2.101096 -1.279478 0.814478
v -2.135976 -1.476496 0.868584
v -2.112012 -1.492675 0.857573
v -2.095852 -1.512967 0.851190
v -2.091878 -1.533254 0.851321
v -2.119506 -1.560435 0.863068
v -2.147139 -1.557838 0.878127
v -1.950296 -1.297654 0.705198
v -1.936043 -1.317034 0.701070
v -1.936043 -1.317034 0.701070
v -1.974794 -1.278244 0.717723
v -1.935412 -1.334481 0.707366
v -1.935412 -1.334481 0.707366
v -1.939793 -1.338164 0.712399
v -2.006095 -1.259434 0.736065
v -1.966217 -1.338504 0.734128
v -1.966886 -1.338164 0.734634
v -2.042497 -1.241648 0.758994
v -1.993091 -1.324868 0.750948
v -2.025198 -1.309055 0.771122
v -2.061585 -1.293475 0.794899
v -2.073666 -1.289196 0.803142
vt 0.332184 0.469206
vt 0.332184 0.469206
vt 0.344735 0.461800
vt 0.344735 0.461800
vt 0.402183 0.230148
vt 0.402183 0.230148
vt 0.415598 0.237175
vt 0.416169 0.237475
vt 0.416169 0.237475
vt 0.292212 0.761928
vt 0.292212 0.761928
vt 0.282547 0.757466
vt 0.275005 0.753986
vt 0.275005 0.753986
vt 0.426621 0.242435
vt 0.431287 0.244650
vt 0.431287 0.244650
vt 0.309015 0.767051
vt 0.309015 0.767051
vt 0.302327 0.765011
vt 0.358203 0.459274
vt 0.358203 0.459274
vt 0.455707 0.239077
vt 0.455707 0.239077
vt 0.439900 0.231272
vt 0.439900 0.231272
vt 0.307406 0.736260
vt 0.307406 0.736260
vt 0.322974 0.743093
vt 0.322974 0.743093
vt 0.429158 0.224756
vt 0.426536 0.223165
vt 0.426536 0.223165
vt 0.290613 0.727801
vt 0.290613 0.727801
vt 0.371671 0.461800
vt 0.371671 0.461800
vt 0.344046 0.761193
vt 0.344046 0.761193
vt 0.339309 0.765011
vt 0.337063 0.766823
vt 0.337063 0.766823
vt 0.344108 0.754415
vt 0.344108 0.754415
vt 0.344046 0.761193
vt 0.344046 0.761193
vt 0.384222 0.469206
vt 0.384222 0.469206
vt 0.388488 0.217896
vt 0.388488 0.217896
vt 0.393372 0.223934
vt 0.393372 0.223934
vt 0.324607 0.768799
vt 0.324607 0.768799
vt 0.394999 0.480988
vt 0.394999 0.480988
vt 0.419480 0.216747
vt 0.419480 0.216747
vt 0.336150 0.748690
vt 0.336150 0.748690
vt 0.344108 0.754415
vt 0.344108 0.754415
vt 0.416818 0.211702
vt 0.416818 0.211702
vt 0.403269 0.496342
vt 0.403269 0.496342
vt 0.404650 0.501093
vt 0.408467 0.514223
vt 0.408467 0.514223
vt 0.385500 0.202320
vt 0.385500 0.202320
vt 0.385622 0.210788
vt 0.385622 0.210788
vt 0.407246 0.490305
vt 0.407246 0.490305
vt 0.393638 0.493001
vt 0.393638 0.493001
vt 0.421085 0.487105
vt 0.421085 0.487105
vt 0.411779 0.489257
vt 0.410240 0.533411
vt 0.410240 0.533411
vt 0.415790 0.207145
vt 0.415790 0.207145
vt 0.416046 0.202235
vt 0.416046 0.202235
vt 0.408467 0.552599
vt 0.408467 0.552599
vt 0.408045 0.538096
vt 0.408045 0.538096
vt 0.412228 0.536324
vt 0.419579 0.533209
vt 0.419579 0.533209
vt 0.396018 0.541646
vt 0.396018 0.541646
vt 0.403269 0.570480
vt 0.403269 0.570480
vt 0.397736 0.182666
vt 0.397736 0.182666
vt 0.389346 0.192638
vt 0.389346 0.192638
vt 0.444048 0.499861
vt 0.444048 0.499861
vt 0.442644 0.487340
vt 0.442644 0.487340
vt 0.439444 0.515215
vt 0.439444 0.515215
vt 0.443679 0.501093
vt 0.394999 0.585834
vt 0.394999 0.585834
vt 0.417940 0.196369
vt 0.417940 0.196369
vt 0.433954 0.484435
vt 0.433954 0.484435
vt 0.422239 0.189849
vt 0.422239 0.189849
vt 0.442644 0.487340
vt 0.442644 0.487340
vt 0.433954 0.484435
vt 0.433954 0.484435
vt 0.387740 0.593769
vt 0.384222 0.597616
vt 0.384222 0.597616
vt 0.430573 0.526180
vt 0.430573 0.526180
vt 0.371671 0.605022
vt 0.371671 0.605022
vt 0.426278 0.165182
vt 0.426278 0.165182
vt 0.410644 0.173381
vt 0.410644 0.173381
vt 0.358203 0.607548
vt 0.358203 0.607548
vt 0.429736 0.183231
vt 0.429736 0.183231
vt 0.383203 0.544251
vt 0.383203 0.544251
vt 0.436381 0.179643
vt 0.440927 0.177188
vt 0.440927 0.177188
vt 0.369519 0.545701
vt 0.369519 0.545701
vt 0.380726 0.495162
vt 0.380726 0.495162
vt 0.368111 0.496639
vt 0.368111 0.496639
vt 0.376645 0.631722
vt 0.376645 0.631722
vt 0.362795 0.633041
vt 0.362795 0.633041
vt 0.348785 0.633550
vt 0.348785 0.633550
vt 0.460153 0.152903
vt 0.460153 0.152903
vt 0.442825 0.158306
vt 0.442825 0.158306
vt 0.440058 0.159456
vt 0.455466 0.172250
vt 0.455466 0.172250
vt 0.354950 0.545734
vt 0.354950 0.545734
vt 0.348141 0.662336
vt 0.348141 0.662336
vt 0.364223 0.660131
vt 0.364223 0.660131
vt 0.469943 0.168269
vt 0.469943 0.168269
vt 0.339524 0.544481
vt 0.339524 0.544481
vt 0.378731 0.656767
vt 0.378731 0.656767
vt 0.488619 0.160234
vt 0.488619 0.160234
vt 0.492645 0.154097
vt 0.492645 0.154097
vt 0.483012 0.382100
vt 0.483012 0.382100
vt 0.488301 0.378822
vt 0.488301 0.378822
vt 0.355237 0.497290
vt 0.355237 0.497290
vt 0.341750 0.497097
vt 0.341750 0.497097
vt 0.400309 0.646212
vt 0.400309 0.646212
vt 0.404453 0.637795
vt 0.404453 0.637795
vt 0.492645 0.154097
vt 0.492645 0.154097
vt 0.489892 0.149426
vt 0.489892 0.149426
vt 0.488301 0.378822
vt 0.488301 0.378822
vt 0.488307 0.374079
vt 0.488307 0.374079
vt 0.404453 0.637795
vt 0.404453 0.637795
vt 0.401771 0.631173
vt 0.401771 0.631173
vt 0.489892 0.149426
vt 0.489892 0.149426
vt 0.477483 0.149408
vt 0.477483 0.149408
vt 0.488307 0.374079
vt 0.488307 0.374079
vt 0.483267 0.370587
vt 0.483267 0.370587
vt 0.401771 0.631173
vt 0.401771 0.631173
vt 0.391014 0.630039
vt 0.391014 0.630039
vt 0.474057 0.367165
vt 0.474057 0.367165
vt 0.481003 0.164714
vt 0.481003 0.164714
vt 0.323427 0.542129
vt 0.323427 0.542129
vt 0.323987 0.542211
vt 0.391162 0.652436
vt 0.391162 0.652436
vt 0.307445 0.538684
vt 0.307445 0.538684
vt 0.459608 0.377370
vt 0.459608 0.377370
vt 0.472454 0.381114
vt 0.472454 0.381114
vt 0.327488 0.496082
vt 0.327488 0.496082
vt 0.322648 0.495484
vt 0.312858 0.494277
vt 0.312858 0.494277
vt 0.483012 0.382100
vt 0.483012 0.382100
vt 0.312377 0.661800
vt 0.312377 0.661800
vt 0.330781 0.662959
vt 0.330781 0.662959
vt 0.333948 0.662845
vt 0.434208 0.366603
vt 0.434208 0.366603
vt 0.447050 0.372632
vt 0.447050 0.372632
vt 0.292432 0.534069
vt 0.292432 0.534069
vt 0.333181 0.633420
vt 0.333181 0.633420
vt 0.278900 0.528055
vt 0.278900 0.528055
vt 0.330515 0.633271
vt 0.316440 0.632485
vt 0.316440 0.632485
vt 0.461638 0.362288
vt 0.461638 0.362288
vt 0.298346 0.491839
vt 0.298346 0.491839
vt 0.284203 0.489415
vt 0.284203 0.489415
vt 0.447952 0.356499
vt 0.447952 0.356499
vt 0.257658 0.499596
vt 0.257658 0.499596
vt 0.257952 0.501093
vt 0.259839 0.510731
vt 0.259839 0.510731
vt 0.273409 0.653876
vt 0.273409 0.653876
vt 0.293159 0.658752
vt 0.293159 0.658752
vt 0.261370 0.490871
vt 0.261370 0.490871
vt 0.257658 0.499596
vt 0.257658 0.499596
vt 0.406313 0.349584
vt 0.406313 0.349584
vt 0.416420 0.356234
vt 0.420222 0.358736
vt 0.420222 0.358736
vt 0.267516 0.520370
vt 0.267516 0.520370
vt 0.299241 0.630464
vt 0.299241 0.630464
vt 0.281275 0.626942
vt 0.281275 0.626942
vt 0.435087 0.350570
vt 0.435087 0.350570
vt 0.271076 0.488182
vt 0.271076 0.488182
vt 0.261370 0.490871
vt 0.261370 0.490871
vt 0.424790 0.344112
vt 0.424790 0.344112
vt 0.234494 0.639618
vt 0.234494 0.639618
vt 0.253550 0.647345
vt 0.253550 0.647345
vt 0.254459 0.647644
vt 0.387480 0.330450
vt 0.387480 0.330450
vt 0.394442 0.339942
vt 0.394442 0.339942
vt 0.262330 0.621647
vt 0.262330 0.621647
vt 0.249300 0.617031
vt 0.243561 0.614998
vt 0.243561 0.614998
vt 0.418333 0.336773
vt 0.418333 0.336773
vt 0.415425 0.329510
vt 0.415425 0.329510
vt 0.202332 0.622234
vt 0.202332 0.622234
vt 0.217201 0.631169
vt 0.217201 0.631169
vt 0.393120 0.312827
vt 0.393120 0.312827
vt 0.388996 0.319303
vt 0.387581 0.321525
vt 0.387581 0.321525
vt 0.226276 0.607597
vt 0.226276 0.607597
vt 0.387581 0.321525
vt 0.387581 0.321525
vt 0.387480 0.330450
vt 0.387480 0.330450
vt 0.211024 0.600085
vt 0.211024 0.600085
vt 0.415500 0.323228
vt 0.415500 0.323228
vt 0.188753 0.591206
vt 0.188753 0.591206
vt 0.185705 0.593769
vt 0.183624 0.595519
vt 0.183624 0.595519
vt 0.418446 0.317324
vt 0.418446 0.317324
vt 0.183624 0.595519
vt 0.183624 0.595519
vt 0.183924 0.603807
vt 0.183924 0.603807
vt 0.183924 0.603807
vt 0.183924 0.603807
vt 0.190695 0.613013
vt 0.190695 0.613013
vt 0.414570 0.294398
vt 0.414570 0.294398
vt 0.402070 0.303877
vt 0.402070 0.303877
vt 0.198575 0.593769
vt 0.198257 0.593608
vt 0.198257 0.593608
vt 0.188753 0.591206
vt 0.188753 0.591206
vt 0.424501 0.310867
vt 0.424501 0.310867
vt 0.434861 0.303125
vt 0.434861 0.303125
vt 0.203040 0.648638
vt 0.203040 0.648638
vt 0.210713 0.659960
vt 0.210713 0.659960
vt 0.196140 0.636616
vt 0.196140 0.636616
vt 0.443876 0.276170
vt 0.443876 0.276170
vt 0.430167 0.284567
vt 0.430167 0.284567
vt 0.421669 0.289923
vt 0.449740 0.293961
vt 0.449740 0.293961
vt 0.180496 0.664117
vt 0.180496 0.664117
vt 0.174562 0.650483
vt 0.174562 0.650483
vt 0.464468 0.285401
vt 0.464468 0.285401
vt 0.188365 0.678147
vt 0.188365 0.678147
vt 0.174934 0.618039
vt 0.174934 0.618039
vt 0.179687 0.616659
vt 0.182040 0.615976
vt 0.182040 0.615976
vt 0.170357 0.626697
vt 0.170357 0.626697
vt 0.174934 0.618039
vt 0.174934 0.618039
vt 0.454147 0.267208
vt 0.454147 0.267208
vt 0.451202 0.270745
vt 0.451202 0.270745
vt 0.189230 0.623928
vt 0.189230 0.623928
vt 0.182040 0.615976
vt 0.182040 0.615976
vt 0.474526 0.279182
vt 0.474526 0.279182
vt 0.170670 0.637892
vt 0.170670 0.637892
vt 0.344735 0.605022
vt 0.344735 0.605022
vt 0.480883 0.273719
vt 0.480883 0.273719
vt 0.332184 0.597616
vt 0.332184 0.597616
vt 0.456061 0.261065
vt 0.456061 0.261065
vt 0.455671 0.264099
vt 0.455671 0.264099
vt 0.198402 0.691994
vt 0.198402 0.691994
vt 0.196173 0.688919
vt 0.191798 0.682883
vt 0.210697 0.705641
vt 0.210697 0.705641
vt 0.328666 0.593769
vt 0.325812 0.590649
vt 0.321407 0.585834
vt 0.321407 0.585834
vt 0.485289 0.267224
vt 0.485289 0.267224
vt 0.219898 0.671624
vt 0.219898 0.671624
vt 0.230108 0.682883
vt 0.230656 0.683488
vt 0.230656 0.683488
vt 0.487127 0.260426
vt 0.487127 0.260426
vt 0.313138 0.570480
vt 0.313138 0.570480
vt 0.307939 0.552599
vt 0.307939 0.552599
vt 0.450824 0.254519
vt 0.450824 0.254519
vt 0.454802 0.257981
vt 0.454802 0.257981
vt 0.225161 0.719106
vt 0.225161 0.719106
vt 0.241126 0.732000
vt 0.241126 0.732000
vt 0.306166 0.533411
vt 0.306166 0.533411
vt 0.487127 0.260426
vt 0.487127 0.260426
vt 0.485339 0.254435
vt 0.485339 0.254435
vt 0.242971 0.695183
vt 0.242971 0.695183
vt 0.257190 0.706638
vt 0.257190 0.706638
vt 0.485339 0.254435
vt 0.485339 0.254435
vt 0.479473 0.249349
vt 0.479473 0.249349
vt 0.307939 0.514223
vt 0.307939 0.514223
vt 0.311756 0.501093
vt 0.313138 0.496342
vt 0.313138 0.496342
vt 0.443095 0.250264
vt 0.443095 0.250264
vt 0.257867 0.743815
vt 0.257867 0.743815
vt 0.321407 0.480988
vt 0.321407 0.480988
vt 0.469402 0.244741
vt 0.469402 0.244741
vt 0.273440 0.717722
vt 0.273440 0.717722
vt 0.270059 0.715417
vt 0.323271 0.478950
vt 0.077659 0.082281
vt 0.077659 0.088431
vt 0.083429 0.088431
vt 0.084071 0.082281
vt 0.077659 0.035804
vt 0.077659 0.039091
vt 0.081515 0.039091
vt 0.080315 0.035804
vt 0.077659 0.075608
vt 0.084466 0.075608
vt 0.077659 0.033780
vt 0.079013 0.033780
vt 0.077659 0.068668
vt 0.084599 0.068668
vt 0.077659 0.103557
vt 0.077659 0.104241
vt 0.079013 0.103557
vt 0.077659 0.033096
vt 0.077659 0.061729
vt 0.084466 0.061729
vt 0.077659 0.101533
vt 0.080315 0.101533
vt 0.077659 0.055056
vt 0.084071 0.055056
vt 0.077659 0.098246
vt 0.081515 0.098246
vt 0.077659 0.048906
vt 0.083429 0.048906
vt 0.077659 0.093822
vt 0.082566 0.093822
vt 0.077659 0.043515
vt 0.082566 0.043515
vt 0.087285 0.093822
vt 0.088978 0.088431
vt 0.087285 0.043515
vt 0.085222 0.039091
vt 0.090236 0.082281
vt 0.082869 0.035804
vt 0.091011 0.075608
vt 0.080315 0.033780
vt 0.091272 0.068668
vt 0.080315 0.103557
vt 0.091011 0.061729
vt 0.082869 0.101533
vt 0.090236 0.055056
vt 0.085222 0.098246
vt 0.088978 0.048906
vt 0.097422 0.068668
vt 0.097042 0.061729
vt 0.081515 0.103557
vt 0.085222 0.101533
vt 0.095918 0.055056
vt 0.088639 0.098246
vt 0.094091 0.048906
vt 0.091634 0.093822
vt 0.091634 0.043515
vt 0.094091 0.088431
vt 0.088639 0.039091
vt 0.095918 0.082281
vt 0.085222 0.035804
vt 0.097042 0.075608
vt 0.081515 0.033780
vt 0.095445 0.043515
vt 0.091634 0.039091
vt 0.098573 0.088431
vt 0.100898 0.082281
vt 0.087285 0.035804
vt 0.102329 0.075608
vt 0.082566 0.033780
vt 0.102813 0.068668
vt 0.082566 0.103557
vt 0.102329 0.061729
vt 0.087285 0.101533
vt 0.100898 0.055056
vt 0.091634 0.098246
vt 0.098573 0.048906
vt 0.095445 0.093822
vt 0.083429 0.103557
vt 0.088978 0.101533
vt 0.106668 0.061729
vt 0.104985 0.055056
vt 0.094091 0.098246
vt 0.102252 0.048906
vt 0.098573 0.093822
vt 0.098573 0.043515
vt 0.102252 0.088431
vt 0.094091 0.039091
vt 0.104985 0.082281
vt 0.088978 0.035804
vt 0.106668 0.075608
vt 0.083429 0.033780
vt 0.107236 0.068668
vt 0.104985 0.088431
vt 0.108022 0.082281
vt 0.095918 0.039091
vt 0.090236 0.035804
vt 0.109892 0.075608
vt 0.084071 0.033780
vt 0.110524 0.068668
vt 0.084071 0.103557
vt 0.109892 0.061729
vt 0.090236 0.101533
vt 0.108022 0.055056
vt 0.095918 0.098246
vt 0.104985 0.048906
vt 0.100898 0.093822
vt 0.100898 0.043515
vt 0.111878 0.061729
vt 0.109892 0.055056
vt 0.091011 0.101533
vt 0.097042 0.098246
vt 0.106668 0.048906
vt 0.102329 0.093822
vt 0.102329 0.043515
vt 0.106668 0.088431
vt 0.097042 0.039091
vt 0.109892 0.082281
vt 0.091011 0.035804
vt 0.111878 0.075608
vt 0.084466 0.033780
vt 0.112548 0.068668
vt 0.084466 0.103557
vt 0.097422 0.039091
vt 0.091272 0.035804
vt 0.110524 0.082281
vt 0.112548 0.075608
vt 0.084599 0.033780
vt 0.113231 0.068668
vt 0.084599 0.103557
vt 0.112548 0.061729
vt 0.091272 0.101533
vt 0.110524 0.055056
vt 0.097422 0.098246
vt 0.107236 0.048906
vt 0.102813 0.093822
vt 0.102813 0.043515
vt 0.107236 0.088431
vt 0.109245 0.237175
vt 0.065347 0.319303
vt 0.073780 0.319303
vt 0.116835 0.237175
vt 0.168323 0.836997
vt 0.240309 0.896075
vt 0.245380 0.896075
vt 0.174777 0.836997
vt 0.168323 0.165189
vt 0.174777 0.165189
vt 0.109245 0.765011
vt 0.116835 0.765011
vt 0.240309 0.106112
vt 0.245380 0.106112
vt 0.065347 0.682883
vt 0.073780 0.682883
vt 0.322437 0.062214
vt 0.325930 0.062214
vt 0.038315 0.593769
vt 0.047267 0.593769
vt 0.411551 0.035181
vt 0.413332 0.035181
vt 0.029187 0.501093
vt 0.038315 0.501093
vt 0.411551 0.967006
vt 0.504226 0.976133
vt 0.413332 0.967006
vt 0.504226 0.026053
vt 0.038315 0.408418
vt 0.047267 0.408418
vt 0.322437 0.939973
vt 0.325930 0.939973
vt 0.336275 0.062214
vt 0.418606 0.035181
vt 0.073780 0.593769
vt 0.065347 0.501093
vt 0.418606 0.967006
vt 0.073780 0.408418
vt 0.336275 0.939973
vt 0.098755 0.319303
vt 0.260399 0.896075
vt 0.139311 0.237175
vt 0.193892 0.836997
vt 0.193892 0.165189
vt 0.139311 0.765011
vt 0.260399 0.106112
vt 0.098755 0.682883
vt 0.284787 0.896075
vt 0.224933 0.836997
vt 0.175812 0.237175
vt 0.224933 0.165189
vt 0.175812 0.765011
vt 0.284787 0.106112
vt 0.139311 0.682883
vt 0.353074 0.062214
vt 0.116835 0.593769
vt 0.427170 0.035181
vt 0.109246 0.501093
vt 0.427170 0.967006
vt 0.116835 0.408418
vt 0.353074 0.939973
vt 0.139311 0.319303
vt 0.174777 0.593769
vt 0.168323 0.501093
vt 0.438695 0.967006
vt 0.438695 0.035181
vt 0.174777 0.408418
vt 0.375682 0.939973
vt 0.193892 0.319303
vt 0.317608 0.896075
vt 0.224933 0.237175
vt 0.266707 0.836997
vt 0.266707 0.165189
vt 0.224933 0.765011
vt 0.317608 0.106112
vt 0.193892 0.682883
vt 0.375682 0.062214
vt 0.284787 0.237175
vt 0.317608 0.165189
vt 0.317608 0.836997
vt 0.284787 0.765011
vt 0.357602 0.106112
vt 0.260399 0.682883
vt 0.403230 0.062214
vt 0.254459 0.647644
vt 0.253550 0.647345
vt 0.234494 0.639618
vt 0.217201 0.631169
vt 0.202332 0.622234
vt 0.190695 0.613013
vt 0.183924 0.603807
vt 0.183624 0.595519
vt 0.185705 0.593769
vt 0.452739 0.035181
vt 0.188753 0.591206
vt 0.198257 0.593608
vt 0.198575 0.593769
vt 0.245380 0.593769
vt 0.240309 0.501093
vt 0.452739 0.967006
vt 0.245380 0.408418
vt 0.403230 0.939973
vt 0.260399 0.319303
vt 0.357602 0.896075
vt 0.468761 0.967006
vt 0.468761 0.035181
vt 0.257952 0.501093
vt 0.257658 0.499596
vt 0.261370 0.490871
vt 0.271076 0.488182
vt 0.284203 0.489415
vt 0.298346 0.491839
vt 0.312858 0.494277
vt 0.322648 0.495484
vt 0.325930 0.408418
vt 0.434658 0.939973
vt 0.336275 0.319303
vt 0.403230 0.896075
vt 0.353074 0.237175
vt 0.375682 0.836997
vt 0.375682 0.165189
vt 0.353074 0.765011
vt 0.403230 0.106112
vt 0.336275 0.682883
vt 0.434658 0.062214
vt 0.249300 0.617031
vt 0.262330 0.621647
vt 0.281275 0.626942
vt 0.299241 0.630464
vt 0.316440 0.632485
vt 0.330515 0.633271
vt 0.325930 0.593769
vt 0.323987 0.542211
vt 0.323427 0.542129
vt 0.307445 0.538684
vt 0.292432 0.534069
vt 0.278900 0.528055
vt 0.267516 0.520370
vt 0.259839 0.510731
vt 0.438695 0.836997
vt 0.427170 0.765011
vt 0.426278 0.165182
vt 0.440058 0.159456
vt 0.452739 0.106112
vt 0.418606 0.682883
vt 0.468761 0.062214
vt 0.333181 0.633420
vt 0.348785 0.633550
vt 0.362795 0.633041
vt 0.376645 0.631722
vt 0.391014 0.630039
vt 0.401771 0.631173
vt 0.404453 0.637795
vt 0.400309 0.646212
vt 0.391162 0.652436
vt 0.378731 0.656767
vt 0.364223 0.660131
vt 0.348141 0.662336
vt 0.333948 0.662845
vt 0.413332 0.593769
vt 0.486147 0.035181
vt 0.486147 0.967006
vt 0.327488 0.496082
vt 0.341750 0.497097
vt 0.355237 0.497290
vt 0.368111 0.496639
vt 0.380726 0.495162
vt 0.393638 0.493001
vt 0.407246 0.490305
vt 0.411779 0.489257
vt 0.413332 0.408418
vt 0.468761 0.939973
vt 0.416420 0.356234
vt 0.406313 0.349584
vt 0.394442 0.339942
vt 0.387480 0.330450
vt 0.387581 0.321525
vt 0.388996 0.319303
vt 0.452739 0.896075
vt 0.393120 0.312827
vt 0.402070 0.303877
vt 0.414570 0.294398
vt 0.421669 0.289923
vt 0.426621 0.242435
vt 0.416169 0.237475
vt 0.415598 0.237175
vt 0.402183 0.230148
vt 0.393372 0.223934
vt 0.388488 0.217896
vt 0.385622 0.210788
vt 0.385500 0.202320
vt 0.389346 0.192638
vt 0.397736 0.182666
vt 0.410644 0.173381
vt 0.421085 0.487105
vt 0.433954 0.484435
vt 0.442644 0.487340
vt 0.444048 0.499861
vt 0.443679 0.501093
vt 0.504226 0.501093
vt 0.504226 0.408418
vt 0.504226 0.967006
vt 0.504226 0.939973
vt 0.418381 0.323093
vt 0.418333 0.336773
vt 0.424790 0.344112
vt 0.435087 0.350570
vt 0.447952 0.356499
vt 0.449329 0.321727
vt 0.504226 0.896075
vt 0.504226 0.836997
vt 0.504226 0.765011
vt 0.442825 0.158306
vt 0.460153 0.152903
vt 0.477483 0.149408
vt 0.489892 0.149426
vt 0.492645 0.154097
vt 0.488619 0.160234
vt 0.481003 0.164714
vt 0.504226 0.165189
vt 0.504226 0.106112
vt 0.504226 0.682883
vt 0.504226 0.062214
vt 0.504226 0.593769
vt 0.504226 0.035181
vt 0.438695 0.165189
vt 0.452739 0.106112
vt 0.427170 0.765011
vt 0.418605 0.682883
vt 0.468761 0.062214
vt 0.413332 0.593769
vt 0.486147 0.035181
vt 0.411551 0.501093
vt 0.486147 0.967006
vt 0.413332 0.408418
vt 0.468761 0.939973
vt 0.504226 0.319303
vt 0.418605 0.319303
vt 0.452739 0.896075
vt 0.504226 0.237175
vt 0.427170 0.237175
vt 0.438695 0.836997
vt 0.325930 0.408418
vt 0.336275 0.319303
vt 0.434659 0.939973
vt 0.403229 0.896075
vt 0.353074 0.237175
vt 0.375682 0.836997
vt 0.375682 0.165189
vt 0.353074 0.765011
vt 0.403229 0.106112
vt 0.336275 0.682883
vt 0.434659 0.062214
vt 0.325930 0.593769
vt 0.328666 0.593769
vt 0.332184 0.597616
vt 0.344735 0.605022
vt 0.358203 0.607548
vt 0.371671 0.605022
vt 0.384222 0.597616
vt 0.387740 0.593769
vt 0.468761 0.035181
vt 0.394999 0.585834
vt 0.403269 0.570480
vt 0.408467 0.552599
vt 0.410240 0.533411
vt 0.408467 0.514223
vt 0.404650 0.501093
vt 0.468761 0.967006
vt 0.403269 0.496342
vt 0.394999 0.480988
vt 0.384222 0.469206
vt 0.371671 0.461800
vt 0.358203 0.459274
vt 0.344735 0.461800
vt 0.332184 0.469206
vt 0.323271 0.478950
vt 0.357601 0.106112
vt 0.403229 0.062214
vt 0.260398 0.682883
vt 0.245380 0.593769
vt 0.452739 0.035181
vt 0.452739 0.967006
vt 0.321407 0.480988
vt 0.313138 0.496342
vt 0.311756 0.501093
vt 0.240309 0.501093
vt 0.245380 0.408418
vt 0.403229 0.939973
vt 0.260398 0.319303
vt 0.357601 0.896075
vt 0.284787 0.237175
vt 0.317609 0.836997
vt 0.317609 0.165189
vt 0.284787 0.765011
vt 0.302327 0.765011
vt 0.309015 0.767051
vt 0.324607 0.768799
vt 0.337063 0.766823
vt 0.339309 0.765011
vt 0.344046 0.761193
vt 0.344108 0.754415
vt 0.336150 0.748690
vt 0.322974 0.743093
vt 0.307406 0.736260
vt 0.290613 0.727801
vt 0.273440 0.717722
vt 0.270059 0.715417
vt 0.375682 0.939973
vt 0.317609 0.896075
vt 0.193892 0.319303
vt 0.224933 0.237175
vt 0.266707 0.836997
vt 0.266707 0.165189
vt 0.224933 0.765011
vt 0.317609 0.106112
vt 0.257190 0.706638
vt 0.242971 0.695183
vt 0.230656 0.683488
vt 0.230108 0.682883
vt 0.375682 0.062214
vt 0.219898 0.671624
vt 0.210713 0.659960
vt 0.203040 0.648638
vt 0.196140 0.636616
vt 0.189230 0.623928
vt 0.182040 0.615976
vt 0.179687 0.616659
vt 0.174777 0.593769
vt 0.438695 0.035181
vt 0.168323 0.501093
vt 0.438695 0.967006
vt 0.174777 0.408418
vt 0.174934 0.618039
vt 0.170357 0.626697
vt 0.170670 0.637892
vt 0.174562 0.650483
vt 0.180496 0.664117
vt 0.188365 0.678147
vt 0.191798 0.682883
vt 0.139311 0.682883
vt 0.116835 0.593769
vt 0.353074 0.062214
vt 0.427170 0.035181
vt 0.109245 0.501093
vt 0.427170 0.967006
vt 0.116835 0.408418
vt 0.353074 0.939973
vt 0.139311 0.319303
vt 0.284787 0.896075
vt 0.175812 0.237175
vt 0.224933 0.836997
vt 0.224933 0.165189
vt 0.175812 0.765011
vt 0.284787 0.106112
vt 0.098755 0.319303
vt 0.139311 0.237175
vt 0.260398 0.896075
vt 0.193892 0.836997
vt 0.193892 0.165189
vt 0.139311 0.765011
vt 0.260398 0.106112
vt 0.098755 0.682883
vt 0.336275 0.062214
vt 0.073780 0.593769
vt 0.418605 0.035181
vt 0.065347 0.501093
vt 0.418605 0.967006
vt 0.073780 0.408418
vt 0.336275 0.939973
vt 0.325930 0.062214
vt 0.413332 0.035181
vt 0.047267 0.593769
vt 0.038315 0.501093
vt 0.413332 0.967006
vt 0.047267 0.408418
vt 0.325930 0.939973
vt 0.073780 0.319303
vt 0.245380 0.896075
vt 0.116835 0.237175
vt 0.174777 0.836997
vt 0.174777 0.165189
vt 0.116835 0.765011
vt 0.245380 0.106112
vt 0.073780 0.682883
vt 0.240309 0.896075
vt 0.168323 0.836997
vt 0.109245 0.237175
vt 0.168323 0.165189
vt 0.109245 0.765011
vt 0.240309 0.106112
vt 0.065347 0.682883
vt 0.322437 0.062214
vt 0.038315 0.593769
vt 0.411551 0.035181
vt 0.029187 0.501093
vt 0.411551 0.967006
vt 0.038315 0.408418
vt 0.322437 0.939973
vt 0.065347 0.319303
vt 0.042087 0.068668
vt 0.042770 0.075608
vt 0.043441 0.075608
vt 0.042770 0.068668
vt 0.070719 0.103557
vt 0.070853 0.103557
vt 0.070719 0.033780
vt 0.070853 0.033780
vt 0.042770 0.061729
vt 0.043441 0.061729
vt 0.064046 0.101533
vt 0.064308 0.101533
vt 0.044795 0.055056
vt 0.045426 0.055056
vt 0.057896 0.098246
vt 0.058276 0.098246
vt 0.048082 0.048906
vt 0.048650 0.048906
vt 0.052506 0.093822
vt 0.052989 0.093822
vt 0.052506 0.043515
vt 0.052989 0.043515
vt 0.048082 0.088431
vt 0.048650 0.088431
vt 0.057896 0.039091
vt 0.058276 0.039091
vt 0.044795 0.082281
vt 0.045426 0.082281
vt 0.064046 0.035804
vt 0.064308 0.035804
vt 0.050333 0.048906
vt 0.054420 0.043515
vt 0.054420 0.093822
vt 0.050333 0.088431
vt 0.059401 0.039091
vt 0.047296 0.082281
vt 0.065082 0.035804
vt 0.045426 0.075608
vt 0.071248 0.033780
vt 0.044795 0.068668
vt 0.071248 0.103557
vt 0.045426 0.061729
vt 0.065082 0.101533
vt 0.047296 0.055056
vt 0.059401 0.098246
vt 0.071889 0.033780
vt 0.048082 0.068668
vt 0.048650 0.061729
vt 0.071889 0.103557
vt 0.066340 0.101533
vt 0.050333 0.055056
vt 0.061227 0.098246
vt 0.053067 0.048906
vt 0.056745 0.093822
vt 0.056745 0.043515
vt 0.053067 0.088431
vt 0.061227 0.039091
vt 0.050333 0.082281
vt 0.066340 0.035804
vt 0.048650 0.075608
vt 0.059873 0.043515
vt 0.063685 0.039091
vt 0.056745 0.088431
vt 0.054420 0.082281
vt 0.068033 0.035804
vt 0.052989 0.075608
vt 0.072752 0.033780
vt 0.052506 0.068668
vt 0.072752 0.103557
vt 0.052989 0.061729
vt 0.068033 0.101533
vt 0.054420 0.055056
vt 0.063685 0.098246
vt 0.056745 0.048906
vt 0.059873 0.093822
vt 0.073804 0.103557
vt 0.070096 0.101533
vt 0.058276 0.061729
vt 0.059401 0.055056
vt 0.066679 0.098246
vt 0.061227 0.048906
vt 0.063685 0.093822
vt 0.063685 0.043515
vt 0.061227 0.088431
vt 0.066679 0.039091
vt 0.059401 0.082281
vt 0.070096 0.035804
vt 0.058276 0.075608
vt 0.073804 0.033780
vt 0.057896 0.068668
vt 0.066340 0.088431
vt 0.065082 0.082281
vt 0.070096 0.039091
vt 0.072450 0.035804
vt 0.064308 0.075608
vt 0.075003 0.033780
vt 0.064046 0.068668
vt 0.075003 0.103557
vt 0.064308 0.061729
vt 0.072450 0.101533
vt 0.065082 0.055056
vt 0.070096 0.098246
vt 0.066340 0.048906
vt 0.068033 0.093822
vt 0.068033 0.043515
vt 0.070853 0.061729
vt 0.071248 0.055056
vt 0.075003 0.101533
vt 0.073804 0.098246
vt 0.071889 0.048906
vt 0.072752 0.093822
vt 0.072752 0.043515
vt 0.071889 0.088431
vt 0.073804 0.039091
vt 0.071248 0.082281
vt 0.075003 0.035804
vt 0.070853 0.075608
vt 0.076305 0.033780
vt 0.070719 0.068668
vt 0.076305 0.103557
vt 0.211024 0.600085
vt 0.226276 0.607597
vt 0.243561 0.614998
vt 0.436381 0.179643
vt 0.429736 0.183231
vt 0.422239 0.189849
vt 0.417940 0.196369
vt 0.416046 0.202235
vt 0.415790 0.207145
vt 0.416818 0.211702
vt 0.419480 0.216747
vt 0.426536 0.223165
vt 0.429158 0.224756
vt 0.455707 0.239077
vt 0.469402 0.244741
vt 0.479473 0.249349
vt 0.485339 0.254435
vt 0.487127 0.260426
vt 0.485289 0.267224
vt 0.480883 0.273719
vt 0.474526 0.279182
vt 0.464468 0.285401
vt 0.449740 0.293961
vt 0.430167 0.284567
vt 0.443876 0.276170
vt 0.451202 0.270745
vt 0.454147 0.267208
vt 0.455671 0.264099
vt 0.456061 0.261065
vt 0.454802 0.257981
vt 0.450824 0.254519
vt 0.443095 0.250264
vt 0.431287 0.244650
vt 0.412228 0.536324
vt 0.408045 0.538096
vt 0.396018 0.541646
vt 0.383203 0.544251
vt 0.369519 0.545701
vt 0.354950 0.545734
vt 0.339524 0.544481
vt 0.418446 0.317324
vt 0.415500 0.323228
vt 0.282547 0.757466
vt 0.292212 0.761928
vt 0.307939 0.514223
vt 0.306166 0.533411
vt 0.307939 0.552599
vt 0.313138 0.570480
vt 0.321407 0.585834
vt 0.325812 0.590649
vt 0.196173 0.688919
vt 0.439444 0.515215
vt 0.430573 0.526180
vt 0.419579 0.533209
vt 0.330781 0.662959
vt 0.312377 0.661800
vt 0.293159 0.658752
vt 0.273409 0.653876
vt 0.469943 0.168269
vt 0.455466 0.172250
vt 0.440927 0.177188
vt 0.439900 0.231272
vt 0.198402 0.691994
vt 0.210697 0.705641
vt 0.225161 0.719106
vt 0.241126 0.732000
vt 0.257867 0.743815
vt 0.275005 0.753986
vt 0.415425 0.329510
vt 0.434861 0.303125
vt 0.424501 0.310867
vt 0.461638 0.362288
vt 0.474057 0.367165
vt 0.483267 0.370587
vt 0.488307 0.374079
vt 0.488301 0.378822
vt 0.483012 0.382100
vt 0.472454 0.381114
vt 0.459608 0.377370
vt 0.447050 0.372632
vt 0.434208 0.366603
vt 0.420222 0.358736
vt 0.358203 0.533411
vt 0.358203 0.607548
vt 0.344735 0.605022
vt 0.332184 0.597616
vt 0.321407 0.585834
vt 0.313138 0.570480
vt 0.307939 0.552599
vt 0.306166 0.533411
vt 0.307939 0.514223
vt 0.313138 0.496342
vt 0.321407 0.480988
vt 0.332184 0.469206
vt 0.344735 0.461800
vt 0.358203 0.459274
vt 0.371671 0.461800
vt 0.384222 0.469206
vt 0.394999 0.480988
vt 0.403269 0.496342
vt 0.408467 0.514223
vt 0.410240 0.533411
vt 0.408467 0.552599
vt 0.403269 0.570480
vt 0.394999 0.585834
vt 0.384222 0.597616
vt 0.371671 0.605022
vt 0.376645 0.631722
vt 0.362795 0.633041
vt 0.363509 0.646586
vt 0.377688 0.644245
vt 0.348785 0.633550
vt 0.348463 0.647943
vt 0.348141 0.662336
vt 0.364223 0.660131
vt 0.378731 0.656767
vt 0.391475 0.641136
vt 0.391014 0.630039
vt 0.391162 0.652436
vt 0.400309 0.646212
vt 0.404453 0.637795
vt 0.401771 0.631173
vt 0.331981 0.648189
vt 0.330781 0.662959
vt 0.333181 0.633420
vt 0.316440 0.632485
vt 0.314408 0.647142
vt 0.312377 0.661800
vt 0.296199 0.644608
vt 0.293159 0.658752
vt 0.299241 0.630464
vt 0.281275 0.626942
vt 0.277342 0.640409
vt 0.273409 0.653876
vt 0.257940 0.634496
vt 0.253550 0.647345
vt 0.262330 0.621647
vt 0.243561 0.614998
vt 0.239028 0.627308
vt 0.234494 0.639618
vt 0.221738 0.619383
vt 0.217201 0.631169
vt 0.226276 0.607597
vt 0.211024 0.600085
vt 0.206678 0.611159
vt 0.202332 0.622234
vt 0.194168 0.603085
vt 0.190695 0.613013
vt 0.198257 0.593608
vt 0.188753 0.591206
vt 0.183624 0.595519
vt 0.183924 0.603807
vt 0.196140 0.636616
vt 0.203040 0.648638
vt 0.191768 0.656378
vt 0.185351 0.643550
vt 0.210713 0.659960
vt 0.199539 0.669053
vt 0.188365 0.678147
vt 0.180496 0.664117
vt 0.174562 0.650483
vt 0.179807 0.630536
vt 0.189230 0.623928
vt 0.170670 0.637892
vt 0.170357 0.626697
vt 0.174934 0.618039
vt 0.182040 0.615976
vt 0.209150 0.681809
vt 0.198402 0.691994
vt 0.219898 0.671624
vt 0.230656 0.683488
vt 0.220676 0.694564
vt 0.210697 0.705641
vt 0.234066 0.707144
vt 0.225161 0.719106
vt 0.242971 0.695183
vt 0.257190 0.706638
vt 0.249158 0.719318
vt 0.241126 0.732000
vt 0.265653 0.730769
vt 0.257867 0.743815
vt 0.273440 0.717722
vt 0.290613 0.727801
vt 0.282809 0.740894
vt 0.275005 0.753986
vt 0.299809 0.749094
vt 0.292212 0.761928
vt 0.307406 0.736260
vt 0.322974 0.743093
vt 0.315995 0.755072
vt 0.309015 0.767051
vt 0.330771 0.758809
vt 0.324607 0.768799
vt 0.336150 0.748690
vt 0.344108 0.754415
vt 0.344046 0.761193
vt 0.337063 0.766823
vt 0.421085 0.487105
vt 0.407246 0.490305
vt 0.407645 0.514200
vt 0.420332 0.510157
vt 0.393638 0.493001
vt 0.394828 0.517323
vt 0.396018 0.541646
vt 0.408045 0.538096
vt 0.419579 0.533209
vt 0.432604 0.505147
vt 0.433954 0.484435
vt 0.430573 0.526180
vt 0.439444 0.515215
vt 0.444048 0.499861
vt 0.442644 0.487340
vt 0.381964 0.519706
vt 0.383203 0.544251
vt 0.380726 0.495162
vt 0.368111 0.496639
vt 0.368815 0.521171
vt 0.369519 0.545701
vt 0.355094 0.521512
vt 0.354950 0.545734
vt 0.355237 0.497290
vt 0.341750 0.497097
vt 0.340637 0.520789
vt 0.339524 0.544481
vt 0.325458 0.519106
vt 0.323427 0.542129
vt 0.327488 0.496082
vt 0.312858 0.494277
vt 0.310152 0.516480
vt 0.307445 0.538684
vt 0.295389 0.512954
vt 0.292432 0.534069
vt 0.298346 0.491839
vt 0.284203 0.489415
vt 0.281551 0.508735
vt 0.278900 0.528055
vt 0.268962 0.504139
vt 0.267516 0.520370
vt 0.271076 0.488182
vt 0.261370 0.490871
vt 0.257658 0.499596
vt 0.259839 0.510731
vt 0.488307 0.374079
vt 0.483267 0.370587
vt 0.478161 0.375933
vt 0.488301 0.378822
vt 0.474057 0.367165
vt 0.466833 0.372267
vt 0.459608 0.377370
vt 0.472454 0.381114
vt 0.483012 0.382100
vt 0.454344 0.367460
vt 0.447050 0.372632
vt 0.461638 0.362288
vt 0.447952 0.356499
vt 0.441080 0.361551
vt 0.434208 0.366603
vt 0.427655 0.354653
vt 0.420222 0.358736
vt 0.435087 0.350570
vt 0.424790 0.344112
vt 0.415551 0.346848
vt 0.406313 0.349584
vt 0.406387 0.338357
vt 0.394442 0.339942
vt 0.418333 0.336773
vt 0.415425 0.329510
vt 0.401453 0.329980
vt 0.387480 0.330450
vt 0.401541 0.322376
vt 0.387581 0.321525
vt 0.415500 0.323228
vt 0.418446 0.317324
vt 0.405783 0.315076
vt 0.393120 0.312827
vt 0.413285 0.307372
vt 0.402070 0.303877
vt 0.424501 0.310867
vt 0.434861 0.303125
vt 0.424716 0.298762
vt 0.414570 0.294398
vt 0.439953 0.289264
vt 0.430167 0.284567
vt 0.449740 0.293961
vt 0.464468 0.285401
vt 0.454172 0.280786
vt 0.443876 0.276170
vt 0.462864 0.274964
vt 0.451202 0.270745
vt 0.474526 0.279182
vt 0.480883 0.273719
vt 0.467515 0.270463
vt 0.454147 0.267208
vt 0.470479 0.265661
vt 0.455671 0.264099
vt 0.485289 0.267224
vt 0.487127 0.260426
vt 0.471594 0.260746
vt 0.456061 0.261065
vt 0.470071 0.256207
vt 0.454802 0.257981
vt 0.485339 0.254435
vt 0.479473 0.249349
vt 0.465148 0.251934
vt 0.450824 0.254519
vt 0.456249 0.247503
vt 0.443095 0.250264
vt 0.469402 0.244741
vt 0.455707 0.239077
vt 0.443497 0.241863
vt 0.431287 0.244650
vt 0.428035 0.234373
vt 0.416169 0.237475
vt 0.439900 0.231272
vt 0.426536 0.223165
vt 0.414360 0.226657
vt 0.402183 0.230148
vt 0.406426 0.220341
vt 0.393372 0.223934
vt 0.419480 0.216747
vt 0.416818 0.211702
vt 0.402653 0.214799
vt 0.388488 0.217896
vt 0.400706 0.208966
vt 0.385622 0.210788
vt 0.415790 0.207145
vt 0.416046 0.202235
vt 0.400773 0.202278
vt 0.385500 0.202320
vt 0.403643 0.194504
vt 0.389346 0.192638
vt 0.417940 0.196369
vt 0.422239 0.189849
vt 0.409987 0.186257
vt 0.397736 0.182666
vt 0.420190 0.178306
vt 0.410644 0.173381
vt 0.429736 0.183231
vt 0.440927 0.177188
vt 0.433603 0.171185
vt 0.426278 0.165182
vt 0.449146 0.165278
vt 0.442825 0.158306
vt 0.455466 0.172250
vt 0.469943 0.168269
vt 0.465048 0.160586
vt 0.460153 0.152903
vt 0.479628 0.156978
vt 0.477483 0.149408
vt 0.481003 0.164714
vt 0.488619 0.160234
vt 0.492645 0.154097
vt 0.489892 0.149426
vn 0.6434 0.7655 0.0000
vn 0.6178 0.7863 0.0000
vn 0.3269 0.9450 0.0000
vn 0.3770 0.9262 0.0000
vn -0.5426 -0.8400 0.0000
vn -0.4989 -0.8667 0.0000
vn -0.4640 -0.8858 0.0000
vn -0.4411 -0.8975 0.0000
vn -0.4519 -0.8921 0.0000
vn 0.3684 -0.9297 0.0000
vn 0.3452 -0.9385 0.0000
vn 0.4190 -0.9079 0.0000
vn 0.4544 -0.8908 0.0000
vn 0.4748 -0.8801 0.0000
vn -0.4288 -0.9034 0.0000
vn -0.4291 -0.9032 0.0000
vn -0.4290 -0.9033 0.0000
vn 0.2231 -0.9748 0.0000
vn 0.1848 -0.9828 0.0000
vn 0.2916 -0.9565 0.0000
vn -0.0342 0.9994 0.0000
vn 0.0349 0.9994 0.0000
vn 0.4190 0.9079 0.0000
vn 0.4122 0.9111 0.0000
vn 0.4789 0.8779 0.0000
vn 0.4916 0.8708 0.0000
vn -0.4295 0.9031 0.0000
vn -0.4227 0.9063 0.0000
vn -0.3956 0.9184 0.0000
vn -0.3973 0.9177 0.0000
vn 0.5186 0.8550 0.0000
vn 0.5767 0.8169 0.0000
vn 0.6256 0.7801 0.0000
vn -0.4815 0.8764 0.0000
vn -0.4751 0.8799 0.0000
vn -0.3833 0.9236 0.0000
vn -0.3195 0.9476 0.0000
vn -0.6277 -0.7784 0.0000
vn -0.5035 -0.8640 0.0000
vn -0.2989 -0.9543 0.0000
vn -0.9999 -0.0091 0.0000
vn -0.6512 0.7588 0.0000
vn -0.6086 0.7935 0.0000
vn -0.8944 -0.4473 0.0000
vn -0.8248 -0.5654 0.0000
vn -0.6378 -0.7702 0.0000
vn -0.7247 -0.6890 0.0000
vn 0.0228 -0.9997 0.0000
vn -0.0633 -0.9980 0.0000
vn -0.8268 0.5624 0.0000
vn -0.8038 0.5948 0.0000
vn 0.7429 0.6694 0.0000
vn 0.8352 0.5499 0.0000
vn -0.4807 0.8768 0.0000
vn -0.5013 0.8652 0.0000
vn -0.5840 0.8117 0.0000
vn 0.9141 0.4054 0.0000
vn 0.9576 0.2879 0.0000
vn -0.9307 0.3657 0.0000
vn -0.9222 0.3867 0.0000
vn -0.9602 0.2792 0.0000
vn -0.9819 0.1891 0.0000
vn -0.9826 0.1854 0.0000
vn -0.9644 0.2642 0.0000
vn -0.9948 0.1020 0.0000
vn -0.9600 -0.2799 0.0000
vn -0.9937 -0.1122 0.0000
vn -0.2079 0.9781 0.0000
vn -0.2125 0.9771 0.0000
vn -0.1822 0.9832 0.0000
vn -0.1771 0.9842 0.0000
vn -0.2150 0.9766 0.0000
vn -0.2137 0.9769 0.0000
vn -0.2253 0.9743 0.0000
vn -1.0000 0.0061 0.0000
vn -1.0000 -0.0059 0.0000
vn 0.9888 0.1493 0.0000
vn 0.9998 0.0215 0.0000
vn 0.9916 -0.1289 0.0000
vn 0.9717 -0.2362 0.0000
vn -0.9842 -0.1770 0.0000
vn -0.9807 -0.1956 0.0000
vn 0.3288 -0.9444 0.0000
vn 0.3477 -0.9376 0.0000
vn 0.3901 -0.9207 0.0000
vn 0.4723 -0.8814 0.0000
vn 0.4583 -0.8888 0.0000
vn 0.2331 -0.9724 0.0000
vn 0.2496 -0.9683 0.0000
vn -0.9307 -0.3657 0.0000
vn -0.9202 -0.3914 0.0000
vn -0.6586 0.7524 0.0000
vn -0.6981 0.7160 0.0000
vn -0.8830 0.4693 0.0000
vn -0.8283 0.5603 0.0000
vn 0.9960 -0.0897 0.0000
vn 0.9948 -0.1012 0.0000
vn 0.9938 0.1114 0.0000
vn 0.8771 -0.4803 0.0000
vn 0.8918 -0.4524 0.0000
vn 0.9579 -0.2872 0.0000
vn -0.8268 -0.5624 0.0000
vn -0.8029 -0.5961 0.0000
vn 0.9211 -0.3892 0.0000
vn 0.8784 -0.4778 0.0000
vn -0.2032 0.9791 0.0000
vn 0.7806 -0.6250 0.0000
vn 0.7302 -0.6832 0.0000
vn 0.3171 0.9484 0.0000
vn -0.7378 -0.6749 0.0000
vn -0.6593 -0.7518 0.0000
vn -0.6037 -0.7972 0.0000
vn 0.6561 -0.7547 0.0000
vn 0.6771 -0.7359 0.0000
vn -0.3894 -0.9211 0.0000
vn -0.3118 -0.9501 0.0000
vn -0.4200 0.9075 0.0000
vn -0.4288 0.9034 0.0000
vn -0.5323 0.8465 0.0000
vn -0.5180 0.8553 0.0000
vn -0.0333 -0.9994 0.0000
vn 0.0357 -0.9994 0.0000
vn 0.6020 -0.7985 0.0000
vn 0.5556 -0.8314 0.0000
vn 0.1433 -0.9897 0.0000
vn 0.1616 -0.9868 0.0000
vn 0.4751 -0.8799 0.0000
vn 0.4240 -0.9057 0.0000
vn 0.3905 -0.9206 0.0000
vn 0.0440 -0.9990 0.0000
vn 0.0637 -0.9980 0.0000
vn -0.1364 0.9906 0.0000
vn -0.1451 0.9894 0.0000
vn -0.0894 0.9960 0.0000
vn -0.0775 0.9970 0.0000
vn -0.1033 0.9946 0.0000
vn -0.1077 0.9942 0.0000
vn -0.0714 0.9974 0.0000
vn -0.0597 0.9982 0.0000
vn -0.0182 0.9998 0.0000
vn -0.0097 0.9999 0.0000
vn -0.2413 0.9704 0.0000
vn -0.2542 0.9671 0.0000
vn -0.3493 0.9370 0.0000
vn -0.3344 0.9424 0.0000
vn -0.3837 0.9234 0.0000
vn 0.3020 -0.9533 0.0000
vn 0.2908 -0.9568 0.0000
vn -0.0471 -0.9989 0.0000
vn -0.0317 -0.9995 0.0000
vn 0.0753 -0.9971 0.0000
vn 0.0960 -0.9954 0.0000
vn 0.1907 -0.9816 0.0000
vn 0.1711 -0.9852 0.0000
vn 0.2790 -0.9603 0.0000
vn 0.2875 -0.9578 0.0000
vn -0.1186 -0.9929 0.0000
vn -0.1071 -0.9942 0.0000
vn 0.2896 -0.9571 0.0000
vn 0.2658 -0.9640 0.0000
vn 0.7490 -0.6625 0.0000
vn 0.6048 -0.7964 0.0000
vn 0.8361 -0.5485 0.0000
vn 0.5267 -0.8500 0.0000
vn -0.0121 0.9999 0.0000
vn -0.0241 0.9997 0.0000
vn 0.0372 0.9993 0.0000
vn 0.0480 0.9988 0.0000
vn 0.7093 -0.7049 0.0000
vn 0.7972 -0.6037 0.0000
vn 0.8972 -0.4416 0.0000
vn 0.8614 0.5078 0.0000
vn 1.0000 -0.0011 0.0000
vn 0.9269 0.3753 0.0000
vn 0.0015 1.0000 0.0000
vn -0.0999 0.9950 0.0000
vn -0.0971 0.9953 0.0000
vn 0.5695 0.8219 0.0000
vn 0.4660 0.8848 0.0000
vn 0.4464 0.8948 0.0000
vn 0.1048 0.9945 0.0000
vn 0.0154 0.9999 0.0000
vn -0.0262 0.9996 0.0000
vn 0.3573 0.9340 0.0000
vn 0.3580 0.9337 0.0000
vn 0.3662 -0.9305 0.0000
vn 0.4282 -0.9037 0.0000
vn -0.1852 -0.9827 0.0000
vn -0.1679 -0.9858 0.0000
vn -0.1446 -0.9895 0.0000
vn 0.4782 -0.8782 0.0000
vn 0.4200 -0.9075 0.0000
vn -0.2646 -0.9644 0.0000
vn -0.2405 -0.9706 0.0000
vn -0.3210 -0.9471 0.0000
vn -0.3122 -0.9500 0.0000
vn -0.1780 -0.9840 0.0000
vn -0.1961 -0.9806 0.0000
vn 0.1025 0.9947 0.0000
vn 0.0918 0.9958 0.0000
vn 0.1224 0.9925 0.0000
vn 0.1372 0.9905 0.0000
vn 0.1504 0.9886 0.0000
vn -0.0930 -0.9957 0.0000
vn -0.1237 -0.9923 0.0000
vn -0.0963 -0.9953 0.0000
vn 0.0017 -1.0000 0.0000
vn -0.0258 -0.9997 0.0000
vn 0.0359 -0.9993 0.0000
vn -0.4625 -0.8866 0.0000
vn -0.4533 -0.8914 0.0000
vn -0.3845 -0.9231 0.0000
vn -0.3939 -0.9191 0.0000
vn -0.3661 -0.9305 0.0000
vn -0.3352 -0.9421 0.0000
vn 0.0277 0.9996 0.0000
vn 0.0374 0.9993 0.0000
vn -0.5040 -0.8637 0.0000
vn -0.4657 -0.8849 0.0000
vn 0.0557 0.9984 0.0000
vn 0.0773 0.9970 0.0000
vn 0.0950 0.9955 0.0000
vn 0.3785 0.9256 0.0000
vn 0.3791 0.9253 0.0000
vn 0.1678 0.9858 0.0000
vn 0.1668 0.9860 0.0000
vn 0.1433 0.9897 0.0000
vn 0.1193 0.9928 0.0000
vn 0.4053 0.9142 0.0000
vn 0.4060 0.9138 0.0000
vn -0.9813 -0.1922 0.0000
vn -0.9005 -0.4349 0.0000
vn -0.9167 -0.3994 0.0000
vn -0.2856 -0.9583 0.0000
vn -0.2671 -0.9637 0.0000
vn -0.1871 -0.9823 0.0000
vn -0.2098 -0.9778 0.0000
vn -0.9202 0.3914 0.0000
vn -0.6005 -0.7996 0.0000
vn -0.5802 -0.8144 0.0000
vn -0.5496 -0.8354 0.0000
vn -0.5158 -0.8567 0.0000
vn -0.5256 -0.8507 0.0000
vn -0.7010 -0.7132 0.0000
vn -0.6576 -0.7533 0.0000
vn 0.1440 0.9896 0.0000
vn 0.1654 0.9862 0.0000
vn 0.2209 0.9753 0.0000
vn 0.2412 0.9705 0.0000
vn 0.4803 0.8771 0.0000
vn 0.4840 0.8751 0.0000
vn -0.1441 0.9895 0.0000
vn -0.0335 0.9994 0.0000
vn -0.2670 0.9637 0.0000
vn 0.6493 0.7605 0.0000
vn 0.6658 0.7461 0.0000
vn -0.4184 -0.9082 0.0000
vn -0.3970 -0.9178 0.0000
vn -0.3329 -0.9429 0.0000
vn -0.3533 -0.9355 0.0000
vn -0.3124 -0.9499 0.0000
vn -0.8064 -0.5914 0.0000
vn -0.7008 -0.7133 0.0000
vn -0.7470 -0.6648 0.0000
vn 0.2938 0.9558 0.0000
vn 0.3102 0.9507 0.0000
vn 0.3339 0.9426 0.0000
vn 0.3534 0.9354 0.0000
vn 0.3729 0.9279 0.0000
vn 0.8360 0.5486 0.0000
vn 0.8696 0.4937 0.0000
vn 0.9740 0.2265 0.0000
vn 0.9901 0.1406 0.0000
vn -0.5838 -0.8119 0.0000
vn -0.5552 -0.8317 0.0000
vn -0.4895 -0.8720 0.0000
vn -0.7703 0.6376 0.0000
vn -0.7898 0.6133 0.0000
vn -0.8435 0.5371 0.0000
vn 0.4098 0.9121 0.0000
vn 0.4260 0.9047 0.0000
vn -0.9999 0.0113 0.0000
vn 0.4454 0.8953 0.0000
vn 0.4489 0.8936 0.0000
vn 0.9820 -0.1890 0.0000
vn 0.9621 -0.2727 0.0000
vn -0.6435 0.7654 0.0000
vn 0.8436 -0.5370 0.0000
vn 0.8071 -0.5904 0.0000
vn -0.9993 -0.0361 0.0000
vn -0.8056 -0.5925 0.0000
vn -0.7042 -0.7100 0.0000
vn -0.7370 -0.6759 0.0000
vn -0.5668 0.8238 0.0000
vn -0.5707 0.8211 0.0000
vn -0.6615 0.7499 0.0000
vn -0.6526 0.7577 0.0000
vn 0.4524 0.8918 0.0000
vn 0.3927 0.9197 0.0000
vn 0.3137 0.9495 0.0000
vn 0.2449 0.9695 0.0000
vn 0.6863 -0.7273 0.0000
vn 0.6550 -0.7556 0.0000
vn 0.5717 -0.8204 0.0000
vn 0.5569 -0.8306 0.0000
vn -0.8494 0.5277 0.0000
vn -0.8468 0.5318 0.0000
vn -0.8050 0.5932 0.0000
vn -0.8095 0.5871 0.0000
vn -0.8730 0.4877 0.0000
vn -0.8726 0.4884 0.0000
vn -0.5641 0.8257 0.0000
vn -0.5542 0.8324 0.0000
vn -0.5285 0.8489 0.0000
vn -0.5272 0.8497 0.0000
vn -0.5332 0.8459 0.0000
vn 0.5164 -0.8563 0.0000
vn 0.5122 -0.8589 0.0000
vn 0.8974 -0.4412 0.0000
vn 0.8941 -0.4479 0.0000
vn 0.9379 -0.3470 0.0000
vn 0.9373 -0.3485 0.0000
vn 0.5105 -0.8598 0.0000
vn 0.5156 -0.8568 0.0000
vn 0.8451 -0.5345 0.0000
vn 0.8375 -0.5463 0.0000
vn 0.2788 0.9603 0.0000
vn 0.9932 0.1161 0.0000
vn 0.9497 0.3132 0.0000
vn 0.8841 0.4672 0.0000
vn -0.8540 0.5202 0.0000
vn -0.8230 0.5681 0.0000
vn -0.6702 0.7422 0.0000
vn -0.7018 0.7123 0.0000
vn -0.8094 0.5873 0.0000
vn -0.8227 0.5684 0.0000
vn -0.7418 0.6706 0.0000
vn 0.5705 -0.8213 0.0000
vn 0.5997 -0.8002 0.0000
vn 0.9822 -0.1875 0.0000
vn 0.9897 -0.1432 0.0000
vn 0.3347 -0.9423 0.0000
vn 0.3699 -0.9290 0.0000
vn 0.7152 -0.6989 0.0000
vn 0.7633 -0.6460 0.0000
vn 0.6274 -0.7787 0.0000
vn 0.6386 -0.7695 0.0000
vn -0.9779 -0.2089 0.0000
vn -0.9988 -0.0486 0.0000
vn -0.9429 0.3330 0.0000
vn -0.9699 0.2434 0.0000
vn 0.7790 -0.6271 0.0000
vn 0.7778 -0.6285 0.0000
vn 0.8097 -0.5868 0.0000
vn 0.7146 -0.6995 0.0000
vn 0.7112 -0.7029 0.0000
vn 0.7378 -0.6749 0.0000
vn 0.8058 -0.5921 0.0000
vn 0.8219 -0.5696 0.0000
vn 0.8858 -0.4640 0.0000
vn 0.9259 -0.3776 0.0000
vn -0.7669 0.6417 0.0000
vn -0.7605 0.6493 0.0000
vn -0.7408 0.6717 0.0000
vn -0.7139 0.7002 0.0000
vn -0.7181 0.6959 0.0000
vn 0.9653 -0.2610 0.0000
vn 0.9230 -0.3847 0.0000
vn 0.9280 -0.3724 0.0000
vn 0.9825 -0.1859 0.0000
vn 0.9823 -0.1870 0.0000
vn -0.5515 -0.8342 0.0000
vn -0.5924 -0.8056 0.0000
vn -0.8496 -0.5274 0.0000
vn -0.7710 -0.6368 0.0000
vn 0.6581 -0.7529 0.0000
vn 0.6525 -0.7578 0.0000
vn 0.6067 -0.7949 0.0000
vn 0.5990 -0.8007 0.0000
vn 1.0000 0.0063 0.0000
vn 1.0000 -0.0067 0.0000
vn 0.9583 0.2858 0.0000
vn -0.6618 0.7497 0.0000
vn -0.6554 0.7552 0.0000
vn -0.5911 0.8066 0.0000
vn -0.6005 0.7996 0.0000
vn 0.6550 0.7556 0.0000
vn 0.5443 0.8388 0.0000
vn 0.5128 0.8585 0.0000
vn 0.9801 0.1983 0.0000
vn 0.9844 0.1757 0.0000
vn 0.9602 0.2792 0.0000
vn 0.9230 0.3847 0.0000
vn 0.9298 0.3679 0.0000
vn -0.4613 -0.8872 0.0000
vn -0.4506 -0.8927 0.0000
vn 0.5504 -0.8348 0.0000
vn 0.5376 -0.8432 0.0000
vn 0.8058 0.5921 0.0000
vn 0.8223 0.5690 0.0000
vn 0.3984 0.9172 0.0000
vn 0.3960 0.9182 0.0000
vn -0.5387 0.8425 0.0000
vn -0.5328 0.8462 0.0000
vn -0.5635 0.8261 0.0000
vn 0.7378 0.6749 0.0000
vn 0.0000 0.3805 -0.9247
vn 0.0000 0.5528 -0.8333
vn 0.1626 0.5528 -0.8173
vn 0.1804 0.3805 -0.9070
vn 0.0000 -0.9217 -0.3879
vn 0.0000 -0.8286 -0.5598
vn 0.1092 -0.8286 -0.5490
vn 0.0757 -0.9217 -0.3804
vn 0.0000 0.1939 -0.9810
vn 0.1914 0.1939 -0.9622
vn 0.0000 -0.9796 -0.2010
vn 0.0392 -0.9796 -0.1971
vn 0.0000 0.0000 -1.0000
vn 0.1951 0.0000 -0.9808
vn 0.0000 0.9796 -0.2010
vn 0.0000 1.0000 0.0000
vn 0.0392 0.9796 -0.1971
vn 0.0000 -1.0000 0.0000
vn 0.0000 -0.1939 -0.9810
vn 0.1914 -0.1939 -0.9622
vn 0.0000 0.9217 -0.3879
vn 0.0757 0.9217 -0.3804
vn 0.0000 -0.3805 -0.9247
vn 0.1804 -0.3805 -0.9070
vn 0.0000 0.8286 -0.5598
vn 0.1092 0.8286 -0.5490
vn 0.0000 -0.5528 -0.8333
vn 0.1626 -0.5528 -0.8173
vn 0.0000 0.7040 -0.7101
vn 0.1385 0.7040 -0.6965
vn 0.0000 -0.7040 -0.7101
vn 0.1385 -0.7040 -0.6965
vn 0.2717 0.7040 -0.6561
vn 0.3189 0.5528 -0.7699
vn 0.2717 -0.7040 -0.6561
vn 0.2142 -0.8286 -0.5171
vn 0.3539 0.3805 -0.8544
vn 0.1484 -0.9217 -0.3583
vn 0.3754 0.1939 -0.9063
vn 0.0769 -0.9796 -0.1856
vn 0.3827 0.0000 -0.9239
vn 0.0769 0.9796 -0.1856
vn 0.3754 -0.1939 -0.9063
vn 0.1484 0.9217 -0.3583
vn 0.3539 -0.3805 -0.8544
vn 0.2142 0.8286 -0.5171
vn 0.3189 -0.5528 -0.7699
vn 0.5556 0.0000 -0.8314
vn 0.5450 -0.1939 -0.8157
vn 0.1116 0.9796 -0.1671
vn 0.2155 0.9217 -0.3225
vn 0.5137 -0.3805 -0.7689
vn 0.3110 0.8286 -0.4654
vn 0.4630 -0.5528 -0.6929
vn 0.3945 0.7040 -0.5904
vn 0.3945 -0.7040 -0.5904
vn 0.4630 0.5528 -0.6929
vn 0.3110 -0.8286 -0.4654
vn 0.5137 0.3805 -0.7689
vn 0.2155 -0.9217 -0.3225
vn 0.5450 0.1939 -0.8157
vn 0.1116 -0.9796 -0.1671
vn 0.5021 -0.7040 -0.5021
vn 0.3958 -0.8286 -0.3958
vn 0.5893 0.5528 -0.5893
vn 0.6539 0.3805 -0.6539
vn 0.2743 -0.9217 -0.2743
vn 0.6937 0.1939 -0.6937
vn 0.1421 -0.9796 -0.1421
vn 0.7071 0.0000 -0.7071
vn 0.1421 0.9796 -0.1421
vn 0.6937 -0.1939 -0.6937
vn 0.2743 0.9217 -0.2743
vn 0.6539 -0.3805 -0.6539
vn 0.3958 0.8286 -0.3958
vn 0.5893 -0.5528 -0.5893
vn 0.5021 0.7040 -0.5021
vn 0.1671 0.9796 -0.1116
vn 0.3225 0.9217 -0.2155
vn 0.8157 -0.1939 -0.5450
vn 0.7689 -0.3805 -0.5137
vn 0.4654 0.8286 -0.3110
vn 0.6929 -0.5528 -0.4630
vn 0.5904 0.7040 -0.3945
vn 0.5904 -0.7040 -0.3945
vn 0.6929 0.5528 -0.4630
vn 0.4654 -0.8286 -0.3110
vn 0.7689 0.3805 -0.5137
vn 0.3225 -0.9217 -0.2155
vn 0.8157 0.1939 -0.5450
vn 0.1671 -0.9796 -0.1116
vn 0.8314 0.0000 -0.5556
vn 0.7699 0.5528 -0.3189
vn 0.8544 0.3805 -0.3539
vn 0.5171 -0.8286 -0.2142
vn 0.3583 -0.9217 -0.1484
vn 0.9063 0.1939 -0.3754
vn 0.1856 -0.9796 -0.0769
vn 0.9239 0.0000 -0.3827
vn 0.1856 0.9796 -0.0769
vn 0.9063 -0.1939 -0.3754
vn 0.3583 0.9217 -0.1484
vn 0.8544 -0.3805 -0.3539
vn 0.5171 0.8286 -0.2142
vn 0.7699 -0.5528 -0.3189
vn 0.6561 0.7040 -0.2717
vn 0.6561 -0.7040 -0.2717
vn 0.9622 -0.1939 -0.1914
vn 0.9070 -0.3805 -0.1804
vn 0.3804 0.9217 -0.0757
vn 0.5490 0.8286 -0.1092
vn 0.8173 -0.5528 -0.1626
vn 0.6965 0.7040 -0.1385
vn 0.6965 -0.7040 -0.1385
vn 0.8173 0.5528 -0.1626
vn 0.5490 -0.8286 -0.1092
vn 0.9070 0.3805 -0.1804
vn 0.3804 -0.9217 -0.0757
vn 0.9622 0.1939 -0.1914
vn 0.1971 -0.9796 -0.0392
vn 0.9808 0.0000 -0.1951
vn 0.1971 0.9796 -0.0392
vn 0.5598 -0.8286 0.0000
vn 0.3879 -0.9217 0.0000
vn 0.9247 0.3805 0.0000
vn 0.9810 0.1939 0.0000
vn 0.2010 -0.9796 0.0000
vn 1.0000 0.0000 0.0000
vn 0.2010 0.9796 0.0000
vn 0.9810 -0.1939 0.0000
vn 0.3879 0.9217 0.0000
vn 0.9247 -0.3805 0.0000
vn 0.5598 0.8286 0.0000
vn 0.8333 -0.5528 0.0000
vn 0.7101 0.7040 0.0000
vn 0.7101 -0.7040 0.0000
vn 0.8333 0.5528 0.0000
vn 0.9070 -0.3805 0.1804
vn 0.8173 -0.5528 0.1626
vn 0.5490 0.8286 0.1092
vn 0.6965 0.7040 0.1385
vn 0.6965 -0.7040 0.1385
vn 0.8173 0.5528 0.1626
vn 0.5490 -0.8286 0.1092
vn 0.9070 0.3805 0.1804
vn 0.3804 -0.9217 0.0757
vn 0.9622 0.1939 0.1914
vn 0.1971 -0.9796 0.0392
vn 0.9808 0.0000 0.1951
vn 0.1971 0.9796 0.0392
vn 0.9622 -0.1939 0.1914
vn 0.3804 0.9217 0.0757
vn 0.3583 -0.9217 0.1484
vn 0.1856 -0.9796 0.0769
vn 0.9063 0.1939 0.3754
vn 0.9239 0.0000 0.3827
vn 0.1856 0.9796 0.0769
vn 0.9063 -0.1939 0.3754
vn 0.3583 0.9217 0.1484
vn 0.8544 -0.3805 0.3539
vn 0.5171 0.8286 0.2142
vn 0.7699 -0.5528 0.3189
vn 0.6561 0.7040 0.2717
vn 0.6561 -0.7040 0.2717
vn 0.7699 0.5528 0.3189
vn 0.5171 -0.8286 0.2142
vn 0.8544 0.3805 0.3539
vn 0.4654 0.8286 0.3110
vn 0.5904 0.7040 0.3945
vn 0.6929 -0.5528 0.4630
vn 0.5904 -0.7040 0.3945
vn 0.6929 0.5528 0.4630
vn 0.4654 -0.8286 0.3110
vn 0.7689 0.3805 0.5137
vn 0.3225 -0.9217 0.2155
vn 0.8157 0.1939 0.5450
vn 0.1671 -0.9796 0.1116
vn 0.8314 0.0000 0.5556
vn 0.1671 0.9796 0.1116
vn 0.8157 -0.1939 0.5450
vn 0.3225 0.9217 0.2155
vn 0.7689 -0.3805 0.5137
vn 0.6937 0.1939 0.6937
vn 0.7071 0.0000 0.7071
vn 0.1421 0.9796 0.1421
vn 0.1421 -0.9796 0.1421
vn 0.6937 -0.1939 0.6937
vn 0.2743 0.9217 0.2743
vn 0.6539 -0.3805 0.6539
vn 0.3958 0.8286 0.3958
vn 0.5893 -0.5528 0.5893
vn 0.5021 0.7040 0.5021
vn 0.5021 -0.7040 0.5021
vn 0.5893 0.5528 0.5893
vn 0.3958 -0.8286 0.3958
vn 0.6539 0.3805 0.6539
vn 0.2743 -0.9217 0.2743
vn 0.4630 -0.5528 0.6929
vn 0.3945 -0.7040 0.5904
vn 0.3945 0.7040 0.5904
vn 0.4630 0.5528 0.6929
vn 0.3110 -0.8286 0.4654
vn 0.5137 0.3805 0.7689
vn 0.2155 -0.9217 0.3225
vn 0.5465 0.2902 0.7855
vn 0.6073 0.2890 0.7400
vn 0.6290 0.1304 0.7664
vn 0.1116 -0.9796 0.1671
vn 0.6314 0.0975 0.7693
vn 0.6295 0.1234 0.7671
vn 0.5450 0.1939 0.8157
vn 0.5556 0.0000 0.8314
vn 0.1116 0.9796 0.1671
vn 0.5450 -0.1939 0.8157
vn 0.2155 0.9217 0.3225
vn 0.5137 -0.3805 0.7689
vn 0.3110 0.8286 0.4654
vn 0.0769 0.9796 0.1856
vn 0.0769 -0.9796 0.1856
vn 0.4713 0.0140 0.8818
vn 0.4691 -0.0975 0.8777
vn 0.3743 -0.0980 0.9221
vn 0.3754 -0.1939 0.9063
vn 0.1484 0.9217 0.3583
vn 0.3539 -0.3805 0.8544
vn 0.2142 0.8286 0.5171
vn 0.3189 -0.5528 0.7699
vn 0.2717 0.7040 0.6561
vn 0.2717 -0.7040 0.6561
vn 0.3189 0.5528 0.7699
vn 0.2142 -0.8286 0.5171
vn 0.3539 0.3805 0.8544
vn 0.1484 -0.9217 0.3583
vn 0.5163 0.2902 0.8057
vn 0.4513 0.2890 0.8443
vn 0.3633 0.2903 0.8853
vn 0.3754 0.1939 0.9063
vn 0.3887 0.0980 0.9161
vn 0.4691 0.0975 0.8777
vn 0.1385 0.7040 0.6965
vn 0.1626 0.5528 0.8173
vn 0.1934 -0.7457 0.6376
vn 0.1481 -0.7734 0.6163
vn 0.1087 -0.8292 0.5483
vn 0.1804 0.3805 0.9070
vn 0.0757 -0.9217 0.3804
vn 0.2779 0.2890 0.9161
vn 0.3642 0.2903 0.8849
vn 0.1914 0.1939 0.9622
vn 0.0392 -0.9796 0.1971
vn 0.0392 0.9796 0.1971
vn 0.2889 -0.0975 0.9524
vn 0.2080 -0.0980 0.9732
vn 0.1701 -0.1895 0.9670
vn 0.0757 0.9217 0.3804
vn 0.1931 -0.2851 0.9388
vn 0.2779 -0.2890 0.9161
vn 0.2650 -0.4083 0.8735
vn 0.1092 0.8286 0.5490
vn 0.2563 -0.4696 0.8448
vn 0.2075 -0.4711 0.8573
vn 0.1967 -0.4712 0.8598
vn 0.2518 -0.4977 0.8300
vn 0.2248 -0.6325 0.7412
vn 0.0975 -0.0975 0.9904
vn 0.0980 0.0181 0.9950
vn 0.0000 0.0000 1.0000
vn -0.0216 -0.1887 0.9818
vn 0.0000 0.9796 0.2010
vn 0.0000 0.9217 0.3879
vn -0.0801 -0.3609 0.9291
vn -0.2004 -0.3050 0.9310
vn -0.2477 -0.2957 0.9226
vn -0.0952 -0.2821 0.9546
vn -0.1252 -0.3657 0.9223
vn 0.0000 0.8286 0.5598
vn 0.0000 0.7040 0.7101
vn 0.0000 0.5528 0.8333
vn 0.0605 -0.7736 0.6307
vn -0.0938 -0.6686 0.7377
vn -0.0568 -0.7044 0.7075
vn -0.0005 -0.8291 0.5590
vn 0.0000 0.3805 0.9247
vn 0.0000 -0.9217 0.3879
vn 0.0000 0.1939 0.9810
vn 0.0000 -0.9796 0.2010
vn -0.1385 -0.7040 0.6965
vn -0.1092 -0.8286 0.5490
vn -0.1626 0.5528 0.8173
vn -0.1804 0.3805 0.9070
vn -0.0757 -0.9217 0.3804
vn -0.1914 0.1939 0.9622
vn -0.0392 -0.9796 0.1971
vn -0.1951 0.0000 0.9808
vn -0.0392 0.9796 0.1971
vn -0.1914 -0.1939 0.9622
vn -0.0757 0.9217 0.3804
vn -0.0638 -0.3763 0.9243
vn -0.1804 -0.3805 0.9070
vn -0.1092 0.8286 0.5490
vn -0.0980 -0.5519 0.8281
vn -0.1626 -0.5528 0.8173
vn -0.1385 0.7040 0.6965
vn -0.3754 -0.1939 0.9063
vn -0.3539 -0.3805 0.8544
vn -0.1484 0.9217 0.3583
vn -0.2142 0.8286 0.5171
vn -0.3189 -0.5528 0.7699
vn -0.2717 0.7040 0.6561
vn -0.2717 -0.7040 0.6561
vn -0.3189 0.5528 0.7699
vn -0.2142 -0.8286 0.5171
vn -0.3539 0.3805 0.8544
vn -0.1484 -0.9217 0.3583
vn -0.3754 0.1939 0.9063
vn -0.2819 0.2387 0.9293
vn -0.2779 0.2890 0.9161
vn -0.2817 0.2416 0.9286
vn -0.0769 -0.9796 0.1856
vn -0.2889 0.0975 0.9524
vn -0.2902 -0.0180 0.9568
vn -0.0769 0.9796 0.1856
vn -0.2889 -0.0975 0.9524
vn -0.4277 -0.0979 0.8986
vn -0.3110 -0.8286 0.4654
vn -0.2155 -0.9217 0.3225
vn -0.5137 0.3805 0.7689
vn -0.5450 0.1939 0.8157
vn -0.1116 -0.9796 0.1671
vn -0.1116 0.9796 0.1671
vn -0.4691 -0.0975 0.8777
vn -0.4713 -0.0203 0.8817
vn -0.5556 0.0000 0.8314
vn -0.5450 -0.1939 0.8157
vn -0.2155 0.9217 0.3225
vn -0.5137 -0.3805 0.7689
vn -0.3110 0.8286 0.4654
vn -0.4630 -0.5528 0.6929
vn -0.3945 0.7040 0.5904
vn -0.3945 -0.7040 0.5904
vn -0.4630 0.5528 0.6929
vn -0.3710 0.6168 0.6941
vn -0.3651 0.6326 0.6830
vn -0.3759 0.6035 0.7032
vn -0.4162 0.4696 0.7786
vn -0.4598 0.4711 0.7527
vn -0.2743 0.9217 0.2743
vn -0.3958 0.8286 0.3958
vn -0.6539 -0.3805 0.6539
vn -0.5893 -0.5528 0.5893
vn -0.5021 0.7040 0.5021
vn -0.5021 -0.7040 0.5021
vn -0.5893 0.5528 0.5893
vn -0.3958 -0.8286 0.3958
vn -0.5601 0.4696 0.6825
vn -0.5954 0.3450 0.7255
vn -0.2743 -0.9217 0.2743
vn -0.6073 0.2890 0.7400
vn -0.6850 0.2903 0.6682
vn -0.6937 0.1939 0.6937
vn -0.1421 -0.9796 0.1421
vn -0.7071 0.0000 0.7071
vn -0.1421 0.9796 0.1421
vn -0.6937 -0.1939 0.6937
vn -0.7400 0.2890 0.6073
vn -0.7038 0.4136 0.5776
vn -0.7689 0.3805 0.5137
vn -0.8157 0.1939 0.5450
vn -0.3225 -0.9217 0.2155
vn -0.1671 -0.9796 0.1116
vn -0.8314 0.0000 0.5556
vn -0.1671 0.9796 0.1116
vn -0.8157 -0.1939 0.5450
vn -0.3225 0.9217 0.2155
vn -0.7689 -0.3805 0.5137
vn -0.4654 0.8286 0.3110
vn -0.6929 -0.5528 0.4630
vn -0.5904 0.7040 0.3945
vn -0.5904 -0.7040 0.3945
vn -0.6929 0.5528 0.4630
vn -0.4654 -0.8286 0.3110
vn -0.8544 -0.3805 0.3539
vn -0.7699 -0.5528 0.3189
vn -0.5171 0.8286 0.2142
vn -0.6561 0.7040 0.2717
vn -0.6561 -0.7040 0.2717
vn -0.7699 0.5528 0.3189
vn -0.5171 -0.8286 0.2142
vn -0.8544 0.3805 0.3539
vn -0.3583 -0.9217 0.1484
vn -0.9063 0.1939 0.3754
vn -0.1856 -0.9796 0.0769
vn -0.9239 0.0000 0.3827
vn -0.1856 0.9796 0.0769
vn -0.9063 -0.1939 0.3754
vn -0.3583 0.9217 0.1484
vn -0.3804 -0.9217 0.0757
vn -0.1971 -0.9796 0.0392
vn -0.9622 0.1939 0.1914
vn -0.9808 0.0000 0.1951
vn -0.1971 0.9796 0.0392
vn -0.9622 -0.1939 0.1914
vn -0.3804 0.9217 0.0757
vn -0.9070 -0.3805 0.1804
vn -0.5490 0.8286 0.1092
vn -0.8173 -0.5528 0.1626
vn -0.6965 0.7040 0.1385
vn -0.6965 -0.7040 0.1385
vn -0.8173 0.5528 0.1626
vn -0.5490 -0.8286 0.1092
vn -0.9070 0.3805 0.1804
vn -0.5598 0.8286 0.0000
vn -0.7101 0.7040 0.0000
vn -0.8333 -0.5528 0.0000
vn -0.7101 -0.7040 0.0000
vn -0.8333 0.5528 0.0000
vn -0.5598 -0.8286 0.0000
vn -0.9247 0.3805 0.0000
vn -0.3879 -0.9217 0.0000
vn -0.9810 0.1939 0.0000
vn -0.2010 -0.9796 0.0000
vn -1.0000 0.0000 0.0000
vn -0.2010 0.9796 0.0000
vn -0.9810 -0.1939 0.0000
vn -0.3879 0.9217 0.0000
vn -0.9247 -0.3805 0.0000
vn -0.9622 0.1939 -0.1914
vn -0.9808 0.0000 -0.1951
vn -0.1971 0.9796 -0.0392
vn -0.1971 -0.9796 -0.0392
vn -0.9622 -0.1939 -0.1914
vn -0.3804 0.9217 -0.0757
vn -0.9070 -0.3805 -0.1804
vn -0.5490 0.8286 -0.1092
vn -0.8173 -0.5528 -0.1626
vn -0.6965 0.7040 -0.1385
vn -0.6965 -0.7040 -0.1385
vn -0.8173 0.5528 -0.1626
vn -0.5490 -0.8286 -0.1092
vn -0.9070 0.3805 -0.1804
vn -0.3804 -0.9217 -0.0757
vn -0.7699 -0.5528 -0.3189
vn -0.6561 -0.7040 -0.2717
vn -0.6561 0.7040 -0.2717
vn -0.7699 0.5528 -0.3189
vn -0.5171 -0.8286 -0.2142
vn -0.8544 0.3805 -0.3539
vn -0.3583 -0.9217 -0.1484
vn -0.9063 0.1939 -0.3754
vn -0.1856 -0.9796 -0.0769
vn -0.9239 0.0000 -0.3827
vn -0.1856 0.9796 -0.0769
vn -0.9063 -0.1939 -0.3754
vn -0.3583 0.9217 -0.1484
vn -0.8544 -0.3805 -0.3539
vn -0.5171 0.8286 -0.2142
vn -0.1671 -0.9796 -0.1116
vn -0.8314 0.0000 -0.5556
vn -0.8157 -0.1939 -0.5450
vn -0.1671 0.9796 -0.1116
vn -0.3225 0.9217 -0.2155
vn -0.7689 -0.3805 -0.5137
vn -0.4654 0.8286 -0.3110
vn -0.6929 -0.5528 -0.4630
vn -0.5904 0.7040 -0.3945
vn -0.5904 -0.7040 -0.3945
vn -0.6929 0.5528 -0.4630
vn -0.4654 -0.8286 -0.3110
vn -0.7689 0.3805 -0.5137
vn -0.3225 -0.9217 -0.2155
vn -0.8157 0.1939 -0.5450
vn -0.5021 -0.7040 -0.5021
vn -0.3958 -0.8286 -0.3958
vn -0.5893 0.5528 -0.5893
vn -0.6539 0.3805 -0.6539
vn -0.2743 -0.9217 -0.2743
vn -0.6937 0.1939 -0.6937
vn -0.1421 -0.9796 -0.1421
vn -0.7071 0.0000 -0.7071
vn -0.1421 0.9796 -0.1421
vn -0.6937 -0.1939 -0.6937
vn -0.2743 0.9217 -0.2743
vn -0.6539 -0.3805 -0.6539
vn -0.3958 0.8286 -0.3958
vn -0.5893 -0.5528 -0.5893
vn -0.5021 0.7040 -0.5021
vn -0.1116 0.9796 -0.1671
vn -0.2155 0.9217 -0.3225
vn -0.5450 -0.1939 -0.8157
vn -0.5137 -0.3805 -0.7689
vn -0.3110 0.8286 -0.4654
vn -0.4630 -0.5528 -0.6929
vn -0.3945 0.7040 -0.5904
vn -0.3945 -0.7040 -0.5904
vn -0.4630 0.5528 -0.6929
vn -0.3110 -0.8286 -0.4654
vn -0.5137 0.3805 -0.7689
vn -0.2155 -0.9217 -0.3225
vn -0.5450 0.1939 -0.8157
vn -0.1116 -0.9796 -0.1671
vn -0.5556 0.0000 -0.8314
vn -0.3189 0.5528 -0.7699
vn -0.3539 0.3805 -0.8544
vn -0.2142 -0.8286 -0.5171
vn -0.1484 -0.9217 -0.3583
vn -0.3754 0.1939 -0.9063
vn -0.0769 -0.9796 -0.1856
vn -0.3827 0.0000 -0.9239
vn -0.0769 0.9796 -0.1856
vn -0.3754 -0.1939 -0.9063
vn -0.1484 0.9217 -0.3583
vn -0.3539 -0.3805 -0.8544
vn -0.2142 0.8286 -0.5171
vn -0.3189 -0.5528 -0.7699
vn -0.2717 0.7040 -0.6561
vn -0.2717 -0.7040 -0.6561
vn -0.1914 -0.1939 -0.9622
vn -0.1804 -0.3805 -0.9070
vn -0.0757 0.9217 -0.3804
vn -0.1092 0.8286 -0.5490
vn -0.1626 -0.5528 -0.8173
vn -0.1385 0.7040 -0.6965
vn -0.1385 -0.7040 -0.6965
vn -0.1626 0.5528 -0.8173
vn -0.1092 -0.8286 -0.5490
vn -0.1804 0.3805 -0.9070
vn -0.0757 -0.9217 -0.3804
vn -0.1914 0.1939 -0.9622
vn -0.0392 -0.9796 -0.1971
vn -0.1951 0.0000 -0.9808
vn -0.0392 0.9796 -0.1971
vn -0.1109 -0.6306 0.7681
vn 0.0008 -0.6417 0.7669
vn -0.0926 -0.6330 0.7685
vn -0.1359 -0.6033 0.7858
vn -0.0759 -0.4615 0.8838
vn -0.1097 -0.4515 0.8855
vn 0.0865 -0.4696 0.8786
vn 0.1701 0.0980 0.9805
vn 0.2889 0.0975 0.9524
vn -0.1628 -0.4176 0.8939
vn 0.0776 -0.3563 0.9311
vn -0.5120 0.4712 0.7182
vn -0.4691 0.0975 0.8777
vn -0.4277 0.0979 0.8986
vn -0.6687 0.4704 0.5758
vn 0.0975 0.0975 0.9904
vn -0.1457 -0.6255 0.7664
vn 0.1267 -0.3480 0.9289
vn -0.1910 -0.4250 0.8848
vn 0.0068 -0.2694 0.9630
vn -0.3149 0.0651 0.9469
vn -0.2866 0.1347 0.9485
vn -0.2331 0.1418 0.9620
vn -0.2445 0.1297 0.9609
vn -0.3362 0.0774 0.9386
vn -0.3735 0.0511 0.9262
vn -0.3598 0.0760 0.9299
vn -0.3542 0.1029 0.9295
vn -0.3498 0.1037 0.9310
vn -0.3130 0.0468 0.9486
vn -0.2617 -0.0064 0.9651
vn -0.2454 -0.0190 0.9692
vn -0.2625 -0.0153 0.9648
vn -0.2901 -0.0125 0.9569
vn -0.3171 -0.0150 0.9482
vn -0.3422 -0.0226 0.9393
vn -0.3639 -0.0350 0.9308
vn -0.3472 -0.0048 0.9378
vn -0.2986 0.0714 0.9517
vn -0.3106 0.1138 0.9437
vn -0.3498 0.1346 0.9271
vn -0.3378 0.1369 0.9312
vn 0.2786 0.2897 0.9156
vn 0.2823 0.2932 0.9134
vn 0.2878 0.2983 0.9100
vn 0.3678 0.2915 0.8830
vn 0.3849 0.2972 0.8738
vn 0.3529 0.2852 0.8911
vn 0.4451 0.2819 0.8499
vn 0.4490 0.2863 0.8464
vn 0.4524 0.2899 0.8433
vn 0.4540 0.2913 0.8420
vn 0.5063 0.2864 0.8134
vn 0.5290 0.2788 0.8014
vn 0.4887 0.2903 0.8227
vn 0.5665 0.2905 0.7711
vn 0.5858 0.2830 0.7594
vn 0.5973 0.2794 0.7517
vn 0.6075 0.2883 0.7401
vn 0.6074 0.2886 0.7401
vn 0.6098 0.2787 0.7419
vn 0.6110 0.2734 0.7429
vn 0.6160 0.2506 0.7468
vn 0.6117 0.2701 0.7435
vn -0.6233 0.2809 0.7297
vn -0.6078 0.2887 0.7397
vn -0.6575 0.2960 0.6928
vn -0.6780 0.2910 0.6750
vn -0.6362 0.3058 0.7083
vn -0.6625 0.3197 0.6774
vn -0.7008 0.3014 0.6465
vn -0.7266 0.3002 0.6179
vn -0.6982 0.2882 0.6553
vn -0.6523 0.2865 0.7017
vn -0.6992 0.2967 0.6504
vn -0.6684 0.3016 0.6799
vn -0.5996 0.3721 0.7085
vn -0.6012 0.4055 0.6886
vn -0.5971 0.3410 0.7260
vn -0.5732 0.4307 0.6970
vn -0.5675 0.4476 0.6911
vn -0.5609 0.4661 0.6842
vn -0.5532 0.4695 0.6881
vn -0.5572 0.4696 0.6848
vn -0.5306 0.4710 0.7047
vn -0.5499 0.4687 0.6913
vn -0.5061 0.4741 0.7205
vn -0.4408 0.4734 0.7626
vn -0.4689 0.4739 0.7453
vn -0.5029 0.4719 0.7241
vn -0.4213 0.4775 0.7710
vn -0.4349 0.4824 0.7603
vn -0.4093 0.4901 0.7696
vn -0.4039 0.5006 0.7657
vn -0.4142 0.4955 0.7634
vn -0.4050 0.5203 0.7519
vn -0.4169 0.4859 0.7682
vn -0.4180 0.5193 0.7454
vn 0.1398 -0.0264 0.9898
vn 0.2210 0.0051 0.9752
vn 0.2278 0.0541 0.9722
vn 0.1366 0.0402 0.9898
vn 0.2859 0.0305 0.9578
vn 0.2874 0.0655 0.9555
vn 0.2418 0.0973 0.9654
vn 0.1441 0.0968 0.9848
vn 0.1084 0.0222 0.9938
vn 0.1264 -0.0569 0.9903
vn 0.0960 0.0965 0.9907
vn 0.0900 0.0924 0.9916
vn 0.1205 -0.0222 0.9924
vn 0.1337 -0.0735 0.9883
vn 0.2866 0.0740 0.9552
vn 0.2840 0.0484 0.9576
vn 0.2851 0.0603 0.9566
vn 0.2871 0.0796 0.9546
vn 0.2886 0.0818 0.9539
vn 0.2881 0.0653 0.9554
vn 0.2913 0.0629 0.9545
vn 0.2911 0.0811 0.9532
vn 0.2907 0.0986 0.9517
vn 0.3700 0.0731 0.9261
vn 0.3741 0.0951 0.9225
vn 0.3635 0.0507 0.9302
vn 0.4531 0.0332 0.8908
vn 0.4582 0.0639 0.8865
vn 0.4625 0.0934 0.8816
vn 0.4697 0.0555 0.8811
vn 0.4693 0.0114 0.8830
vn 0.4605 -0.0190 0.8874
vn 0.4659 0.0409 0.8839
vn 0.4639 0.0214 0.8856
vn 0.4711 0.0943 0.8770
vn 0.4526 -0.0500 0.8903
vn 0.4499 -0.0684 0.8904
vn 0.4618 -0.0048 0.8870
vn 0.4754 0.0868 0.8754
vn 0.0938 -0.2890 0.9527
vn 0.1161 -0.2846 0.9516
vn 0.1582 -0.2772 0.9477
vn 0.0988 -0.2876 0.9526
vn 0.1415 -0.2862 0.9476
vn 0.1989 -0.2816 0.9387
vn 0.2541 -0.2841 0.9245
vn 0.2667 -0.2873 0.9199
vn 0.2305 -0.2867 0.9298
vn 0.2750 -0.2861 0.9179
vn 0.2771 -0.2882 0.9166
vn 0.2737 -0.3462 0.8973
vn 0.2728 -0.3470 0.8973
vn 0.2760 -0.3378 0.8998
vn 0.2397 -0.4463 0.8621
vn 0.2562 -0.4371 0.8621
vn 0.2620 -0.4358 0.8610
vn 0.2146 -0.4765 0.8525
vn 0.2460 -0.4701 0.8476
vn 0.1692 -0.4769 0.8625
vn 0.1059 -0.4690 0.8768
vn 0.1459 -0.4736 0.8685
vn 0.1952 -0.4752 0.8579
vn 0.0952 -0.4719 0.8765
vn 0.1184 -0.4778 0.8704
vn 0.0856 -0.4940 0.8652
vn 0.0923 -0.5116 0.8542
vn 0.1323 -0.4947 0.8589
vn 0.1526 -0.5793 0.8007
vn 0.2056 -0.5996 0.7734
vn 0.1046 -0.5917 0.7993
vn 0.1787 -0.6402 0.7471
vn 0.2146 -0.6331 0.7436
vn 0.2246 -0.6316 0.7420
vn 0.2248 -0.6326 0.7411
vn 0.2248 -0.6325 0.7411
vn 0.2196 -0.6323 0.7429
vn 0.2087 -0.6316 0.7467
vn 0.1424 -0.6383 0.7565
vn 0.1684 -0.6602 0.7319
vn 0.1901 -0.6695 0.7180
vn 0.0912 -0.7067 0.7016
vn 0.1053 -0.7426 0.6613
vn 0.0759 -0.6719 0.7367
vn 0.0691 -0.7214 0.6890
vn 0.0652 -0.7460 0.6627
vn 0.0625 -0.7711 0.6336
vn 0.0663 -0.7661 0.6393
vn 0.0623 -0.7715 0.6331
vn 0.0739 -0.7554 0.6511
usemtl Yellow
s 1
f 3154/3239/2692 4437/3240/2693 4431/3241/2694 3155/3242/2695
f 3328/3243/2696 4515/3244/2697 4046/3245/2698 4495/3246/2699 3376/3247/2700
f 3255/3248/2701 4361/3249/2702 4360/3250/2703 4359/3251/2704 3195/3252/2705
f 3376/3247/2700 4495/3246/2699 4496/3253/2706 4454/3254/2707 3326/3255/2708
f 3197/3256/2709 4363/3257/2710 4362/3258/2711 4361/3249/2702 3255/3248/2701
f 3155/3242/2695 4431/3241/2694 4430/3259/2712 3156/3260/2713
f 3325/3261/2714 4479/3262/2715 4518/3263/2716 3377/3264/2717
f 3256/3265/2718 4368/3266/2719 4367/3267/2720 3196/3268/2721
f 3377/3264/2717 4518/3263/2716 4517/3269/2722 4516/3270/2723 3327/3271/2724
f 3194/3272/2725 4384/3273/2726 4368/3266/2719 3256/3265/2718
f 3156/3260/2713 4430/3259/2712 4432/3274/2727 3157/3275/2728
f 4213/3276/2729 4339/3277/2729 3899/3278/2729 4365/3279/2730 3199/3280/2731
f 4215/3281/2732 4341/3282/2732 4340/3283/2732 3257/3284/2732
f 3157/3275/2728 4432/3274/2727 4433/3285/2733 3158/3286/2734
f 3330/3287/2735 4535/3288/2736 4526/3289/2737 3379/3290/2738
f 3258/3291/2739 4364/3292/2740 4363/3257/2710 3197/3256/2709
f 3379/3290/2738 4526/3289/2737 4515/3244/2697 3328/3243/2696
f 3199/3280/2731 4365/3279/2730 4364/3292/2740 3258/3291/2739
f 3158/3286/2734 4433/3285/2733 4426/3293/2741 3159/3294/2742
f 3327/3271/2724 4516/3270/2723 4513/3295/2743 3380/3296/2744
f 3259/3297/2745 4369/3298/2746 4342/3299/2747 3198/3300/2747
f 3380/3296/2744 4513/3295/2743 4512/3301/2748 3329/3302/2749
f 3196/3268/2721 4367/3267/2720 4369/3298/2746 3259/3297/2745
f 3159/3294/2742 4426/3293/2741 4425/3303/2750 3160/3304/2751
f 3160/3304/2751 4425/3303/2750 3959/3305/2752 4403/3306/2753 3161/3307/2754
f 3332/3308/2755 4538/3309/2756 4536/3310/2757 3382/3311/2758
f 3261/3312/2759 4488/3313/2760 4523/3314/2761 3201/3315/2762
f 3382/3311/2758 4536/3310/2757 4535/3288/2736 3330/3287/2735
f 3200/3316/2763 4490/3317/2764 4018/3318/2765 4488/3313/2760 3261/3312/2759
f 3161/3307/2754 4403/3306/2753 4402/3319/2766 3162/3320/2767
f 3329/3302/2749 4512/3301/2748 4511/3321/2768 3383/3322/2769
f 3383/3322/2769 4511/3321/2768 4510/3323/2770 3331/3324/2771
f 3162/3320/2767 4402/3319/2766 4404/3325/2772 3163/3326/2773
f 3263/3327/2774 4485/3328/2775 4486/3329/2776 4487/3330/2777 3202/3331/2778
f 3203/3332/2779 4522/3333/2780 4485/3328/2775 3263/3327/2774
f 3163/3326/2773 4404/3325/2772 4406/3334/2781 3164/3335/2782
f 3334/3336/2783 4527/3337/2784 4539/3338/2785 3385/3339/2786
f 3264/3340/2787 4418/3341/2788 4416/3342/2789 4225/3343/2789
f 3385/3339/2786 4539/3338/2785 4538/3309/2756 3332/3308/2755
f 3205/3344/2790 4400/3345/2791 3952/3346/2792 4418/3341/2788 3264/3340/2787
f 3164/3335/2782 4406/3334/2781 4405/3347/2793 3165/3348/2794
f 3331/3324/2771 4510/3323/2770 4509/3349/2795 3386/3350/2796
f 4229/3351/2797 4343/3352/2797 4490/3317/2764 3200/3316/2763
f 3386/3350/2796 4509/3349/2795 4508/3353/2798 3333/3354/2799
f 3204/3355/2800 4415/3356/2800 4344/3357/2800 3265/3358/2800
f 3165/3348/2794 4405/3347/2793 3942/3359/2801 4399/3360/2802 3166/3361/2803
f 3266/3362/2804 4401/3363/2805 4400/3345/2791 3205/3344/2790
f 3202/3331/2778 4487/3330/2777 4401/3363/2805 3266/3362/2804
f 3166/3361/2803 4399/3360/2802 4398/3364/2806 3167/3365/2807
f 3336/3366/2808 4505/3367/2809 4507/3368/2810 3388/3369/2811
f 3388/3369/2811 4507/3368/2810 4527/3337/2784 3334/3336/2783
f 3167/3365/2807 4398/3364/2806 4397/3370/2812 3144/3371/2813
f 3333/3354/2799 4508/3353/2798 4478/3372/2814 3389/3373/2815
f 3268/3374/2816 4530/3375/2817 4522/3333/2780 3203/3332/2779
f 3389/3373/2815 4478/3372/2814 4477/3376/2818 4476/3377/2819 3335/3378/2820
f 3207/3379/2821 4531/3380/2822 4530/3375/2817 3268/3374/2816
f 3269/3381/2823 4532/3382/2824 4549/3383/2825 3206/3384/2826
f 3168/3385/2827 4529/3386/2828 4544/3387/2829 3217/3388/2830
f 3201/3315/2762 4523/3314/2761 4532/3382/2824 3269/3381/2823
f 3217/3388/2830 4544/3387/2829 4543/3389/2831 3169/3390/2832
f 3338/3391/2833 4465/3392/2834 4469/3393/2835 3391/3394/2836
f 3391/3394/2836 4469/3393/2835 4034/3395/2837 4505/3367/2809 3336/3366/2808
f 3335/3378/2820 4476/3377/2819 4475/3396/2838 3392/3397/2839
f 3271/3398/2840 4545/3399/2841 4531/3380/2822 3207/3379/2821
f 3171/3400/2842 4541/3401/2843 4540/3402/2844 3219/3403/2845
f 3392/3397/2839 4475/3396/2838 4474/3404/2846 3337/3405/2847
f 3209/3406/2848 4546/3407/2849 4545/3399/2841 3271/3398/2840
f 3219/3403/2845 4540/3402/2844 4528/3408/2850 3170/3409/2851
f 3339/3410/2852 4472/3411/2853 4471/3412/2854 4334/3413/2854
f 4255/3414/2855 4345/3415/2855 4422/3416/2855 4257/3417/2855
f 3272/3418/2856 4548/3419/2857 4547/3420/2858 3208/3421/2859
f 3173/3422/2860 4519/3423/2861 4484/3424/2862 4153/3425/2862
f 3393/3426/2863 4470/3427/2863 4468/3428/2863 4336/3429/2863
f 3341/3430/2864 4423/3431/2864 4427/3432/2864 4259/3433/2864
f 3206/3384/2826 4549/3383/2825 4548/3419/2857 3272/3418/2856
f 3220/3434/2865 4483/3435/2865 4481/3436/2865 4155/3437/2865
f 3340/3438/2866 4467/3439/2866 4466/3440/2867 3394/3441/2868
f 3303/3442/2869 4428/3443/2869 4429/3444/2870 3342/3445/2871
f 3172/3446/2872 4482/3447/2872 4521/3448/2873 3221/3449/2874
f 3394/3441/2868 4466/3440/2867 4465/3392/2834 3338/3391/2833
f 3342/3445/2871 4429/3444/2870 4452/3450/2875 3304/3451/2876
f 3221/3449/2874 4521/3448/2873 4529/3386/2828 3168/3385/2827
f 3337/3405/2847 4474/3404/2846 4473/3452/2877 3395/3453/2878
f 3274/3454/2879 4557/3455/2880 4558/3456/2881 4546/3407/2849 3209/3406/2848
f 3170/3409/2851 4528/3408/2850 4520/3457/2882 3222/3458/2883
f 3395/3453/2878 4473/3452/2877 4472/3411/2853 3339/3410/2852
f 3211/3459/2884 4559/3460/2885 4557/3455/2880 3274/3454/2879
f 3222/3458/2883 4520/3457/2882 4519/3423/2861 3173/3422/2860
f 3306/3461/2886 4419/3462/2887 4421/3463/2888 3344/3464/2889
f 3275/3465/2890 4564/3466/2891 4092/3467/2892 4562/3468/2893 3210/3469/2894
f 3344/3464/2889 4421/3463/2888 4346/3470/2895 3305/3471/2895
f 3208/3421/2859 4547/3420/2858 4564/3466/2891 3275/3465/2890
f 3175/3472/2896 4552/3473/2897 4550/3474/2898 3224/3475/2899
f 3224/3475/2899 4550/3474/2898 4551/3476/2900 4541/3401/2843 3171/3400/2842
f 3308/3477/2901 4450/3478/2902 4420/3479/2903 3346/3480/2904
f 3277/3481/2905 4560/3482/2906 4559/3460/2885 3211/3459/2884
f 3169/3390/2832 4543/3389/2831 4542/3483/2907 3225/3484/2908
f 3346/3480/2904 4420/3479/2903 4419/3462/2887 3306/3461/2886
f 3213/3485/2909 4570/3486/2910 4560/3482/2906 3277/3481/2905
f 3225/3484/2908 4542/3483/2907 4084/3487/2911 4555/3488/2912 3174/3489/2913
f 3304/3451/2876 4452/3450/2875 4451/3490/2914 3347/3491/2915
f 3278/3492/2916 4561/3493/2917 4575/3494/2918 3212/3495/2919
f 3347/3491/2915 4451/3490/2914 4449/3496/2920 3307/3497/2921
f 3210/3469/2894 4562/3468/2893 4561/3493/2917 3278/3492/2916
f 4249/3498/2922 4347/3499/2922 4573/3500/2922 4572/3501/2923 3215/3502/2924
f 3177/3503/2925 4567/3504/2926 4553/3505/2927 3227/3506/2928
f 4251/3507/2929 4349/3508/2929 4348/3509/2929 3279/3510/2929
f 3227/3506/2928 4553/3505/2927 4552/3473/2897 3175/3472/2896
f 3310/3511/2930 4493/3512/2931 4492/3513/2932 4491/3514/2933 3349/3515/2934
f 3280/3516/2935 4571/3517/2936 4570/3486/2910 3213/3485/2909
f 3174/3489/2913 4555/3488/2912 4554/3518/2937 3228/3519/2938
f 3349/3515/2934 4491/3514/2933 4450/3478/2902 3308/3477/2901
f 3215/3502/2924 4572/3501/2923 4571/3517/2936 3280/3516/2935
f 3228/3519/2938 4554/3518/2937 4568/3520/2939 3176/3521/2940
f 3307/3497/2921 4449/3496/2920 4448/3522/2941 3350/3523/2942
f 3281/3524/2943 4574/3525/2944 4350/3526/2945 3214/3527/2945
f 3350/3523/2942 4448/3522/2941 4494/3528/2946 3309/3529/2947
f 3212/3495/2919 4575/3494/2918 4574/3525/2944 3281/3524/2943
f 3179/3530/2948 4586/3531/2949 4565/3532/2950 3230/3533/2951
f 3230/3533/2951 4565/3532/2950 4566/3534/2952 4567/3504/2926 3177/3503/2925
f 4273/3535/2953 4351/3536/2953 4524/3537/2954 3352/3538/2955
f 3176/3521/2940 4568/3520/2939 4569/3539/2956 3231/3540/2957
f 3352/3538/2955 4524/3537/2954 4493/3512/2931 3310/3511/2930
f 3231/3540/2957 4569/3539/2956 4119/3541/2958 4589/3542/2959 3178/3543/2960
f 3309/3529/2947 4494/3528/2946 4504/3544/2961 3353/3545/2962
f 3353/3545/2962 4504/3544/2961 4503/3546/2963 3311/3547/2964
f 3181/3548/2965 4579/3549/2966 4583/3550/2910 3233/3551/2967
f 3233/3551/2967 4583/3550/2910 4586/3531/2949 3179/3530/2948
f 3314/3552/2968 4525/3553/2969 4066/3554/2970 4534/3555/2970 4279/3556/2970
f 3178/3543/2960 4589/3542/2959 4588/3557/2971 3234/3558/2972
f 3355/3559/2973 4533/3560/2973 4352/3561/2973 3312/3562/2973
f 3234/3558/2972 4588/3557/2971 4587/3563/2974 3180/3564/2975
f 3311/3547/2964 4503/3546/2963 4502/3565/2976 3356/3566/2977
f 4175/3567/2978 4353/3568/2978 4109/3569/2978 4580/3570/2978 4177/3571/2978
f 3356/3566/2977 4502/3565/2976 4501/3572/2979 3313/3573/2980
f 3235/3574/2981 4581/3575/2981 4578/3576/2981 4179/3577/2981
f 3183/3578/2982 4577/3579/2982 4576/3580/2983 3236/3581/2984
f 3236/3581/2984 4576/3580/2983 4579/3549/2966 3181/3548/2965
f 3316/3582/2985 4497/3583/2986 4499/3584/2987 3358/3585/2988
f 3180/3564/2975 4587/3563/2974 4585/3586/2989 4584/3587/2990 3237/3588/2991
f 3358/3585/2988 4499/3584/2987 4525/3553/2969 3314/3552/2968
f 3237/3588/2991 4584/3587/2990 4354/3589/2992 3182/3590/2992
f 3313/3573/2980 4501/3572/2979 4500/3591/2993 3359/3592/2994
f 3359/3592/2994 4500/3591/2993 4447/3593/2995 3315/3594/2996
f 3239/3595/2997 4393/3596/2998 4394/3597/2999 3185/3598/3000
f 3184/3599/3001 4392/3600/3002 4393/3596/2998 3239/3595/2997
f 3318/3601/3003 4439/3602/3004 4441/3603/3005 3361/3604/3006
f 3361/3604/3006 4441/3603/3005 4498/3605/3007 4497/3583/2986 3316/3582/2985
f 3315/3594/2996 4447/3593/2995 4446/3606/3008 3362/3607/3009
f 3241/3608/3010 4373/3609/3011 4386/3610/3012 3186/3611/3013
f 3362/3607/3009 4446/3606/3008 4445/3612/3014 3317/3613/3015
f 3187/3614/3016 4372/3615/3017 4373/3609/3011 3241/3608/3010
f 4191/3616/3018 4355/3617/3018 3925/3618/3018 4389/3619/3018 4189/3620/3018
f 3189/3621/3019 4387/3622/3020 4356/3623/3021 3242/3624/3021
f 3320/3625/3022 4464/3626/3023 4440/3627/3024 3364/3628/3025
f 3243/3629/3026 4391/3630/3027 4392/3600/3002 3184/3599/3001
f 3364/3628/3025 4440/3627/3024 4439/3602/3004 3318/3601/3003
f 3188/3631/3028 4390/3632/3028 4391/3630/3027 3243/3629/3026
f 3317/3613/3015 4445/3612/3014 4444/3633/3029 3365/3634/3030
f 3244/3635/3031 4385/3636/3032 4387/3622/3020 3189/3621/3019
f 3144/3371/2813 4397/3370/2812 4396/3637/3033 3145/3638/3034
f 3365/3634/3030 4444/3633/3029 4443/3639/3035 3319/3640/3036
f 3186/3611/3013 4386/3610/3012 4385/3636/3032 3244/3635/3031
f 3145/3638/3034 4396/3637/3033 4395/3641/3037 3146/3642/3038
f 3322/3643/3039 4457/3644/3040 4463/3645/3041 3367/3646/3042
f 3246/3647/3043 4374/3648/3044 4370/3649/3045 3906/3650/3045 4372/3615/3017 3187/3614/3016
f 3367/3646/3042 4463/3645/3041 4464/3626/3023 3320/3625/3022
f 3191/3651/3046 4375/3652/3047 4374/3648/3044 3246/3647/3043
f 3146/3642/3038 4395/3641/3037 4408/3653/3048 4409/3654/3048 4410/3655/3049 3147/3656/3050
f 3319/3640/3036 4443/3639/3035 4442/3657/3051 3368/3658/3052
f 3247/3659/3053 4378/3660/3054 3914/3661/3055 4380/3662/3056 3190/3663/3057
f 3368/3658/3052 4442/3657/3051 4461/3664/3058 4298/3665/3058
f 3185/3598/3000 4394/3597/2999 4378/3660/3054 3247/3659/3053
f 3147/3656/3050 4410/3655/3049 4412/3666/3059 3148/3667/3060
f 3148/3667/3060 4412/3666/3059 4411/3668/3061 3149/3669/3062
f 3324/3670/3063 4455/3671/3064 4456/3672/3065 3370/3673/3066
f 3249/3674/3067 4376/3675/3068 4375/3652/3047 3191/3651/3046
f 3370/3673/3066 4456/3672/3065 4457/3644/3040 3322/3643/3039
f 3193/3676/3069 4357/3677/3070 4376/3675/3068 3249/3674/3067
f 3149/3669/3062 4411/3668/3061 4413/3678/3071 3150/3679/3072
f 3321/3680/3073 4460/3681/3073 4458/3682/3073 4302/3683/3073
f 3250/3684/3074 4379/3685/3075 4381/3686/3076 3192/3687/3077
f 3371/3688/3078 4459/3689/3078 4462/3690/3079 3323/3691/3080
f 3190/3663/3057 4380/3662/3056 4379/3685/3075 3250/3684/3074
f 3150/3679/3072 4413/3678/3071 4414/3692/3081 3151/3693/3082
f 3151/3693/3082 4414/3692/3081 4434/3694/3083 4435/3695/3084 3152/3696/3085
f 3326/3255/2708 4454/3254/2707 4453/3697/3086 3373/3698/3087
f 3252/3699/3088 4358/3700/3089 4357/3677/3070 3193/3676/3069
f 3373/3698/3087 4453/3697/3086 4455/3671/3064 3324/3670/3063
f 3195/3252/2705 4359/3251/2704 4358/3700/3089 3252/3699/3088
f 3152/3696/3085 4435/3695/3084 4436/3701/3090 3153/3702/3091
f 3323/3691/3080 4462/3690/3079 4480/3703/3092 3374/3704/3093
f 3253/3705/3094 4383/3706/3095 4384/3273/2726 3194/3272/2725
f 3374/3704/3093 4480/3703/3092 4479/3262/2715 3325/3261/2714
f 3192/3687/3077 4381/3686/3076 3918/3707/3096 4383/3706/3095 3253/3705/3094
f 3153/3702/3091 4436/3701/3090 3971/3708/3097 4437/3240/2693 3154/3239/2692
f 3419/3709/3098 3418/3710/3099 3428/3711/3100 3429/3712/3101
f 3887/3713/3102 3423/3714/3103 3436/3715/3104 3437/3716/3105
f 3420/3717/3106 3419/3709/3098 3429/3712/3101 3430/3718/3107
f 3888/3719/3108 3887/3713/3102 3437/3716/3105 3438/3720/3109
f 3884/3721/3110 3420/3717/3106 3430/3718/3107 3431/3722/3111
f 3414/3723/3112 3733/3724/3113 3424/3725/3114
f 3889/3726/3115 3888/3719/3108 3438/3720/3109
f 3885/3727/3116 3884/3721/3110 3431/3722/3111 3432/3728/3117
f 3415/3729/3118 3414/3723/3112 3424/3725/3114 3425/3730/3119
f 3886/3731/3120 3885/3727/3116 3432/3728/3117 3433/3732/3121
f 3416/3733/3122 3415/3729/3118 3425/3730/3119 3426/3734/3123
f 3421/3735/3124 3886/3731/3120 3433/3732/3121 3434/3736/3125
f 3417/3737/3126 3416/3733/3122 3426/3734/3123 3427/3738/3127
f 3422/3739/3128 3421/3735/3124 3434/3736/3125 3435/3740/3129
f 3418/3710/3099 3417/3737/3126 3427/3738/3127 3428/3711/3100
f 3423/3714/3103 3422/3739/3128 3435/3740/3129 3436/3715/3104
f 3428/3711/3100 3427/3738/3127 3442/3741/3130 3443/3742/3131
f 3436/3715/3104 3435/3740/3129 3450/3743/3132 3451/3744/3133
f 3429/3712/3101 3428/3711/3100 3443/3742/3131 3444/3745/3134
f 3437/3716/3105 3436/3715/3104 3451/3744/3133 3452/3746/3135
f 3430/3718/3107 3429/3712/3101 3444/3745/3134 3445/3747/3136
f 3438/3720/3109 3437/3716/3105 3452/3746/3135 3453/3748/3137
f 3431/3722/3111 3430/3718/3107 3445/3747/3136 3446/3749/3138
f 3424/3725/3114 3733/3724/3113 3439/3750/3139
f 3889/3726/3115 3438/3720/3109 3453/3748/3137
f 3432/3728/3117 3431/3722/3111 3446/3749/3138 3447/3751/3140
f 3425/3730/3119 3424/3725/3114 3439/3750/3139 3440/3752/3141
f 3433/3732/3121 3432/3728/3117 3447/3751/3140 3448/3753/3142
f 3426/3734/3123 3425/3730/3119 3440/3752/3141 3441/3754/3143
f 3434/3736/3125 3433/3732/3121 3448/3753/3142 3449/3755/3144
f 3427/3738/3127 3426/3734/3123 3441/3754/3143 3442/3741/3130
f 3435/3740/3129 3434/3736/3125 3449/3755/3144 3450/3743/3132
f 3447/3751/3140 3446/3749/3138 3461/3756/3145 3462/3757/3146
f 3440/3752/3141 3439/3750/3139 3454/3758/3147 3455/3759/3148
f 3448/3753/3142 3447/3751/3140 3462/3757/3146 3463/3760/3149
f 3441/3754/3143 3440/3752/3141 3455/3759/3148 3456/3761/3150
f 3449/3755/3144 3448/3753/3142 3463/3760/3149 3464/3762/3151
f 3442/3741/3130 3441/3754/3143 3456/3761/3150 3457/3763/3152
f 3450/3743/3132 3449/3755/3144 3464/3762/3151 3465/3764/3153
f 3443/3742/3131 3442/3741/3130 3457/3763/3152 3458/3765/3154
f 3451/3744/3133 3450/3743/3132 3465/3764/3153 3466/3766/3155
f 3444/3745/3134 3443/3742/3131 3458/3765/3154 3459/3767/3156
f 3452/3746/3135 3451/3744/3133 3466/3766/3155 3467/3768/3157
f 3445/3747/3136 3444/3745/3134 3459/3767/3156 3460/3769/3158
f 3453/3748/3137 3452/3746/3135 3467/3768/3157 3468/3770/3159
f 3446/3749/3138 3445/3747/3136 3460/3769/3158 3461/3756/3145
f 3439/3750/3139 3733/3724/3113 3454/3758/3147
f 3889/3726/3115 3453/3748/3137 3468/3770/3159
f 3466/3766/3155 3465/3764/3153 3480/3771/3160 3481/3772/3161
f 3459/3767/3156 3458/3765/3154 3473/3773/3162 3474/3774/3163
f 3467/3768/3157 3466/3766/3155 3481/3772/3161 3482/3775/3164
f 3460/3769/3158 3459/3767/3156 3474/3774/3163 3475/3776/3165
f 3468/3770/3159 3467/3768/3157 3482/3775/3164 3483/3777/3166
f 3461/3756/3145 3460/3769/3158 3475/3776/3165 3476/3778/3167
f 3454/3758/3147 3733/3724/3113 3469/3779/3168
f 3889/3726/3115 3468/3770/3159 3483/3777/3166
f 3462/3757/3146 3461/3756/3145 3476/3778/3167 3477/3780/3169
f 3455/3759/3148 3454/3758/3147 3469/3779/3168 3470/3781/3170
f 3463/3760/3149 3462/3757/3146 3477/3780/3169 3478/3782/3171
f 3456/3761/3150 3455/3759/3148 3470/3781/3170 3471/3783/3172
f 3464/3762/3151 3463/3760/3149 3478/3782/3171 3479/3784/3173
f 3457/3763/3152 3456/3761/3150 3471/3783/3172 3472/3785/3174
f 3465/3764/3153 3464/3762/3151 3479/3784/3173 3480/3771/3160
f 3458/3765/3154 3457/3763/3152 3472/3785/3174 3473/3773/3162
f 3470/3781/3170 3469/3779/3168 3484/3786/3175 3485/3787/3176
f 3478/3782/3171 3477/3780/3169 3492/3788/3177 3493/3789/3178
f 3471/3783/3172 3470/3781/3170 3485/3787/3176 3486/3790/3179
f 3479/3784/3173 3478/3782/3171 3493/3789/3178 3494/3791/3180
f 3472/3785/3174 3471/3783/3172 3486/3790/3179 3487/3792/3181
f 3480/3771/3160 3479/3784/3173 3494/3791/3180 3495/3793/3182
f 3473/3773/3162 3472/3785/3174 3487/3792/3181 3488/3794/3183
f 3481/3772/3161 3480/3771/3160 3495/3793/3182 3496/3795/3184
f 3474/3774/3163 3473/3773/3162 3488/3794/3183 3489/3796/3185
f 3482/3775/3164 3481/3772/3161 3496/3795/3184 3497/3797/3186
f 3475/3776/3165 3474/3774/3163 3489/3796/3185 3490/3798/3187
f 3483/3777/3166 3482/3775/3164 3497/3797/3186 3498/3799/3188
f 3476/3778/3167 3475/3776/3165 3490/3798/3187 3491/3800/3189
f 3469/3779/3168 3733/3724/3113 3484/3786/3175
f 3889/3726/3115 3483/3777/3166 3498/3799/3188
f 3477/3780/3169 3476/3778/3167 3491/3800/3189 3492/3788/3177
f 3489/3796/3185 3488/3794/3183 3503/3801/3190 3504/3802/3191
f 3497/3797/3186 3496/3795/3184 3511/3803/3192 3512/3804/3193
f 3490/3798/3187 3489/3796/3185 3504/3802/3191 3505/3805/3194
f 3498/3799/3188 3497/3797/3186 3512/3804/3193 3513/3806/3195
f 3491/3800/3189 3490/3798/3187 3505/3805/3194 3506/3807/3196
f 3484/3786/3175 3733/3724/3113 3499/3808/3197
f 3889/3726/3115 3498/3799/3188 3513/3806/3195
f 3492/3788/3177 3491/3800/3189 3506/3807/3196 3507/3809/3198
f 3485/3787/3176 3484/3786/3175 3499/3808/3197 3500/3810/3199
f 3493/3789/3178 3492/3788/3177 3507/3809/3198 3508/3811/3200
f 3486/3790/3179 3485/3787/3176 3500/3810/3199 3501/3812/3201
f 3494/3791/3180 3493/3789/3178 3508/3811/3200 3509/3813/3202
f 3487/3792/3181 3486/3790/3179 3501/3812/3201 3502/3814/3203
f 3495/3793/3182 3494/3791/3180 3509/3813/3202 3510/3815/3204
f 3488/3794/3183 3487/3792/3181 3502/3814/3203 3503/3801/3190
f 3496/3795/3184 3495/3793/3182 3510/3815/3204 3511/3803/3192
f 3508/3811/3200 3507/3809/3198 3522/3816/3205 3523/3817/3206
f 3501/3812/3201 3500/3810/3199 3515/3818/3207 3516/3819/3208
f 3509/3813/3202 3508/3811/3200 3523/3817/3206 3524/3820/3209
f 3502/3814/3203 3501/3812/3201 3516/3819/3208 3517/3821/3210
f 3510/3815/3204 3509/3813/3202 3524/3820/3209 3525/3822/3211
f 3503/3801/3190 3502/3814/3203 3517/3821/3210 3518/3823/3212
f 3511/3803/3192 3510/3815/3204 3525/3822/3211 3526/3824/3213
f 3504/3802/3191 3503/3801/3190 3518/3823/3212 3519/3825/3214
f 3512/3804/3193 3511/3803/3192 3526/3824/3213 3527/3826/3215
f 3505/3805/3194 3504/3802/3191 3519/3825/3214 3520/3827/3216
f 3513/3806/3195 3512/3804/3193 3527/3826/3215 3528/3828/3217
f 3506/3807/3196 3505/3805/3194 3520/3827/3216 3521/3829/3218
f 3499/3808/3197 3733/3724/3113 3514/3830/3219
f 3889/3726/3115 3513/3806/3195 3528/3828/3217
f 3507/3809/3198 3506/3807/3196 3521/3829/3218 3522/3816/3205
f 3500/3810/3199 3499/3808/3197 3514/3830/3219 3515/3818/3207
f 3527/3826/3215 3526/3824/3213 3541/3831/3220 3542/3832/3221
f 3520/3827/3216 3519/3825/3214 3534/3833/3222 3535/3834/3223
f 3528/3828/3217 3527/3826/3215 3542/3832/3221 3543/3835/3224
f 3521/3829/3218 3520/3827/3216 3535/3834/3223 3536/3836/3225
f 3514/3830/3219 3733/3724/3113 3529/3837/3226
f 3889/3726/3115 3528/3828/3217 3543/3835/3224
f 3522/3816/3205 3521/3829/3218 3536/3836/3225 3537/3838/3227
f 3515/3818/3207 3514/3830/3219 3529/3837/3226 3530/3839/3228
f 3523/3817/3206 3522/3816/3205 3537/3838/3227 3538/3840/3229
f 3516/3819/3208 3515/3818/3207 3530/3839/3228 3531/3841/3230
f 3524/3820/3209 3523/3817/3206 3538/3840/3229 3539/3842/3231
f 3517/3821/3210 3516/3819/3208 3531/3841/3230 3532/3843/3232
f 3525/3822/3211 3524/3820/3209 3539/3842/3231 3540/3844/3233
f 3518/3823/3212 3517/3821/3210 3532/3843/3232 3533/3845/3234
f 3526/3824/3213 3525/3822/3211 3540/3844/3233 3541/3831/3220
f 3519/3825/3214 3518/3823/3212 3533/3845/3234 3534/3833/3222
f 3539/3846/3231 3538/3847/3229 3553/3848/3235 3554/3849/3236
f 3532/3850/3232 3531/3851/3230 3546/3852/3237 3547/3853/3238
f 3540/3854/3233 3539/3846/3231 3554/3849/3236 3555/3855/3239
f 3533/3856/3234 3532/3850/3232 3547/3853/3238 3548/3857/3240
f 3541/3858/3220 3540/3854/3233 3555/3855/3239 3556/3859/3241
f 3534/3860/3222 3533/3856/3234 3548/3857/3240 3549/3861/3242
f 3542/3862/3221 3541/3858/3220 3556/3859/3241 3557/3863/3243
f 3535/3864/3223 3534/3860/3222 3549/3861/3242 3550/3865/3244
f 3543/3866/3224 3542/3862/3221 3557/3863/3243 3558/3867/3245
f 3536/3868/3225 3535/3864/3223 3550/3865/3244 3551/3869/3246
f 3529/3870/3226 3733/3871/3113 3544/3872/3247
f 3889/3873/3115 3543/3866/3224 3558/3867/3245
f 3537/3874/3227 3536/3868/3225 3551/3869/3246 3552/3875/3248
f 3530/3876/3228 3529/3870/3226 3544/3872/3247 3545/3877/3249
f 3538/3847/3229 3537/3874/3227 3552/3875/3248 3553/3848/3235
f 3531/3851/3230 3530/3876/3228 3545/3877/3249 3546/3852/3237
f 3558/3867/3245 3557/3863/3243 3572/3878/3250 3573/3879/3251
f 3551/3869/3246 3550/3865/3244 3565/3880/3252 3566/3881/3253
f 3544/3872/3247 3733/3871/3113 3559/3882/3254
f 3889/3873/3115 3558/3867/3245 3573/3879/3251
f 3552/3875/3248 3551/3869/3246 3566/3881/3253 3567/3883/3255
f 3545/3877/3249 3544/3872/3247 3559/3882/3254 3560/3884/3256
f 3553/3848/3235 3552/3875/3248 3567/3883/3255 3568/3885/3257
f 3546/3852/3237 3545/3877/3249 3560/3884/3256 3561/3886/3258
f 3554/3849/3236 3553/3848/3235 3568/3885/3257 3569/3887/3259
f 3547/3853/3238 3546/3852/3237 3561/3886/3258 3562/3888/3260
f 3555/3855/3239 3554/3849/3236 3569/3887/3259 3570/3889/3261
f 3548/3857/3240 3547/3853/3238 3562/3888/3260 3563/3890/3262
f 3556/3859/3241 3555/3855/3239 3570/3889/3261 3571/3891/3263
f 3549/3861/3242 3548/3857/3240 3563/3890/3262 3564/3892/3264
f 3557/3863/3243 3556/3859/3241 3571/3891/3263 3572/3878/3250
f 3550/3865/3244 3549/3861/3242 3564/3892/3264 3565/3880/3252
f 3562/3888/3260 3561/3886/3258 3576/3893/3265 3577/3894/3266
f 3570/3889/3261 3569/3887/3259 3584/3895/3267 3585/3896/3268
f 3563/3890/3262 3562/3888/3260 3577/3894/3266 3578/3897/3269
f 3571/3891/3263 3570/3889/3261 3585/3896/3268 3586/3898/3270
f 3564/3892/3264 3563/3890/3262 3578/3897/3269 3579/3899/3271
f 3572/3878/3250 3571/3891/3263 3586/3898/3270 3587/3900/3272
f 3565/3880/3252 3564/3892/3264 3579/3899/3271 3580/3901/3273
f 3573/3879/3251 3572/3878/3250 3587/3900/3272 3588/3902/3274
f 3566/3881/3253 3565/3880/3252 3580/3901/3273 3581/3903/3275
f 3559/3882/3254 3733/3871/3113 3574/3904/3276
f 3889/3873/3115 3573/3879/3251 3588/3902/3274
f 3567/3883/3255 3566/3881/3253 3581/3903/3275 3582/3905/3277
f 3560/3884/3256 3559/3882/3254 3574/3904/3276 3575/3906/3278
f 3568/3885/3257 3567/3883/3255 3582/3905/3277 3583/3907/3279
f 3561/3886/3258 3560/3884/3256 3575/3906/3278 3576/3893/3265
f 3569/3887/3259 3568/3885/3257 3583/3907/3279 3584/3895/3267
f 3581/3903/3275 3580/3901/3273 3595/3908/3280 3596/3909/3281
f 3574/3904/3276 3733/3871/3113 3589/3910/3282
f 3889/3873/3115 3588/3902/3274 3603/3911/3283
f 3582/3905/3277 3581/3903/3275 3596/3909/3281 3597/3912/3284
f 3575/3906/3278 3574/3904/3276 3589/3910/3282 3590/3913/3285
f 3583/3907/3279 3582/3905/3277 3597/3912/3284 3598/3914/3286
f 3576/3893/3265 3575/3906/3278 3590/3913/3285 3591/3915/3287
f 3584/3895/3267 3583/3907/3279 3598/3914/3286 3599/3916/3288
f 3577/3894/3266 3576/3893/3265 3591/3915/3287 3592/3917/3289
f 3585/3896/3268 3584/3895/3267 3599/3916/3288 3600/3918/3290
f 3578/3897/3269 3577/3894/3266 3592/3917/3289 3593/3919/3291
f 3586/3898/3270 3585/3896/3268 3600/3918/3290 3601/3920/3292
f 3579/3899/3271 3578/3897/3269 3593/3919/3291 3594/3921/3293
f 3587/3900/3272 3586/3898/3270 3601/3920/3292 3602/3922/3294
f 3580/3901/3273 3579/3899/3271 3594/3921/3293 3595/3908/3280
f 3588/3902/3274 3587/3900/3272 3602/3922/3294 3603/3911/3283
f 3600/3918/3290 3599/3916/3288 3614/3923/3295 3615/3924/3296
f 3593/3919/3291 3592/3917/3289 3607/3925/3297 3608/3926/3298
f 3601/3920/3292 3600/3918/3290 3615/3924/3296 3616/3927/3299
f 3594/3921/3293 3593/3919/3291 3608/3926/3298 3609/3928/3300
f 3602/3922/3294 3601/3920/3292 3616/3927/3299 3617/3929/3301
f 3595/3908/3280 3594/3921/3293 3609/3928/3300 4094/3930/3302 4093/3931/3303 4116/3932/3303 4114/3933/3303 4110/3934/3303 4107/3935/3303 4106/3936/3303 4108/3937/3303 4582/3938/3304
f 3603/3911/3283 3602/3922/3294 3617/3929/3301 3618/3939/3305
f 3596/3909/3281 3595/3908/3280 4582/3938/3304 4111/3940/3306 4112/3941/3306 4113/3942/3307 3610/3943/3308 3611/3944/3309
f 3589/3910/3282 3733/3871/3113 3604/3945/3310
f 3889/3873/3115 3603/3911/3283 3618/3939/3305
f 3597/3912/3284 3596/3909/3281 3611/3944/3309 3612/3946/3311
f 3590/3913/3285 3589/3910/3282 3604/3945/3310 3605/3947/3312
f 3598/3914/3286 3597/3912/3284 3612/3946/3311 3613/3948/3313
f 3591/3915/3287 3590/3913/3285 3605/3947/3312 3606/3949/3314
f 3599/3916/3288 3598/3914/3286 3613/3948/3313 3614/3923/3295
f 3592/3917/3289 3591/3915/3287 3606/3949/3314 3607/3925/3297
f 3604/3945/3310 3733/3871/3113 3619/3950/3315
f 3889/3873/3115 3618/3939/3305 3632/3951/3316
f 3612/3946/3311 3611/3944/3309 4101/3952/3317 4102/3953/3318 4103/3954/3318 4104/3955/3318 4105/3956/3318 4089/3957/3318 4090/3958/3318 4563/3959/3319 3626/3960/3320
f 3605/3947/3312 3604/3945/3310 3619/3950/3315 3620/3961/3321
f 3613/3948/3313 3612/3946/3311 3626/3960/3320 3627/3962/3322
f 3606/3949/3314 3605/3947/3312 3620/3961/3321 3621/3963/3323
f 3614/3923/3295 3613/3948/3313 3627/3962/3322 3628/3964/3324
f 3607/3925/3297 3606/3949/3314 3621/3963/3323 3622/3965/3325
f 3615/3924/3296 3614/3923/3295 3628/3964/3324 3629/3966/3326
f 3608/3926/3298 3607/3925/3297 3622/3965/3325 3623/3967/3327
f 3616/3927/3299 3615/3924/3296 3629/3966/3326 3630/3968/3328
f 3609/3928/3300 3608/3926/3298 3623/3967/3327 3624/3969/3329
f 3617/3929/3301 3616/3927/3299 3630/3968/3328 3631/3970/3330
f 3610/3943/3308 4590/3971/3331 4096/3972/3332 4097/3973/3332 4082/3974/3332 4083/3975/3332 4556/3976/3333 3625/3977/3334
f 3618/3939/3305 3617/3929/3301 3631/3970/3330 3632/3951/3316
f 3611/3944/3309 3610/3943/3308 3625/3977/3334 4086/3978/3335 4085/3979/3336 4088/3980/3336 4087/3981/3336 4099/3982/3336 4098/3983/3336 4100/3984/3336 4101/3952/3317
f 3623/3967/3327 3622/3965/3325 3636/3985/3337 3637/3986/3338
f 3630/3968/3328 3629/3966/3326 4035/3987/3339 4506/3988/3340 3642/3989/3341
f 3624/3969/3329 3623/3967/3327 3637/3986/3338 3638/3990/3342
f 3631/3970/3330 3630/3968/3328 3642/3989/3341 3643/3991/3343
f 3625/3977/3334 4556/3976/3333 4070/3992/3344 4071/3993/3344 4072/3994/3344 4058/3995/3344 4049/3996/3344 4012/3997/3344 4013/3998/3344 4048/3999/3344 4047/4000/3344 4057/4001/3344 4069/4002/3344 4068/4003/3344 4079/4004/3345 3624/3969/3329 3638/3990/3342 3639/4005/3346
f 3632/3951/3316 3631/3970/3330 3643/3991/3343 3644/4006/3347
f 3619/3950/3315 3733/3871/3113 3633/4007/3348
f 3889/3873/3115 3632/3951/3316 3644/4006/3347
f 3626/3960/3320 4563/3959/3319 4091/4008/3349 4075/4009/3349 4076/4010/3349 4077/4011/3349 4061/4012/3349 4051/4013/3349 4017/4014/3349 4489/4015/3350 3640/4016/3351
f 3620/3961/3321 3619/3950/3315 3633/4007/3348 3634/4017/3352
f 3627/3962/3322 3626/3960/3320 3640/4016/3351 4022/4018/3353 4021/4019/3354 4052/4020/3354 4062/4021/3354 4063/4022/3354 4537/4023/3355
f 3621/3963/3323 3620/3961/3321 3634/4017/3352 3635/4024/3356
f 3628/3964/3324 3627/3962/3322 4537/4023/3355 4053/4025/3357 4028/4026/3357 4027/4027/3357 4026/4028/3358 4025/4029/3359 4024/4030/3357 4514/4031/3360
f 3622/3965/3325 3621/3963/3323 3635/4024/3356 3636/3985/3337
f 3629/3966/3326 3628/3964/3324 4514/4031/3360 4043/4032/3361 4054/4033/3361 4065/4034/3361 4064/4035/3361 4067/4036/3361 4056/4037/3361 4055/4038/3361 4036/4039/3361 4035/3987/3339
f 3640/4016/3351 4489/4015/3350 4019/4040/3362 3950/4041/3362 3951/4042/3362 3953/4043/3362 4417/4044/3363 3652/4045/3364 3653/4046/3365
f 3634/4017/3352 3633/4007/3348 3645/4047/3366 3646/4048/3367
f 3641/4049/3368 4033/4050/3369 4023/4051/3370 3981/4052/3370 3982/4053/3371 4120/4054/3372
f 3635/4024/3356 3634/4017/3352 3646/4048/3367 3647/4055/3373
f 3636/3985/3337 3635/4024/3356 3647/4055/3373 3648/4056/3374
f 3637/3986/3338 3636/3985/3337 3648/4056/3374 3649/4057/3375
f 3642/3989/3341 4506/3988/3340 4001/4058/3376 3999/4059/3376 3997/4060/3376 3998/4061/3376 4000/4062/3376 4002/4063/3376 4003/4064/3377 3656/4065/3378 3657/4066/3379
f 3638/3990/3342 3637/3986/3338 3649/4057/3375 3650/4067/3380
f 3643/3991/3343 3642/3989/3341 3657/4066/3379 3658/4068/3381
f 3639/4005/3346 3638/3990/3342 3650/4067/3380 3651/4069/3382
f 3644/4006/3347 3643/3991/3343 3658/4068/3381 3659/4070/3383
f 3633/4007/3348 3733/3871/3113 3645/4047/3366
f 3889/3873/3115 3644/4006/3347 3659/4070/3383
f 3657/4066/3379 3656/4065/3378 3671/4071/3384 3672/4072/3385
f 3650/4067/3380 3649/4057/3375 3664/4073/3386 3665/4074/3387
f 3658/4068/3381 3657/4066/3379 3672/4072/3385 3673/4075/3388
f 3651/4069/3382 3650/4067/3380 3665/4074/3387 3666/4076/3389
f 3659/4070/3383 3658/4068/3381 3673/4075/3388 3674/4077/3390
f 3652/4045/3364 3651/4069/3382 3666/4076/3389 3667/4078/3391
f 3645/4047/3366 3733/3871/3113 3660/4079/3392
f 3889/3873/3115 3659/4070/3383 3674/4077/3390
f 3653/4046/3365 3652/4045/3364 3667/4078/3391 3668/4080/3393
f 3646/4048/3367 3645/4047/3366 3660/4079/3392 3661/4081/3394
f 3654/4082/3395 3653/4046/3365 3668/4080/3393 3669/4083/3396
f 3647/4055/3373 3646/4048/3367 3661/4081/3394 3662/4084/3397
f 3655/4085/3398 3654/4082/3395 3669/4083/3396 3670/4086/3399
f 3648/4056/3374 3647/4055/3373 3662/4084/3397 3663/4087/3400
f 3656/4065/3378 3655/4085/3398 3670/4086/3399 3671/4071/3384
f 3649/4057/3375 3648/4056/3374 3663/4087/3400 3664/4073/3386
f 3669/4083/3396 3668/4080/3393 3682/4088/3401 3683/4089/3402
f 3662/4084/3397 3661/4081/3394 3676/4090/3403 3677/4091/3404
f 3670/4086/3399 3669/4083/3396 3683/4089/3402 3684/4092/3405
f 3663/4087/3400 3662/4084/3397 3677/4091/3404 3678/4093/3406
f 3671/4071/3384 3670/4086/3399 3684/4092/3405 3685/4094/3407
f 3664/4073/3386 3663/4087/3400 3678/4093/3406 3679/4095/3408
f 3672/4072/3385 3671/4071/3384 3685/4094/3407 3686/4096/3409
f 3665/4074/3387 3664/4073/3386 3679/4095/3408 3680/4097/3410
f 3673/4075/3388 3672/4072/3385 3686/4096/3409 3687/4098/3411
f 3666/4076/3389 3665/4074/3387 3680/4097/3410 3681/4099/3412 3943/4100/3413 3930/4101/3414 3931/4102/3414 3932/4103/3414 3933/4104/3414 3934/4105/3414 4407/4106/3415
f 3674/4077/3390 3673/4075/3388 3687/4098/3411 3688/4107/3416
f 3667/4078/3391 3666/4076/3389 4407/4106/3415 3941/4108/3417 3940/4109/3417 3938/4110/3417 3937/4111/3417 3939/4112/3417 4424/4113/3418
f 3660/4079/3392 3733/3871/3113 3675/4114/3419
f 3889/3873/3115 3674/4077/3390 3688/4107/3416
f 3668/4080/3393 3667/4078/3391 4424/4113/3418 3960/4115/3420 3961/4116/3420 3967/4117/3420 3966/4118/3420 3965/4119/3420 3964/4120/3420 3972/4121/3420 4438/4122/3421 3682/4088/3401
f 3661/4081/3394 3660/4079/3392 3675/4114/3419 3676/4090/3403
f 3687/4098/3411 3686/4096/3409 3701/4123/3422 3702/4124/3423
f 3681/4099/3412 3680/4097/3410 3694/4125/3424 3695/4126/3425
f 3688/4107/3416 3687/4098/3411 3702/4124/3423 3703/4127/3426
f 3675/4114/3419 3733/3871/3113 3689/4128/3427
f 3889/3873/3115 3688/4107/3416 3703/4127/3426
f 3682/4088/3401 4438/4122/3421 3970/4129/3428 3968/4130/3428 3969/4131/3429 3696/4132/3430 3697/4133/3431
f 3676/4090/3403 3675/4114/3419 3689/4128/3427 3690/4134/3432
f 3683/4089/3402 3682/4088/3401 3697/4133/3431 3698/4135/3433
f 3677/4091/3404 3676/4090/3403 3690/4134/3432 3691/4136/3434
f 3684/4092/3405 3683/4089/3402 3698/4135/3433 3699/4137/3435
f 3678/4093/3406 3677/4091/3404 3691/4136/3434 3692/4138/3436
f 3685/4094/3407 3684/4092/3405 3699/4137/3435 3700/4139/3437
f 3679/4095/3408 3678/4093/3406 3692/4138/3436 3693/4140/3438 3896/4141/3439 3895/4142/3440 3897/4143/3440 3898/4144/3440 4366/4145/3441
f 3686/4096/3409 3685/4094/3407 3700/4139/3437 3701/4123/3422
f 3680/4097/3410 3679/4095/3408 4366/4145/3441 3902/4146/3442 3903/4147/3442 3904/4148/3442 3901/4149/3442 3900/4150/3442 3919/4151/3442 3917/4152/3442 4382/4153/3443 3694/4125/3424
f 3691/4136/3434 3690/4134/3432 3705/4154/3444 3706/4155/3445
f 3699/4137/3435 3698/4135/3433 3712/4156/3446 3713/4157/3447
f 3692/4138/3436 3691/4136/3434 3706/4155/3445 3707/4158/3448
f 3700/4139/3437 3699/4137/3435 3713/4157/3447 3714/4159/3449
f 3693/4140/3438 3692/4138/3436 3707/4158/3448 3708/4160/3450
f 3701/4123/3422 3700/4139/3437 3714/4159/3449 3715/4161/3451
f 3694/4125/3424 4382/4153/3443 3916/4162/3452 3915/4163/3452 3913/4164/3452 4377/4165/3453
f 3702/4124/3423 3701/4123/3422 3715/4161/3451 3716/4166/3454
f 3695/4126/3425 3694/4125/3424 4377/4165/3453 3912/4167/3455 3929/4168/3455 3928/4169/3455 3927/4170/3455 3926/4171/3455 3924/4172/3455 4388/4173/3456 3709/4174/3457
f 3703/4127/3426 3702/4124/3423 3716/4166/3454 3717/4175/3458
f 3696/4132/3430 3695/4126/3425 3709/4174/3457 3710/4176/3459
f 3689/4128/3427 3733/3871/3113 3704/4177/3460
f 3889/3873/3115 3703/4127/3426 3717/4175/3458
f 3697/4133/3431 3696/4132/3430 3710/4176/3459 3711/4178/3461
f 3690/4134/3432 3689/4128/3427 3704/4177/3460 3705/4154/3444
f 3698/4135/3433 3697/4133/3431 3711/4178/3461 3712/4156/3446
f 3709/4174/3457 4388/4173/3456 3923/4179/3462 3922/4180/3462 3921/4181/3462 3920/4182/3462 3905/4183/3462 3907/4184/3462 4371/4185/3463 3723/4186/3464 3724/4187/3465
f 3717/4175/3458 3716/4166/3454 3731/4188/3466 3732/4189/3467
f 3710/4176/3459 3709/4174/3457 3724/4187/3465 3725/4190/3468
f 3704/4177/3460 3733/3871/3113 3718/4191/3469
f 3889/3873/3115 3717/4175/3458 3732/4189/3467
f 3711/4178/3461 3710/4176/3459 3725/4190/3468 3726/4192/3470
f 3705/4154/3444 3704/4177/3460 3718/4191/3469 3719/4193/3471
f 3712/4156/3446 3711/4178/3461 3726/4192/3470 3727/4194/3472
f 3706/4155/3445 3705/4154/3444 3719/4193/3471 3720/4195/3473
f 3713/4157/3447 3712/4156/3446 3727/4194/3472 3728/4196/3474
f 3707/4158/3448 3706/4155/3445 3720/4195/3473 3721/4197/3475
f 3714/4159/3449 3713/4157/3447 3728/4196/3474 3729/4198/3476
f 3708/4160/3450 3707/4158/3448 3721/4197/3475 3722/4199/3477
f 3715/4161/3451 3714/4159/3449 3729/4198/3476 3730/4200/3478
f 3716/4166/3454 3715/4161/3451 3730/4200/3478 3731/4188/3466
f 3728/4196/3474 3727/4194/3472 3743/4201/3479 3744/4202/3480
f 3721/4197/3475 3720/4195/3473 3736/4203/3481 3737/4204/3482
f 3729/4198/3476 3728/4196/3474 3744/4202/3480 3745/4205/3483
f 3722/4199/3477 3721/4197/3475 3737/4204/3482 3738/4206/3484
f 3730/4200/3478 3729/4198/3476 3745/4205/3483 3746/4207/3485
f 3723/4186/3464 3722/4199/3477 3738/4206/3484 3739/4208/3486
f 3731/4188/3466 3730/4200/3478 3746/4207/3485 3747/4209/3487
f 3724/4187/3465 3723/4186/3464 3739/4208/3486 3740/4210/3488
f 3732/4189/3467 3731/4188/3466 3747/4209/3487 3748/4211/3489
f 3725/4190/3468 3724/4187/3465 3740/4210/3488 3741/4212/3490
f 3718/4191/3469 3733/3871/3113 3734/4213/3491
f 3889/3873/3115 3732/4189/3467 3748/4211/3489
f 3726/4192/3470 3725/4190/3468 3741/4212/3490 3742/4214/3492
f 3719/4193/3471 3718/4191/3469 3734/4213/3491 3735/4215/3493
f 3727/4194/3472 3726/4192/3470 3742/4214/3492 3743/4201/3479
f 3720/4195/3473 3719/4193/3471 3735/4215/3493 3736/4203/3481
f 3748/4211/3489 3747/4209/3487 3762/4216/3494 3763/4217/3495
f 3741/4212/3490 3740/4210/3488 3755/4218/3496 3756/4219/3497
f 3734/4213/3491 3733/3871/3113 3749/4220/3498
f 3889/3873/3115 3748/4211/3489 3763/4217/3495
f 3742/4214/3492 3741/4212/3490 3756/4219/3497 3757/4221/3499
f 3735/4215/3493 3734/4213/3491 3749/4220/3498 3750/4222/3500
f 3743/4201/3479 3742/4214/3492 3757/4221/3499 3758/4223/3501
f 3736/4203/3481 3735/4215/3493 3750/4222/3500 3751/4224/3502
f 3744/4202/3480 3743/4201/3479 3758/4223/3501 3759/4225/3503
f 3737/4204/3482 3736/4203/3481 3751/4224/3502 3752/4226/3504
f 3745/4205/3483 3744/4202/3480 3759/4225/3503 3760/4227/3505
f 3738/4206/3484 3737/4204/3482 3752/4226/3504 3753/4228/3506
f 3746/4207/3485 3745/4205/3483 3760/4227/3505 3761/4229/3507
f 3739/4208/3486 3738/4206/3484 3753/4228/3506 3754/4230/3508
f 3747/4209/3487 3746/4207/3485 3761/4229/3507 3762/4216/3494
f 3740/4210/3488 3739/4208/3486 3754/4230/3508 3755/4218/3496
f 3752/4226/3504 3751/4224/3502 3766/4231/3509 3767/4232/3510
f 3760/4227/3505 3759/4225/3503 3774/4233/3511 3775/4234/3512
f 3753/4228/3506 3752/4226/3504 3767/4232/3510 3768/4235/3513
f 3761/4229/3507 3760/4227/3505 3775/4234/3512 3776/4236/3514
f 3754/4230/3508 3753/4228/3506 3768/4235/3513 3769/4237/3515
f 3762/4216/3494 3761/4229/3507 3776/4236/3514 3777/4238/3516
f 3755/4218/3496 3754/4230/3508 3769/4237/3515 3770/4239/3517
f 3763/4217/3495 3762/4216/3494 3777/4238/3516 3778/4240/3518
f 3756/4219/3497 3755/4218/3496 3770/4239/3517 3771/4241/3519
f 3749/4220/3498 3733/3871/3113 3764/4242/3520
f 3889/3873/3115 3763/4217/3495 3778/4240/3518
f 3757/4221/3499 3756/4219/3497 3771/4241/3519 3772/4243/3521
f 3750/4222/3500 3749/4220/3498 3764/4242/3520 3765/4244/3522
f 3758/4223/3501 3757/4221/3499 3772/4243/3521 3773/4245/3523
f 3751/4224/3502 3750/4222/3500 3765/4244/3522 3766/4231/3509
f 3759/4225/3503 3758/4223/3501 3773/4245/3523 3774/4233/3511
f 3771/4246/3519 3770/4247/3517 3785/4248/3524 3786/4249/3525
f 3764/4250/3520 3733/3724/3113 3779/4251/3526
f 3889/3726/3115 3778/4252/3518 3793/4253/3527
f 3772/4254/3521 3771/4246/3519 3786/4249/3525 3787/4255/3528
f 3765/4256/3522 3764/4250/3520 3779/4251/3526 3780/4257/3529
f 3773/4258/3523 3772/4254/3521 3787/4255/3528 3788/4259/3530
f 3766/4260/3509 3765/4256/3522 3780/4257/3529 3781/4261/3531
f 3774/4262/3511 3773/4258/3523 3788/4259/3530 3789/4263/3532
f 3767/4264/3510 3766/4260/3509 3781/4261/3531 3782/4265/3533
f 3775/4266/3512 3774/4262/3511 3789/4263/3532 3790/4267/3534
f 3768/4268/3513 3767/4264/3510 3782/4265/3533 3783/4269/3535
f 3776/4270/3514 3775/4266/3512 3790/4267/3534 3791/4271/3536
f 3769/4272/3515 3768/4268/3513 3783/4269/3535 3784/4273/3537
f 3777/4274/3516 3776/4270/3514 3791/4271/3536 3792/4275/3538
f 3770/4247/3517 3769/4272/3515 3784/4273/3537 3785/4248/3524
f 3778/4252/3518 3777/4274/3516 3792/4275/3538 3793/4253/3527
f 3790/4267/3534 3789/4263/3532 3804/4276/3539 3805/4277/3540
f 3783/4269/3535 3782/4265/3533 3797/4278/3541 3798/4279/3542
f 3791/4271/3536 3790/4267/3534 3805/4277/3540 3806/4280/3543
f 3784/4273/3537 3783/4269/3535 3798/4279/3542 3799/4281/3544
f 3792/4275/3538 3791/4271/3536 3806/4280/3543 3807/4282/3545
f 3785/4248/3524 3784/4273/3537 3799/4281/3544 3800/4283/3546
f 3793/4253/3527 3792/4275/3538 3807/4282/3545 3808/4284/3547
f 3786/4249/3525 3785/4248/3524 3800/4283/3546 3801/4285/3548
f 3779/4251/3526 3733/3724/3113 3794/4286/3549
f 3889/3726/3115 3793/4253/3527 3808/4284/3547
f 3787/4255/3528 3786/4249/3525 3801/4285/3548 3802/4287/3550
f 3780/4257/3529 3779/4251/3526 3794/4286/3549 3795/4288/3551
f 3788/4259/3530 3787/4255/3528 3802/4287/3550 3803/4289/3552
f 3781/4261/3531 3780/4257/3529 3795/4288/3551 3796/4290/3553
f 3789/4263/3532 3788/4259/3530 3803/4289/3552 3804/4276/3539
f 3782/4265/3533 3781/4261/3531 3796/4290/3553 3797/4278/3541
f 3889/3726/3115 3808/4284/3547 3823/4291/3554
f 3802/4287/3550 3801/4285/3548 3816/4292/3555 3817/4293/3556
f 3795/4288/3551 3794/4286/3549 3809/4294/3557 3810/4295/3558
f 3803/4289/3552 3802/4287/3550 3817/4293/3556 3818/4296/3559
f 3796/4290/3553 3795/4288/3551 3810/4295/3558 3811/4297/3560
f 3804/4276/3539 3803/4289/3552 3818/4296/3559 3819/4298/3561
f 3797/4278/3541 3796/4290/3553 3811/4297/3560 3812/4299/3562
f 3805/4277/3540 3804/4276/3539 3819/4298/3561 3820/4300/3563
f 3798/4279/3542 3797/4278/3541 3812/4299/3562 3813/4301/3564
f 3806/4280/3543 3805/4277/3540 3820/4300/3563 3821/4302/3565
f 3799/4281/3544 3798/4279/3542 3813/4301/3564 3814/4303/3566
f 3807/4282/3545 3806/4280/3543 3821/4302/3565 3822/4304/3567
f 3800/4283/3546 3799/4281/3544 3814/4303/3566 3815/4305/3568
f 3808/4284/3547 3807/4282/3545 3822/4304/3567 3823/4291/3554
f 3801/4285/3548 3800/4283/3546 3815/4305/3568 3816/4292/3555
f 3794/4286/3549 3733/3724/3113 3809/4294/3557
f 3821/4302/3565 3820/4300/3563 3835/4306/3569 3836/4307/3570
f 3814/4303/3566 3813/4301/3564 3828/4308/3571 3829/4309/3572
f 3822/4304/3567 3821/4302/3565 3836/4307/3570 3837/4310/3573
f 3815/4305/3568 3814/4303/3566 3829/4309/3572 3830/4311/3574
f 3823/4291/3554 3822/4304/3567 3837/4310/3573 3838/4312/3575
f 3816/4292/3555 3815/4305/3568 3830/4311/3574 3831/4313/3576
f 3809/4294/3557 3733/3724/3113 3824/4314/3577
f 3889/3726/3115 3823/4291/3554 3838/4312/3575
f 3817/4293/3556 3816/4292/3555 3831/4313/3576 3832/4315/3578
f 3810/4295/3558 3809/4294/3557 3824/4314/3577 3825/4316/3579
f 3818/4296/3559 3817/4293/3556 3832/4315/3578 3833/4317/3580
f 3811/4297/3560 3810/4295/3558 3825/4316/3579 3826/4318/3581
f 3819/4298/3561 3818/4296/3559 3833/4317/3580 3834/4319/3582
f 3812/4299/3562 3811/4297/3560 3826/4318/3581 3827/4320/3583
f 3820/4300/3563 3819/4298/3561 3834/4319/3582 3835/4306/3569
f 3813/4301/3564 3812/4299/3562 3827/4320/3583 3828/4308/3571
f 3825/4316/3579 3824/4314/3577 3839/4321/3584 3840/4322/3585
f 3833/4317/3580 3832/4315/3578 3847/4323/3586 3848/4324/3587
f 3826/4318/3581 3825/4316/3579 3840/4322/3585 3841/4325/3588
f 3834/4319/3582 3833/4317/3580 3848/4324/3587 3849/4326/3589
f 3827/4320/3583 3826/4318/3581 3841/4325/3588 3842/4327/3590
f 3835/4306/3569 3834/4319/3582 3849/4326/3589 3850/4328/3591
f 3828/4308/3571 3827/4320/3583 3842/4327/3590 3843/4329/3592
f 3836/4307/3570 3835/4306/3569 3850/4328/3591 3851/4330/3593
f 3829/4309/3572 3828/4308/3571 3843/4329/3592 3844/4331/3594
f 3837/4310/3573 3836/4307/3570 3851/4330/3593 3852/4332/3595
f 3830/4311/3574 3829/4309/3572 3844/4331/3594 3845/4333/3596
f 3838/4312/3575 3837/4310/3573 3852/4332/3595 3853/4334/3597
f 3831/4313/3576 3830/4311/3574 3845/4333/3596 3846/4335/3598
f 3824/4314/3577 3733/3724/3113 3839/4321/3584
f 3889/3726/3115 3838/4312/3575 3853/4334/3597
f 3832/4315/3578 3831/4313/3576 3846/4335/3598 3847/4323/3586
f 3844/4331/3594 3843/4329/3592 3858/4336/3599 3859/4337/3600
f 3852/4332/3595 3851/4330/3593 3866/4338/3601 3867/4339/3602
f 3845/4333/3596 3844/4331/3594 3859/4337/3600 3860/4340/3603
f 3853/4334/3597 3852/4332/3595 3867/4339/3602 3868/4341/3604
f 3846/4335/3598 3845/4333/3596 3860/4340/3603 3861/4342/3605
f 3839/4321/3584 3733/3724/3113 3854/4343/3606
f 3889/3726/3115 3853/4334/3597 3868/4341/3604
f 3847/4323/3586 3846/4335/3598 3861/4342/3605 3862/4344/3607
f 3840/4322/3585 3839/4321/3584 3854/4343/3606 3855/4345/3608
f 3848/4324/3587 3847/4323/3586 3862/4344/3607 3863/4346/3609
f 3841/4325/3588 3840/4322/3585 3855/4345/3608 3856/4347/3610
f 3849/4326/3589 3848/4324/3587 3863/4346/3609 3864/4348/3611
f 3842/4327/3590 3841/4325/3588 3856/4347/3610 3857/4349/3612
f 3850/4328/3591 3849/4326/3589 3864/4348/3611 3865/4350/3613
f 3843/4329/3592 3842/4327/3590 3857/4349/3612 3858/4336/3599
f 3851/4330/3593 3850/4328/3591 3865/4350/3613 3866/4338/3601
f 3863/4346/3609 3862/4344/3607 3877/4351/3614 3878/4352/3615
f 3856/4347/3610 3855/4345/3608 3870/4353/3616 3871/4354/3617
f 3864/4348/3611 3863/4346/3609 3878/4352/3615 3879/4355/3618
f 3857/4349/3612 3856/4347/3610 3871/4354/3617 3872/4356/3619
f 3865/4350/3613 3864/4348/3611 3879/4355/3618 3880/4357/3620
f 3858/4336/3599 3857/4349/3612 3872/4356/3619 3873/4358/3621
f 3866/4338/3601 3865/4350/3613 3880/4357/3620 3881/4359/3622
f 3859/4337/3600 3858/4336/3599 3873/4358/3621 3874/4360/3623
f 3867/4339/3602 3866/4338/3601 3881/4359/3622 3882/4361/3624
f 3860/4340/3603 3859/4337/3600 3874/4360/3623 3875/4362/3625
f 3868/4341/3604 3867/4339/3602 3882/4361/3624 3883/4363/3626
f 3861/4342/3605 3860/4340/3603 3875/4362/3625 3876/4364/3627
f 3854/4343/3606 3733/3724/3113 3869/4365/3628
f 3889/3726/3115 3868/4341/3604 3883/4363/3626
f 3862/4344/3607 3861/4342/3605 3876/4364/3627 3877/4351/3614
f 3855/4345/3608 3854/4343/3606 3869/4365/3628 3870/4353/3616
f 3882/4361/3624 3881/4359/3622 3423/3714/3103 3887/3713/3102
f 3875/4362/3625 3874/4360/3623 3419/3709/3098 3420/3717/3106
f 3883/4363/3626 3882/4361/3624 3887/3713/3102 3888/3719/3108
f 3876/4364/3627 3875/4362/3625 3420/3717/3106 3884/3721/3110
f 3869/4365/3628 3733/3724/3113 3414/3723/3112
f 3889/3726/3115 3883/4363/3626 3888/3719/3108
f 3877/4351/3614 3876/4364/3627 3884/3721/3110 3885/3727/3116
f 3870/4353/3616 3869/4365/3628 3414/3723/3112 3415/3729/3118
f 3878/4352/3615 3877/4351/3614 3885/3727/3116 3886/3731/3120
f 3871/4354/3617 3870/4353/3616 3415/3729/3118 3416/3733/3122
f 3879/4355/3618 3878/4352/3615 3886/3731/3120 3421/3735/3124
f 3872/4356/3619 3871/4354/3617 3416/3733/3122 3417/3737/3126
f 3880/4357/3620 3879/4355/3618 3421/3735/3124 3422/3739/3128
f 3873/4358/3621 3872/4356/3619 3417/3737/3126 3418/3710/3099
f 3881/4359/3622 3880/4357/3620 3422/3739/3128 3423/3714/3103
f 3874/4360/3623 3873/4358/3621 3418/3710/3099 3419/3709/3098
f 4113/3942/3307 4115/4366/3303 4117/4367/3303 4118/4368/3303 4590/3971/3331 3610/3943/3308
f 4006/4369/3629 4008/4370/3630 4037/4371/3630 4038/4372/3630 4039/4373/3630 4040/4374/3630 4041/4375/3630 4042/4376/3630 4044/4377/3630 4045/4378/3631
f 4010/4379/3632 4011/4380/3633 3989/4381/3633 3991/4382/3633 3994/4383/3633 3996/4384/3633 3975/4385/3633 3977/4386/3633 3978/4387/3633 3979/4388/3634 4120/4054/3372 3654/4082/3395 3655/4085/3398
f 4026/4028/3358 3976/4389/3635 3974/4390/3635 3973/4391/3635 3995/4392/3635 3993/4393/3635 3992/4394/3635 3990/4395/3635 3988/4396/3635 3987/4397/3635 3986/4398/3635 4025/4029/3359
f 4015/4399/3636 4014/4400/3637 4050/4401/3637 4059/4402/3637 4060/4403/3637 4074/4404/3637 4073/4405/3637 4086/3978/3335 3625/3977/3334 3639/4005/3346
f 4030/4406/3638 4031/4407/3639 3641/4049/3368
f 3892/4408/3640 3894/4409/3442 3896/4141/3439 3693/4140/3438
f 3969/4131/3429 3949/4410/3641 3948/4411/3641 3946/4412/3641 3947/4413/3641 3945/4414/3641 3944/4415/3642 3681/4099/3412 3695/4126/3425 3696/4132/3430
f 4371/4185/3463 3909/4416/3643 3708/4160/3450 3722/4199/3477 3723/4186/3464
f 3944/4415/3642 3943/4100/3413 3681/4099/3412
f 4417/4044/3363 3935/4417/3644 3936/4418/3644 4016/4419/3644 4015/4399/3636 3639/4005/3346 3651/4069/3382 3652/4045/3364
f 4079/4004/3345 4078/4420/3332 4081/4421/3332 4080/4422/3332 4095/4423/3332 4094/3930/3302 3609/3928/3300 3624/3969/3329
f 4003/4064/3377 4004/4424/3645 4005/4425/3645 4007/4426/3645 4006/4369/3629 4045/4378/3631 4009/4427/3645 4010/4379/3632 3655/4085/3398 3656/4065/3378
f 3909/4416/3643 3908/4428/3452 3910/4429/3452 3911/4430/3452 3890/4431/3452 3891/4432/3452 3893/4433/3452 3892/4408/3640 3693/4140/3438 3708/4160/3450
f 4031/4407/3639 4032/4434/3646 4033/4050/3369 3641/4049/3368
f 4120/4054/3372 3979/4388/3634 3980/4435/3647 4029/4436/3647 4030/4406/3638 3641/4049/3368
f 4120/4054/3372 3982/4053/3371 3984/4437/3648 3985/4438/3648 3963/4439/3648 3962/4440/3648 3958/4441/3648 3957/4442/3648 3956/4443/3648 3954/4444/3648 3955/4445/3648 3983/4446/3648 4020/4447/3648 4022/4018/3353 3640/4016/3351 3653/4046/3365 3654/4082/3395
usemtl Brown
f 3143/4448/3649 4122/4449/3650 4121/4450/3651
f 3143/4448/3649 4121/4450/3651 4123/4451/3652
f 3143/4448/3649 4123/4451/3652 4124/4452/3653
f 3143/4448/3649 4124/4452/3653 4125/4453/3654
f 3143/4448/3649 4125/4453/3654 4126/4454/3655
f 3143/4448/3649 4126/4454/3655 4127/4455/3656
f 3143/4448/3649 4127/4455/3656 4128/4456/3657
f 3143/4448/3649 4128/4456/3657 4129/4457/3658
f 3143/4448/3649 4129/4457/3658 4130/4458/3659
f 3143/4448/3649 4130/4458/3659 4131/4459/3660
f 3143/4448/3649 4131/4459/3660 4132/4460/3661
f 3143/4448/3649 4132/4460/3661 4133/4461/3662
f 3143/4448/3649 4133/4461/3662 4134/4462/3663
f 3143/4448/3649 4134/4462/3663 4135/4463/3664
f 3143/4448/3649 4135/4463/3664 4136/4464/3665
f 3143/4448/3649 4136/4464/3665 4137/4465/3666
f 3143/4448/3649 4137/4465/3666 4138/4466/3667
f 3143/4448/3649 4138/4466/3667 4139/4467/3417
f 3143/4448/3649 4139/4467/3417 4140/4468/3417
f 3143/4448/3649 4140/4468/3417 4141/4469/3417
f 3143/4448/3649 4141/4469/3417 4142/4470/3668
f 3143/4448/3649 4142/4470/3668 4143/4471/3669
f 3143/4448/3649 4143/4471/3669 4144/4472/3670
f 3143/4448/3649 4144/4472/3670 4122/4449/3650
f 4145/4473/3344 4146/4474/3344 3282/4475/3344 3216/4476/3344
f 4146/4474/3344 4147/4477/3671 3218/4478/3672 3282/4475/3344
f 3282/4475/3344 3218/4478/3672 4148/4479/3673 4149/4480/3344
f 3216/4476/3344 3282/4475/3344 4149/4480/3344 4150/4481/3344
f 4145/4473/3344 3216/4476/3344 3283/4482/3344 4156/4483/3344
f 3216/4476/3344 4150/4481/3344 4157/4484/3344 3283/4482/3344
f 3283/4482/3344 4157/4484/3344 4151/4485/3344 4152/4486/3344
f 4156/4483/3344 3283/4482/3344 4152/4486/3344 4154/4487/3344
f 4148/4479/3673 3218/4478/3672 3284/4488/3674 4159/4489/3675
f 3218/4478/3672 4147/4477/3671 4160/4490/3676 3284/4488/3674
f 3284/4488/3674 4160/4490/3676 4161/4491/3677 3223/4492/3678
f 4159/4489/3675 3284/4488/3674 3223/4492/3678 4158/4493/3332
f 4158/4493/3332 3223/4492/3678 3285/4494/3332 4163/4495/3332
f 3223/4492/3678 4161/4491/3677 4164/4496/3332 3285/4494/3332
f 3285/4494/3332 4164/4496/3332 4165/4497/3332 3226/4498/3679
f 4163/4495/3332 3285/4494/3332 3226/4498/3679 4162/4499/3680
f 4162/4499/3680 3226/4498/3679 3286/4500/3681 4167/4501/3682
f 3226/4498/3679 4165/4497/3332 4168/4502/3683 3286/4500/3681
f 3286/4500/3681 4168/4502/3683 4169/4503/3684 3229/4504/3685
f 4167/4501/3682 3286/4500/3681 3229/4504/3685 4166/4505/3686
f 4166/4505/3686 3229/4504/3685 3287/4506/3303 4171/4507/3303
f 3229/4504/3685 4169/4503/3684 4172/4508/3303 3287/4506/3303
f 3287/4506/3303 4172/4508/3303 4173/4509/3687 3232/4510/3688
f 4171/4507/3303 3287/4506/3303 3232/4510/3688 4170/4511/3303
f 4170/4511/3303 3232/4510/3688 3288/4512/3689 4180/4513/3303
f 3232/4510/3688 4173/4509/3687 4181/4514/3690 3288/4512/3689
f 3288/4512/3689 4181/4514/3690 4174/4515/3691 4176/4516/3692
f 4180/4513/3303 3288/4512/3689 4176/4516/3692 4178/4517/3303
f 4184/4518/3693 4183/4519/3694 3289/4520/3695 3238/4521/3696
f 4183/4519/3694 4182/4522/3455 3240/4523/3697 3289/4520/3695
f 3289/4520/3695 3240/4523/3697 4187/4524/3698 4186/4525/3699
f 3238/4521/3696 3289/4520/3695 4186/4525/3699 4185/4526/3700
f 4184/4518/3693 3238/4521/3696 3290/4527/3701 4193/4528/3702
f 3238/4521/3696 4185/4526/3700 4194/4529/3462 3290/4527/3701
f 3290/4527/3701 4194/4529/3462 4192/4530/3462 4190/4531/3703
f 4193/4528/3702 3290/4527/3701 4190/4531/3703 4188/4532/3704
f 4187/4524/3698 3240/4523/3697 3291/4533/3705 4195/4534/3706
f 3240/4523/3697 4182/4522/3455 4198/4535/3707 3291/4533/3705
f 3291/4533/3705 4198/4535/3707 4197/4536/3708 3245/4537/3709
f 4195/4534/3706 3291/4533/3705 3245/4537/3709 4196/4538/3710
f 4196/4538/3710 3245/4537/3709 3292/4539/3452 4199/4540/3452
f 3245/4537/3709 4197/4536/3708 4202/4541/3452 3292/4539/3452
f 3292/4539/3452 4202/4541/3452 4201/4542/3711 3248/4543/3712
f 4199/4540/3452 3292/4539/3452 3248/4543/3712 4200/4544/3452
f 4200/4544/3452 3248/4543/3712 3293/4545/3713 4203/4546/3714
f 3248/4543/3712 4201/4542/3711 4206/4547/3715 3293/4545/3713
f 3293/4545/3713 4206/4547/3715 4205/4548/3716 3251/4549/3717
f 4203/4546/3714 3293/4545/3713 3251/4549/3717 4204/4550/3718
f 4204/4550/3718 3251/4549/3717 3294/4551/3719 4207/4552/3720
f 3251/4549/3717 4205/4548/3716 4210/4553/3442 3294/4551/3719
f 3294/4551/3719 4210/4553/3442 4209/4554/3442 3254/4555/3721
f 4207/4552/3720 3294/4551/3719 3254/4555/3721 4208/4556/3722
f 4208/4556/3722 3254/4555/3721 3295/4557/3723 4216/4558/3724
f 3254/4555/3721 4209/4554/3442 4217/4559/3442 3295/4557/3723
f 3295/4557/3723 4217/4559/3442 4214/4560/3442 4212/4561/3725
f 4216/4558/3724 3295/4557/3723 4212/4561/3725 4211/4562/3726
f 4220/4563/3727 4219/4564/3728 3296/4565/3729 3260/4566/3730
f 4219/4564/3728 4218/4567/3731 3262/4568/3732 3296/4565/3729
f 3296/4565/3729 3262/4568/3732 4223/4569/3637 4222/4570/3733
f 3260/4566/3730 3296/4565/3729 4222/4570/3733 4221/4571/3734
f 4220/4563/3727 3260/4566/3730 3297/4572/3735 4228/4573/3736
f 3260/4566/3730 4221/4571/3734 4230/4574/3737 3297/4572/3735
f 3297/4572/3735 4230/4574/3737 4227/4575/3738 4226/4576/3739
f 4228/4573/3736 3297/4572/3735 4226/4576/3739 4224/4577/3740
f 4223/4569/3637 3262/4568/3732 3298/4578/3741 4231/4579/3637
f 3262/4568/3732 4218/4567/3731 4234/4580/3742 3298/4578/3741
f 3298/4578/3741 4234/4580/3742 4233/4581/3743 3267/4582/3744
f 4231/4579/3637 3298/4578/3741 3267/4582/3744 4232/4583/3637
f 4232/4583/3637 3267/4582/3744 3299/4584/3745 4235/4585/3637
f 3267/4582/3744 4233/4581/3743 4238/4586/3746 3299/4584/3745
f 3299/4584/3745 4238/4586/3746 4237/4587/3747 3270/4588/3748
f 4235/4585/3637 3299/4584/3745 3270/4588/3748 4236/4589/3749
f 4236/4589/3749 3270/4588/3748 3300/4590/3750 4239/4591/3751
f 3270/4588/3748 4237/4587/3747 4242/4592/3752 3300/4590/3750
f 3300/4590/3750 4242/4592/3752 4241/4593/3753 3273/4594/3754
f 4239/4591/3751 3300/4590/3750 3273/4594/3754 4240/4595/3755
f 4240/4595/3755 3273/4594/3754 3301/4596/3756 4243/4597/3336
f 3273/4594/3754 4241/4593/3753 4246/4598/3757 3301/4596/3756
f 3301/4596/3756 4246/4598/3757 4245/4599/3758 3276/4600/3759
f 4243/4597/3336 3301/4596/3756 3276/4600/3759 4244/4601/3336
f 4244/4601/3336 3276/4600/3759 3302/4602/3760 4252/4603/3761
f 3276/4600/3759 4245/4599/3758 4253/4604/3762 3302/4602/3760
f 3302/4602/3760 4253/4604/3762 4250/4605/3763 4248/4606/3764
f 4252/4603/3761 3302/4602/3760 4248/4606/3764 4247/4607/3765
f 4258/4608/3766 4260/4609/3766 3396/4610/3766 4256/4611/3766
f 4260/4609/3766 4261/4612/3766 3343/4613/3766 3396/4610/3766
f 3396/4610/3766 3343/4613/3766 4262/4614/3766 4263/4615/3766
f 4256/4611/3766 3396/4610/3766 4263/4615/3766 4254/4616/3766
f 4262/4614/3766 3343/4613/3766 3397/4617/3766 4265/4618/3766
f 3343/4613/3766 4261/4612/3766 4266/4619/3766 3397/4617/3766
f 3397/4617/3766 4266/4619/3766 4267/4620/3766 3345/4621/3766
f 4265/4618/3766 3397/4617/3766 3345/4621/3766 4264/4622/3766
f 4264/4622/3766 3345/4621/3766 3398/4623/3767 4269/4624/3768
f 3345/4621/3766 4267/4620/3766 4270/4625/3769 3398/4623/3767
f 3398/4623/3767 4270/4625/3769 4271/4626/3770 3348/4627/3771
f 4269/4624/3768 3398/4623/3767 3348/4627/3771 4268/4628/3772
f 4268/4628/3772 3348/4627/3771 3399/4629/3773 4274/4630/3354
f 3348/4627/3771 4271/4626/3770 4275/4631/3774 3399/4629/3773
f 3399/4629/3773 4275/4631/3774 4276/4632/3775 3351/4633/3776
f 4274/4630/3354 3399/4629/3773 3351/4633/3776 4272/4634/3354
f 4272/4634/3354 3351/4633/3776 3400/4635/3777 4278/4636/3778
f 3351/4633/3776 4276/4632/3775 4280/4637/3779 3400/4635/3777
f 3400/4635/3777 4280/4637/3779 4281/4638/3780 3354/4639/3781
f 4278/4636/3778 3400/4635/3777 3354/4639/3781 4277/4640/3782
f 4277/4640/3782 3354/4639/3781 3401/4641/3783 4283/4642/3784
f 3354/4639/3781 4281/4638/3780 4284/4643/3785 3401/4641/3783
f 3401/4641/3783 4284/4643/3785 4285/4644/3786 3357/4645/3787
f 4283/4642/3784 3401/4641/3783 3357/4645/3787 4282/4646/3788
f 4282/4646/3788 3357/4645/3787 3402/4647/3789 4287/4648/3790
f 3357/4645/3787 4285/4644/3786 4288/4649/3635 3402/4647/3789
f 3402/4647/3789 4288/4649/3635 4289/4650/3635 3360/4651/3635
f 4287/4648/3790 3402/4647/3789 3360/4651/3635 4286/4652/3635
f 4286/4652/3635 3360/4651/3635 3403/4653/3635 4291/4654/3635
f 3360/4651/3635 4289/4650/3635 4292/4655/3635 3403/4653/3635
f 3403/4653/3635 4292/4655/3635 4293/4656/3635 3363/4657/3635
f 4291/4654/3635 3403/4653/3635 3363/4657/3635 4290/4658/3635
f 4290/4658/3635 3363/4657/3635 3404/4659/3635 4295/4660/3635
f 3363/4657/3635 4293/4656/3635 4296/4661/3635 3404/4659/3635
f 3404/4659/3635 4296/4661/3635 4297/4662/3635 3366/4663/3635
f 4295/4660/3635 3404/4659/3635 3366/4663/3635 4294/4664/3635
f 4294/4664/3635 3366/4663/3635 3405/4665/3635 4300/4666/3635
f 3366/4663/3635 4297/4662/3635 4301/4667/3635 3405/4665/3635
f 3405/4665/3635 4301/4667/3635 4303/4668/3635 3369/4669/3635
f 4300/4666/3635 3405/4665/3635 3369/4669/3635 4299/4670/3635
f 4299/4670/3635 3369/4669/3635 3406/4671/3635 4305/4672/3635
f 3369/4669/3635 4303/4668/3635 4306/4673/3635 3406/4671/3635
f 3406/4671/3635 4306/4673/3635 4307/4674/3791 3372/4675/3792
f 4305/4672/3635 3406/4671/3635 3372/4675/3792 4304/4676/3793
f 4304/4676/3793 3372/4675/3792 3407/4677/3794 4309/4678/3795
f 3372/4675/3792 4307/4674/3791 4310/4679/3796 3407/4677/3794
f 3407/4677/3794 4310/4679/3796 4311/4680/3797 3375/4681/3798
f 4309/4678/3795 3407/4677/3794 3375/4681/3798 4308/4682/3799
f 4308/4682/3799 3375/4681/3798 3408/4683/3800 4313/4684/3801
f 3375/4681/3798 4311/4680/3797 4314/4685/3800 3408/4683/3800
f 3408/4683/3800 4314/4685/3800 4315/4686/3800 3378/4687/3800
f 4313/4684/3801 3408/4683/3800 3378/4687/3800 4312/4688/3800
f 4312/4688/3800 3378/4687/3800 3409/4689/3800 4317/4690/3800
f 3378/4687/3800 4315/4686/3800 4318/4691/3800 3409/4689/3800
f 3409/4689/3800 4318/4691/3800 4319/4692/3800 3381/4693/3800
f 4317/4690/3800 3409/4689/3800 3381/4693/3800 4316/4694/3800
f 4316/4694/3800 3381/4693/3800 3410/4695/3800 4321/4696/3800
f 3381/4693/3800 4319/4692/3800 4322/4697/3800 3410/4695/3800
f 3410/4695/3800 4322/4697/3800 4323/4698/3800 3384/4699/3800
f 4321/4696/3800 3410/4695/3800 3384/4699/3800 4320/4700/3800
f 4320/4700/3800 3384/4699/3800 3411/4701/3802 4325/4702/3800
f 3384/4699/3800 4323/4698/3800 4326/4703/3803 3411/4701/3802
f 3411/4701/3802 4326/4703/3803 4327/4704/3804 3387/4705/3805
f 4325/4702/3800 3411/4701/3802 3387/4705/3805 4324/4706/3806
f 4324/4706/3806 3387/4705/3805 3412/4707/3807 4329/4708/3808
f 3387/4705/3805 4327/4704/3804 4330/4709/3809 3412/4707/3807
f 3412/4707/3807 4330/4709/3809 4331/4710/3810 3390/4711/3811
f 4329/4708/3808 3412/4707/3807 3390/4711/3811 4328/4712/3812
f 4328/4712/3812 3390/4711/3811 3413/4713/3813 4337/4714/3814
f 3390/4711/3811 4331/4710/3810 4338/4715/3815 3413/4713/3813
f 3413/4713/3813 4338/4715/3815 4332/4716/3814 4333/4717/3814
f 4337/4714/3814 3413/4713/3813 4333/4717/3814 4335/4718/3814
o Sphere.004
v 0.515003 -1.882370 0.731406
v 0.515003 -1.679372 0.789572
v 0.129545 -2.085734 0.772560
v 0.258031 -2.085612 0.740626
v 0.386517 -2.085491 0.686326
v 0.386517 -1.882370 0.800083
v 0.258031 -1.882370 0.845534
v 0.129545 -1.882370 0.873500
v 0.386517 -1.679250 0.858263
v 0.258031 -1.679129 0.899165
v 0.129545 -1.679007 0.925083
v 0.515003 -2.085369 0.603134
v 0.557998 -2.078452 0.572608
v 0.598063 -2.058172 0.553683
v 0.632468 -2.025912 0.539812
v 0.658868 -1.983870 0.542896
v 0.675464 -1.934910 0.563727
v 0.681124 -1.882370 0.588712
v 0.675464 -1.829831 0.620611
v 0.658868 -1.780871 0.654407
v 0.632468 -1.738829 0.692491
v 0.598063 -1.706568 0.727582
v 0.557998 -1.686289 0.763034
v 0.292369 -1.323602 0.879114
v 0.292369 -1.186692 0.835923
v 0.263371 -1.191357 0.846191
v 0.236349 -1.205034 0.858702
v 0.213145 -1.226792 0.872605
v 0.195340 -1.255147 0.886952
v 0.184148 -1.288167 0.899679
v 0.180330 -1.323602 0.910804
v 0.184148 -1.359037 0.916901
v 0.195340 -1.392058 0.918661
v 0.213145 -1.420413 0.916164
v 0.236349 -1.442170 0.911354
v 0.263371 -1.455848 0.904558
v 0.292369 -1.460513 0.896239
v 0.321367 -1.455848 0.886965
v 0.348388 -1.442170 0.877367
v 0.371592 -1.420413 0.868100
v 0.389397 -1.392058 0.857257
v 0.400590 -1.359037 0.847604
v 0.404408 -1.323602 0.838259
v 0.400590 -1.288167 0.828171
v 0.389397 -1.255147 0.822850
v 0.371592 -1.226792 0.822661
v 0.348388 -1.205034 0.824716
v 0.321367 -1.191357 0.828598
v -0.512885 -1.882370 0.731406
v -0.512885 -1.679372 0.789572
v 0.001059 -1.678886 0.937749
v -0.127427 -2.085734 0.772560
v -0.255913 -2.085612 0.740626
v -0.384399 -2.085491 0.686326
v -0.384399 -1.882370 0.800083
v -0.255913 -1.882370 0.845534
v -0.127427 -1.882370 0.873500
v -0.384399 -1.679250 0.858263
v -0.255913 -1.679129 0.899165
v -0.127427 -1.679007 0.925083
v 0.001059 -2.085855 0.785150
v -0.512885 -2.085369 0.603134
v -0.555881 -2.078452 0.572608
v -0.595946 -2.058172 0.553682
v -0.630351 -2.025912 0.539812
v -0.656751 -1.983870 0.542896
v -0.673346 -1.934910 0.563727
v -0.679007 -1.882370 0.588712
v -0.673346 -1.829831 0.620611
v -0.656751 -1.780871 0.654406
v -0.630351 -1.738829 0.692491
v -0.595946 -1.706568 0.727582
v -0.555881 -1.686289 0.763034
v 0.001059 -1.882370 0.886155
v -0.290251 -1.323603 0.879114
v -0.290251 -1.186692 0.835923
v -0.261254 -1.191357 0.846191
v -0.234232 -1.205034 0.858702
v -0.211028 -1.226792 0.872605
v -0.193223 -1.255147 0.886952
v -0.182030 -1.288167 0.899679
v -0.178213 -1.323603 0.910804
v -0.182030 -1.359038 0.916901
v -0.193223 -1.392058 0.918661
v -0.211028 -1.420413 0.916164
v -0.234232 -1.442170 0.911354
v -0.261254 -1.455848 0.904558
v -0.290251 -1.460513 0.896239
v -0.319249 -1.455848 0.886965
v -0.346271 -1.442170 0.877367
v -0.369475 -1.420413 0.868100
v -0.387280 -1.392058 0.857257
v -0.398473 -1.359038 0.847604
v -0.402290 -1.323603 0.838259
v -0.398473 -1.288167 0.828171
v -0.387280 -1.255147 0.822850
v -0.369475 -1.226792 0.822661
v -0.346271 -1.205034 0.824716
v -0.319249 -1.191357 0.828598
v 0.001059 -0.552469 -0.195090
v 0.001059 -0.609375 -0.382683
v 0.001059 -0.701785 -0.555570
v 0.001059 -0.826148 -0.707107
v 0.001059 -0.977684 -0.831469
v 0.001059 -1.150571 -0.923879
v 0.001059 -1.338164 -0.980785
v 0.001059 -2.088825 -0.831469
v 0.001059 -2.240361 -0.707107
v 0.001059 -2.364724 -0.555570
v 0.039119 -0.552469 -0.191342
v 0.075717 -0.609375 -0.375330
v 0.109445 -0.701785 -0.544895
v 0.139008 -0.826148 -0.693520
v 0.163270 -0.977684 -0.815493
v 0.181299 -1.150571 -0.906127
v 0.192400 -1.338164 -0.961940
v 0.196149 -1.533254 -0.980785
v 0.192400 -1.728345 -0.961940
v 0.181299 -1.915938 -0.906127
v 0.163270 -2.088825 -0.815493
v 0.139008 -2.240361 -0.693520
v 0.109445 -2.364724 -0.544895
v 0.075717 -2.457134 -0.375330
v 0.039119 -2.514040 -0.191342
v 0.075717 -0.552469 -0.180240
v 0.147505 -0.609375 -0.353553
v 0.213666 -0.701785 -0.513280
v 0.271657 -0.826148 -0.653281
v 0.319248 -0.977684 -0.768177
v 0.354612 -1.150571 -0.853553
v 0.376389 -1.338164 -0.906127
v 0.383742 -1.533254 -0.923879
v 0.376389 -1.728345 -0.906127
v 0.354612 -1.915938 -0.853553
v 0.319248 -2.088825 -0.768178
v 0.271657 -2.240361 -0.653281
v 0.213666 -2.364724 -0.513280
v 0.147505 -2.457134 -0.353553
v 0.075717 -2.514040 -0.180240
v 0.109445 -0.552469 -0.162211
v 0.213666 -0.609375 -0.318190
v 0.309717 -0.701785 -0.461940
v 0.393906 -0.826148 -0.587938
v 0.462998 -0.977684 -0.691341
v 0.514339 -1.150571 -0.768178
v 0.545954 -1.338164 -0.815493
v 0.556629 -1.533254 -0.831469
v 0.545954 -1.728345 -0.815493
v 0.514339 -1.915938 -0.768178
v 0.462999 -2.088825 -0.691341
v 0.393906 -2.240361 -0.587938
v 0.309717 -2.364724 -0.461940
v 0.213666 -2.457134 -0.318190
v 0.109445 -2.514040 -0.162211
v 0.139008 -0.552469 -0.137949
v 0.271657 -0.609375 -0.270598
v 0.393906 -0.701785 -0.392847
v 0.501059 -0.826148 -0.500000
v 0.588996 -0.977684 -0.587937
v 0.654340 -1.150571 -0.653281
v 0.694579 -1.338164 -0.693520
v 0.708165 -1.533254 -0.707106
v 0.694579 -1.728345 -0.693520
v 0.654340 -1.915938 -0.653281
v 0.588997 -2.088825 -0.587937
v 0.501059 -2.240361 -0.500000
v 0.393906 -2.364724 -0.392847
v 0.271657 -2.457134 -0.270598
v 0.139008 -2.514040 -0.137949
v 0.163270 -0.552469 -0.108386
v 0.319248 -0.609375 -0.212607
v 0.462999 -0.701785 -0.308658
v 0.588996 -0.826148 -0.392847
v 0.692400 -0.977684 -0.461939
v 0.769236 -1.150571 -0.513280
v 0.816552 -1.338164 -0.544895
v 0.832528 -1.533254 -0.555570
v 0.816552 -1.728345 -0.544895
v 0.769237 -1.915938 -0.513280
v 0.692400 -2.088825 -0.461939
v 0.588996 -2.240361 -0.392847
v 0.462998 -2.364724 -0.308658
v 0.319248 -2.457134 -0.212607
v 0.163270 -2.514040 -0.108386
v 0.181299 -0.552469 -0.074658
v 0.354612 -0.609375 -0.146446
v 0.514339 -0.701785 -0.212607
v 0.654340 -0.826148 -0.270598
v 0.769236 -0.977684 -0.318189
v 0.854612 -1.150571 -0.353553
v 0.907186 -1.338164 -0.375330
v 0.924938 -1.533254 -0.382683
v 0.907186 -1.728345 -0.375330
v 0.854612 -1.915938 -0.353553
v 0.769236 -2.088825 -0.318189
v 0.654340 -2.240361 -0.270598
v 0.514339 -2.364724 -0.212607
v 0.354612 -2.457134 -0.146446
v 0.181299 -2.514040 -0.074658
v 0.192400 -0.552469 -0.038060
v 0.376389 -0.609375 -0.074658
v 0.545954 -0.701785 -0.108386
v 0.694579 -0.826148 -0.137949
v 0.816552 -0.977684 -0.162211
v 0.907186 -1.150571 -0.180240
v 0.962998 -1.338164 -0.191341
v 0.981844 -1.533254 -0.195090
v 0.962998 -1.728345 -0.191341
v 0.907186 -1.915938 -0.180240
v 0.816552 -2.088825 -0.162211
v 0.694579 -2.240361 -0.137949
v 0.545954 -2.364724 -0.108386
v 0.376389 -2.457134 -0.074658
v 0.192400 -2.514040 -0.038060
v 0.196149 -0.552469 0.000000
v 0.383742 -0.609375 0.000000
v 0.556629 -0.701785 0.000000
v 0.708165 -0.826148 0.000000
v 0.832528 -0.977684 0.000000
v 0.924938 -1.150571 0.000000
v 0.981844 -1.338164 0.000000
v 1.001058 -1.533254 0.000000
v 0.981844 -1.728345 0.000000
v 0.924938 -1.915938 0.000000
v 0.832528 -2.088825 0.000000
v 0.708165 -2.240361 0.000000
v 0.556629 -2.364724 0.000000
v 0.383742 -2.457134 0.000000
v 0.196149 -2.514040 0.000000
v 0.192400 -0.552469 0.038060
v 0.376389 -0.609375 0.074658
v 0.545954 -0.701785 0.108387
v 0.694579 -0.826148 0.137950
v 0.816552 -0.977684 0.162212
v 0.907186 -1.150571 0.180240
v 0.962998 -1.338164 0.191342
v 0.981844 -1.533254 0.195091
v 0.962998 -1.728345 0.191342
v 0.907186 -1.915938 0.180240
v 0.816552 -2.088825 0.162212
v 0.694579 -2.240361 0.137950
v 0.545954 -2.364724 0.108387
v 0.376389 -2.457134 0.074658
v 0.192400 -2.514040 0.038060
v 0.181299 -0.552469 0.074658
v 0.354612 -0.609375 0.146447
v 0.514338 -0.701785 0.212608
v 0.654340 -0.826148 0.270598
v 0.769236 -0.977684 0.318190
v 0.854612 -1.150571 0.353554
v 0.907186 -1.338164 0.375330
v 0.924938 -1.533254 0.382684
v 0.907186 -1.728345 0.375330
v 0.854612 -1.915938 0.353554
v 0.769236 -2.088825 0.318190
v 0.654340 -2.240361 0.270598
v 0.514338 -2.364724 0.212608
v 0.354612 -2.457134 0.146447
v 0.181299 -2.514040 0.074658
v 0.163270 -0.552469 0.108387
v 0.319248 -0.609375 0.212608
v 0.462998 -0.701785 0.308658
v 0.588996 -0.826148 0.392848
v 0.692400 -0.977684 0.461940
v 0.769236 -1.150571 0.513280
v 0.816552 -1.338164 0.544895
v 0.832528 -1.533254 0.555570
v 0.816552 -1.728345 0.544895
v 0.769236 -1.915938 0.513280
v 0.681176 -2.105274 0.454440
v 0.588996 -2.240361 0.392848
v 0.462998 -2.364724 0.308658
v 0.319248 -2.457134 0.212608
v 0.163270 -2.514040 0.108387
v 0.139008 -0.552469 0.137950
v 0.271657 -0.609375 0.270598
v 0.393906 -0.701785 0.392848
v 0.501059 -0.826148 0.500000
v 0.588996 -0.977684 0.587938
v 0.654340 -1.150571 0.653282
v 0.694578 -1.338164 0.693520
v 0.708165 -1.533254 0.707107
v 0.694578 -1.728345 0.693520
v 0.563887 -2.132093 0.562829
v 0.501059 -2.240361 0.500000
v 0.393906 -2.364724 0.392848
v 0.271657 -2.457134 0.270598
v 0.139008 -2.514040 0.137950
v 0.109445 -0.552469 0.162212
v 0.213666 -0.609375 0.318190
v 0.309717 -0.701785 0.461940
v 0.393906 -0.826148 0.587938
v 0.462998 -0.977684 0.691342
v 0.514339 -1.150571 0.768178
v 0.545954 -1.338164 0.815493
v 0.556628 -1.533254 0.831470
v 0.429083 -2.169429 0.640433
v 0.393906 -2.240361 0.587938
v 0.309717 -2.364724 0.461940
v 0.213666 -2.457134 0.318190
v 0.109445 -2.514040 0.162212
v 0.075717 -0.552469 0.180240
v 0.147505 -0.609375 0.353554
v 0.213666 -0.701785 0.513280
v 0.271657 -0.826148 0.653282
v 0.319248 -0.977684 0.768178
v 0.354612 -1.150571 0.853553
v 0.383742 -1.533254 0.923879
v 0.330344 -2.169925 0.694178
v 0.271657 -2.240361 0.653282
v 0.213666 -2.364724 0.513280
v 0.147505 -2.457134 0.353554
v 0.075717 -2.514040 0.180240
v 0.039119 -0.552469 0.191342
v 0.075717 -0.609375 0.375331
v 0.109445 -0.701785 0.544895
v 0.139008 -0.826148 0.693520
v 0.163270 -0.977684 0.815493
v 0.181299 -1.150571 0.906127
v 0.196149 -1.533254 0.980785
v 0.134207 -2.170344 0.758758
v 0.139008 -2.240361 0.693520
v 0.109445 -2.364724 0.544895
v 0.075717 -2.457134 0.375331
v 0.039119 -2.514040 0.191342
v 0.001059 -0.552469 0.195091
v 0.001059 -0.609375 0.382684
v 0.001059 -0.701785 0.555570
v 0.001059 -0.826148 0.707107
v 0.001059 -0.977684 0.831469
v 0.001059 -1.150571 0.923880
v 0.001059 -1.338164 0.980785
v 0.001058 -1.533254 1.000000
v 0.001059 -2.170344 0.771872
v 0.001059 -2.240361 0.707107
v 0.001059 -2.364724 0.555570
v 0.001059 -2.457134 0.382684
v 0.001059 -2.514040 0.195091
v -0.037002 -0.552469 0.191342
v -0.073599 -0.609375 0.375331
v -0.107328 -0.701785 0.544895
v -0.136891 -0.826148 0.693520
v -0.161153 -0.977684 0.815493
v -0.179181 -1.150571 0.906127
v -0.194032 -1.533254 0.980785
v -0.132216 -2.170344 0.758746
v -0.136891 -2.240361 0.693520
v -0.107328 -2.364724 0.544895
v -0.073599 -2.457134 0.375331
v -0.037002 -2.514040 0.191342
v -0.073599 -0.552469 0.180240
v -0.145388 -0.609375 0.353554
v -0.211549 -0.701785 0.513280
v -0.269539 -0.826148 0.653282
v -0.317131 -0.977684 0.768178
v -0.352495 -1.150571 0.853553
v -0.381625 -1.533254 0.923879
v -0.327342 -2.170584 0.691690
v -0.269539 -2.240361 0.653282
v -0.211549 -2.364724 0.513280
v -0.145388 -2.457134 0.353554
v -0.073599 -2.514040 0.180240
v -0.107328 -0.552469 0.162212
v -0.211549 -0.609375 0.318190
v -0.307600 -0.701785 0.461940
v -0.391789 -0.826148 0.587938
v -0.460881 -0.977684 0.691342
v -0.512221 -1.150571 0.768178
v -0.543836 -1.338164 0.815493
v -0.554511 -1.533254 0.831469
v -0.426098 -2.167110 0.638379
v -0.391789 -2.240361 0.587938
v -0.307600 -2.364724 0.461940
v -0.211549 -2.457134 0.318190
v -0.107328 -2.514040 0.162212
v -0.136891 -0.552469 0.137950
v -0.269539 -0.609375 0.270598
v -0.391789 -0.701785 0.392847
v -0.498941 -0.826148 0.500000
v -0.586879 -0.977684 0.587938
v -0.652223 -1.150571 0.653282
v -0.692461 -1.338164 0.693520
v -0.706048 -1.533254 0.707106
v -0.692461 -1.728345 0.693520
v -0.544737 -2.161444 0.545796
v -0.498941 -2.240361 0.500000
v -0.391789 -2.364724 0.392847
v -0.269539 -2.457134 0.270598
v -0.136891 -2.514040 0.137950
v -0.161153 -0.552469 0.108387
v -0.317131 -0.609375 0.212608
v -0.460881 -0.701785 0.308658
v -0.586879 -0.826148 0.392848
v -0.690283 -0.977684 0.461940
v -0.767119 -1.150571 0.513280
v -0.814434 -1.338164 0.544895
v -0.830410 -1.533254 0.555570
v -0.814434 -1.728345 0.544895
v -0.767119 -1.915938 0.513280
v -0.690283 -2.088825 0.461940
v -0.586879 -2.240361 0.392848
v -0.460881 -2.364724 0.308658
v -0.317131 -2.457134 0.212608
v -0.161153 -2.514040 0.108387
v 0.001059 -0.533254 0.000000
v -0.179181 -0.552469 0.074658
v -0.352495 -0.609375 0.146447
v -0.512221 -0.701785 0.212608
v -0.652223 -0.826148 0.270598
v -0.767119 -0.977684 0.318190
v -0.852494 -1.150571 0.353553
v -0.905068 -1.338164 0.375330
v -0.922820 -1.533254 0.382683
v -0.905068 -1.728345 0.375330
v -0.852495 -1.915938 0.353553
v -0.767119 -2.088825 0.318190
v -0.652223 -2.240361 0.270598
v -0.512221 -2.364724 0.212608
v -0.352495 -2.457134 0.146447
v -0.179181 -2.514040 0.074658
v -0.190283 -0.552469 0.038060
v -0.374272 -0.609375 0.074658
v -0.543836 -0.701785 0.108386
v -0.692461 -0.826148 0.137950
v -0.814434 -0.977684 0.162212
v -0.905068 -1.150571 0.180240
v -0.960881 -1.338164 0.191342
v -0.979726 -1.533254 0.195090
v -0.960881 -1.728345 0.191342
v -0.905069 -1.915938 0.180240
v -0.814434 -2.088825 0.162212
v -0.692461 -2.240361 0.137950
v -0.543836 -2.364724 0.108386
v -0.374271 -2.457134 0.074658
v -0.190283 -2.514040 0.038060
v -0.194032 -0.552469 0.000000
v -0.381625 -0.609375 0.000000
v -0.554511 -0.701785 0.000000
v -0.706048 -0.826148 0.000000
v -0.830410 -0.977684 0.000000
v -0.922821 -1.150571 0.000000
v -0.979726 -1.338164 0.000000
v -0.998940 -1.533254 -0.000000
v -0.979726 -1.728345 0.000000
v -0.922821 -1.915938 0.000000
v -0.830410 -2.088825 0.000000
v -0.706048 -2.240361 0.000000
v -0.554511 -2.364724 0.000000
v -0.381625 -2.457134 0.000000
v -0.194032 -2.514040 0.000000
v -0.190283 -0.552469 -0.038060
v -0.374271 -0.609375 -0.074658
v -0.543836 -0.701785 -0.108386
v -0.692461 -0.826148 -0.137949
v -0.814434 -0.977684 -0.162211
v -0.905068 -1.150571 -0.180240
v -0.960881 -1.338164 -0.191342
v -0.979726 -1.533254 -0.195090
v -0.960881 -1.728345 -0.191342
v -0.905069 -1.915938 -0.180240
v -0.814434 -2.088825 -0.162211
v -0.692461 -2.240361 -0.137949
v -0.543836 -2.364724 -0.108386
v -0.374271 -2.457134 -0.074658
v -0.190283 -2.514040 -0.038060
v -0.179181 -0.552469 -0.074658
v -0.352495 -0.609375 -0.146446
v -0.512221 -0.701785 -0.212607
v -0.652223 -0.826148 -0.270598
v -0.767119 -0.977684 -0.318189
v -0.852494 -1.150571 -0.353553
v -0.905068 -1.338164 -0.375330
v -0.922820 -1.533254 -0.382683
v -0.905068 -1.728345 -0.375330
v -0.852494 -1.915938 -0.353553
v -0.767119 -2.088825 -0.318189
v -0.652223 -2.240361 -0.270598
v -0.512221 -2.364724 -0.212607
v -0.352495 -2.457134 -0.146446
v -0.179181 -2.514040 -0.074658
v -0.161153 -0.552469 -0.108386
v -0.317131 -0.609375 -0.212607
v -0.460881 -0.701785 -0.308658
v -0.586879 -0.826148 -0.392847
v -0.690283 -0.977684 -0.461939
v -0.767119 -1.150571 -0.513280
v -0.814434 -1.338164 -0.544895
v -0.830410 -1.533254 -0.555570
v -0.814434 -1.728345 -0.544895
v -0.767119 -1.915938 -0.513280
v -0.690283 -2.088825 -0.461939
v -0.586879 -2.240361 -0.392847
v -0.460881 -2.364724 -0.308658
v -0.317131 -2.457134 -0.212607
v -0.161153 -2.514040 -0.108386
v -0.136891 -0.552469 -0.137949
v -0.269539 -0.609375 -0.270598
v -0.391788 -0.701785 -0.392847
v -0.498941 -0.826148 -0.500000
v -0.586879 -0.977684 -0.587937
v -0.652223 -1.150571 -0.653281
v -0.692461 -1.338164 -0.693519
v -0.706047 -1.533254 -0.707106
v -0.692461 -1.728345 -0.693519
v -0.652223 -1.915938 -0.653281
v -0.586879 -2.088825 -0.587937
v -0.498941 -2.240361 -0.500000
v -0.391788 -2.364724 -0.392847
v -0.269539 -2.457134 -0.270598
v -0.136891 -2.514040 -0.137949
v -0.107328 -0.552469 -0.162211
v -0.211549 -0.609375 -0.318189
v -0.307599 -0.701785 -0.461939
v -0.391789 -0.826148 -0.587937
v -0.460881 -0.977684 -0.691341
v -0.512221 -1.150571 -0.768177
v -0.543836 -1.338164 -0.815493
v -0.554511 -1.533254 -0.831469
v -0.543836 -1.728345 -0.815493
v -0.512221 -1.915938 -0.768177
v -0.460881 -2.088825 -0.691341
v -0.391789 -2.240361 -0.587937
v -0.307599 -2.364724 -0.461939
v -0.211549 -2.457134 -0.318189
v -0.107328 -2.514040 -0.162211
v -0.073599 -0.552469 -0.180240
v -0.145388 -0.609375 -0.353553
v -0.211549 -0.701785 -0.513279
v -0.269539 -0.826148 -0.653281
v -0.317131 -0.977684 -0.768177
v -0.352494 -1.150571 -0.853553
v -0.374271 -1.338164 -0.906127
v -0.381624 -1.533254 -0.923878
v -0.374271 -1.728345 -0.906127
v -0.352494 -1.915938 -0.853553
v -0.317131 -2.088825 -0.768177
v -0.269539 -2.240361 -0.653281
v -0.211549 -2.364724 -0.513279
v -0.145388 -2.457134 -0.353553
v -0.073599 -2.514040 -0.180240
v -0.037001 -0.552469 -0.191341
v -0.073599 -0.609375 -0.375330
v -0.107327 -0.701785 -0.544894
v -0.136891 -0.826148 -0.693519
v -0.161153 -0.977684 -0.815492
v -0.179181 -1.150571 -0.906127
v -0.190283 -1.338164 -0.961939
v -0.194031 -1.533254 -0.980784
v -0.190283 -1.728345 -0.961939
v -0.179181 -1.915938 -0.906127
v -0.161153 -2.088825 -0.815492
v -0.136891 -2.240361 -0.693519
v -0.107327 -2.364724 -0.544894
v -0.073599 -2.457134 -0.375330
v -0.037001 -2.514040 -0.191341
v 0.001059 -1.533254 -0.999999
v 0.001059 -1.728345 -0.980784
v 0.001059 -1.915938 -0.923879
v 0.001059 -2.457134 -0.382683
v 0.001059 -2.514040 -0.195090
v 0.001059 -2.533254 0.000000
v 0.675464 -1.934910 0.611634
v 0.681124 -1.882370 0.636619
v 0.675464 -1.829831 0.668518
v 0.658868 -1.983870 0.590804
v 0.658868 -1.780871 0.702314
v 0.404408 -1.323602 0.886167
v 0.515003 -1.679372 0.837480
v 0.386517 -1.679250 0.906170
v 0.557998 -1.686289 0.810941
v 0.632468 -1.738829 0.740398
v 0.598063 -1.706568 0.775489
v 0.632468 -2.025912 0.587719
v 0.601385 -2.066691 0.597364
v 0.561864 -2.092166 0.619895
v 0.515003 -2.102459 0.651041
v 0.462464 -2.100750 0.690253
v 0.386517 -2.102581 0.734233
v 0.348388 -1.205034 0.872623
v 0.321367 -1.191357 0.876505
v 0.292369 -1.186692 0.883830
v 0.263371 -1.191357 0.894098
v 0.371592 -1.226792 0.870568
v 0.362467 -1.218236 0.872517
v 0.400590 -1.288167 0.876078
v 0.389397 -1.255147 0.870757
v 0.402839 -1.338164 0.891990
v 0.400590 -1.359037 0.895511
v 0.389397 -1.392058 0.905164
v 0.379042 -1.408549 0.912532
v 0.371592 -1.420413 0.916007
v 0.348388 -1.442170 0.925274
v 0.321367 -1.455848 0.934872
v 0.292369 -1.460513 0.944146
v 0.258031 -1.679129 0.947072
v 0.258031 -2.102702 0.788534
v 0.236349 -1.205034 0.906610
v 0.213145 -1.226792 0.920512
v 0.195340 -1.255147 0.934859
v 0.184148 -1.288167 0.947586
v 0.188655 -1.274871 0.943109
v 0.180330 -1.323602 0.958711
v 0.181899 -1.338164 0.962974
v 0.184148 -1.359037 0.964808
v 0.195340 -1.392058 0.966568
v 0.193321 -1.386101 0.966570
v 0.263371 -1.455848 0.952465
v 0.236349 -1.442170 0.959261
v 0.213145 -1.420413 0.964071
v 0.193347 -1.679067 0.966700
v 0.001059 -1.678886 0.985656
v 0.129545 -2.102824 0.820467
v 0.001059 -2.102945 0.833057
v -0.261254 -1.191357 0.894098
v -0.234232 -1.205034 0.906610
v -0.211028 -1.226792 0.920512
v -0.193223 -1.255147 0.934859
v -0.186537 -1.274871 0.943109
v -0.182030 -1.288167 0.947586
v -0.178213 -1.323603 0.958711
v -0.179781 -1.338164 0.962974
v -0.182030 -1.359038 0.964808
v -0.261254 -1.455848 0.952465
v -0.234232 -1.442170 0.959261
v -0.211028 -1.420413 0.964071
v -0.191204 -1.386102 0.966570
v -0.193223 -1.392058 0.966568
v -0.191230 -1.679067 0.966700
v -0.255913 -1.679129 0.947072
v -0.255913 -2.102702 0.788534
v -0.127427 -2.102824 0.820467
v -0.319249 -1.191357 0.876505
v -0.290251 -1.186692 0.883830
v -0.369475 -1.226792 0.870568
v -0.360349 -1.218236 0.872517
v -0.346271 -1.205034 0.872623
v -0.387280 -1.255147 0.870757
v -0.376924 -1.408549 0.912532
v -0.387280 -1.392058 0.905164
v -0.369475 -1.420413 0.916007
v -0.346271 -1.442170 0.925274
v -0.319249 -1.455848 0.934872
v -0.290251 -1.460513 0.944146
v -0.376122 -1.679242 0.910595
v -0.458681 -2.096297 0.686309
v -0.513337 -2.089684 0.650209
v -0.384399 -2.102581 0.734233
v -0.398473 -1.288167 0.876077
v -0.402290 -1.323603 0.886166
v -0.400721 -1.338164 0.891989
v -0.398473 -1.359038 0.895511
v -0.546223 -1.684735 0.819064
v -0.512885 -1.679372 0.837479
v -0.619170 -1.728345 0.753668
v -0.630351 -1.738829 0.740398
v -0.595946 -1.706568 0.775489
v -0.673346 -1.829831 0.668518
v -0.656751 -1.780871 0.702313
v -0.673346 -1.934910 0.611634
v -0.679007 -1.882370 0.636619
v -0.656751 -1.983870 0.590803
v -0.630351 -2.025912 0.587719
v -0.595946 -2.058172 0.601589
v -0.555881 -2.078452 0.620515
v 0.386517 -1.679250 0.858263
v 0.515003 -1.679372 0.789572
v 0.386517 -2.085491 0.686326
v 0.258031 -2.085612 0.740626
v 0.129545 -1.679007 0.925083
v 0.258031 -1.679129 0.899165
v 0.129545 -2.085734 0.772560
v 0.001059 -2.085855 0.785150
v 0.557998 -2.078452 0.572608
v 0.515003 -2.085369 0.603134
v 0.598063 -2.058172 0.553683
v 0.632468 -2.025912 0.539812
v 0.658868 -1.983870 0.542896
v 0.675464 -1.934910 0.563727
v 0.681124 -1.882370 0.588712
v 0.675464 -1.829831 0.620611
v 0.658868 -1.780871 0.654407
v 0.632468 -1.738829 0.692491
v 0.598063 -1.706568 0.727582
v 0.557998 -1.686289 0.763034
v 0.001059 -1.678886 0.937749
v 0.263371 -1.191357 0.846191
v 0.292369 -1.186692 0.835923
v 0.236349 -1.205034 0.858702
v 0.213145 -1.226792 0.872605
v 0.195340 -1.255147 0.886952
v 0.184148 -1.288167 0.899679
v 0.180330 -1.323602 0.910804
v 0.184148 -1.359037 0.916901
v 0.195340 -1.392058 0.918661
v 0.213145 -1.420413 0.916164
v 0.236349 -1.442170 0.911354
v 0.263371 -1.455848 0.904558
v 0.292369 -1.460513 0.896239
v 0.321367 -1.455848 0.886965
v 0.348388 -1.442170 0.877367
v 0.371592 -1.420413 0.868100
v 0.389397 -1.392058 0.857257
v 0.400590 -1.359037 0.847604
v 0.404408 -1.323602 0.838259
v 0.400590 -1.288167 0.828171
v 0.389397 -1.255147 0.822850
v 0.371592 -1.226792 0.822661
v 0.348388 -1.205034 0.824716
v 0.321367 -1.191357 0.828598
v -0.384399 -1.679250 0.858263
v -0.512885 -1.679372 0.789572
v -0.384399 -2.085491 0.686326
v -0.255913 -2.085612 0.740626
v -0.127427 -1.679007 0.925083
v -0.255913 -1.679129 0.899165
v -0.127427 -2.085734 0.772560
v -0.555881 -2.078452 0.572608
v -0.512885 -2.085369 0.603134
v -0.595946 -2.058172 0.553682
v -0.630351 -2.025912 0.539812
v -0.656751 -1.983870 0.542896
v -0.673346 -1.934910 0.563727
v -0.679007 -1.882370 0.588712
v -0.673346 -1.829831 0.620611
v -0.656751 -1.780871 0.654406
v -0.630351 -1.738829 0.692491
v -0.595946 -1.706568 0.727582
v -0.555881 -1.686289 0.763034
v -0.261254 -1.191357 0.846191
v -0.290251 -1.186692 0.835923
v -0.234232 -1.205034 0.858702
v -0.211028 -1.226792 0.872605
v -0.193223 -1.255147 0.886952
v -0.182030 -1.288167 0.899679
v -0.178213 -1.323603 0.910804
v -0.182030 -1.359038 0.916901
v -0.193223 -1.392058 0.918661
v -0.211028 -1.420413 0.916164
v -0.234232 -1.442170 0.911354
v -0.261254 -1.455848 0.904558
v -0.290251 -1.460513 0.896239
v -0.319249 -1.455848 0.886965
v -0.346271 -1.442170 0.877367
v -0.369475 -1.420413 0.868100
v -0.387280 -1.392058 0.857257
v -0.398473 -1.359038 0.847604
v -0.402290 -1.323603 0.838259
v -0.398473 -1.288167 0.828171
v -0.387280 -1.255147 0.822850
v -0.369475 -1.226792 0.822661
v -0.346271 -1.205034 0.824716
v -0.319249 -1.191357 0.828598
v 0.681124 -1.882370 0.636619
v 0.675464 -1.934910 0.611634
v 0.675464 -1.829831 0.668518
v 0.400590 -1.288167 0.876078
v 0.404408 -1.323602 0.886167
v 0.386517 -1.679250 0.906170
v 0.515003 -1.679372 0.837480
v 0.557998 -1.686289 0.810941
v 0.598063 -1.706568 0.775489
v 0.632468 -1.738829 0.740398
v 0.658868 -1.983870 0.590804
v 0.632468 -2.025912 0.587719
v 0.601385 -2.066691 0.597364
v 0.561864 -2.092166 0.619895
v 0.462464 -2.100750 0.690253
v 0.515003 -2.102459 0.651041
v 0.386517 -2.102581 0.734233
v 0.321367 -1.191357 0.876505
v 0.348388 -1.205034 0.872623
v 0.292369 -1.186692 0.883830
v 0.371592 -1.226792 0.870568
v 0.362467 -1.218236 0.872517
v 0.389397 -1.255147 0.870757
v 0.402839 -1.338164 0.891990
v 0.400590 -1.359037 0.895511
v 0.389397 -1.392058 0.905164
v 0.379042 -1.408549 0.912532
v 0.371592 -1.420413 0.916007
v 0.348388 -1.442170 0.925274
v 0.321367 -1.455848 0.934872
v 0.292369 -1.460513 0.944146
v 0.001059 -2.102945 0.833057
v 0.129545 -2.102824 0.820467
v 0.263371 -1.191357 0.894098
v 0.236349 -1.205034 0.906610
v 0.213145 -1.226792 0.920512
v 0.195340 -1.255147 0.934859
v 0.188655 -1.274871 0.943109
v 0.184148 -1.288167 0.947586
v 0.180330 -1.323602 0.958711
v 0.184148 -1.359037 0.964808
v 0.181899 -1.338164 0.962974
v 0.193321 -1.386101 0.966570
v 0.195340 -1.392058 0.966568
v 0.263371 -1.455848 0.952465
v 0.236349 -1.442170 0.959261
v 0.213145 -1.420413 0.964071
v 0.193347 -1.679067 0.966700
v 0.001059 -1.678886 0.985656
v 0.258031 -2.102702 0.788534
v -0.127427 -2.102824 0.820467
v -0.255913 -2.102702 0.788534
v -0.261254 -1.191357 0.894098
v -0.234232 -1.205034 0.906610
v -0.211028 -1.226792 0.920512
v -0.193223 -1.255147 0.934859
v -0.186537 -1.274871 0.943109
v -0.182030 -1.288167 0.947586
v -0.178213 -1.323603 0.958711
v -0.179781 -1.338164 0.962974
v -0.182030 -1.359038 0.964808
v -0.234232 -1.442170 0.959261
v -0.261254 -1.455848 0.952465
v -0.211028 -1.420413 0.964071
v -0.193223 -1.392058 0.966568
v -0.191204 -1.386102 0.966570
v -0.191230 -1.679067 0.966700
v -0.512885 -1.679372 0.837479
v -0.376122 -1.679242 0.910595
v -0.384399 -2.102581 0.734233
v -0.319249 -1.191357 0.876505
v -0.290251 -1.186692 0.883830
v -0.369475 -1.226792 0.870568
v -0.360349 -1.218236 0.872517
v -0.346271 -1.205034 0.872623
v -0.387280 -1.255147 0.870757
v -0.369475 -1.420413 0.916007
v -0.376924 -1.408549 0.912532
v -0.387280 -1.392058 0.905164
v -0.346271 -1.442170 0.925274
v -0.319249 -1.455848 0.934872
v -0.290251 -1.460513 0.944146
v -0.255913 -1.679129 0.947072
v -0.595946 -1.706568 0.775489
v -0.546223 -1.684735 0.819064
v -0.458681 -2.096297 0.686309
v -0.513337 -2.089684 0.650209
v -0.398473 -1.288167 0.876077
v -0.402290 -1.323603 0.886166
v -0.400721 -1.338164 0.891989
v -0.398473 -1.359038 0.895511
v -0.679007 -1.882370 0.636619
v -0.673346 -1.829831 0.668518
v -0.619170 -1.728345 0.753668
v -0.630351 -1.738829 0.740398
v -0.656751 -1.780871 0.702313
v -0.656751 -1.983870 0.590803
v -0.673346 -1.934910 0.611634
v -0.595946 -2.058172 0.601589
v -0.555881 -2.078452 0.620515
v -0.630351 -2.025912 0.587719
v 0.258031 -1.679129 0.947072
v 0.658868 -1.780871 0.702314
vt 0.377890 0.427573
vt 0.377890 0.427573
vt 0.439184 0.427631
vt 0.439184 0.427631
vt 0.323716 0.643359
vt 0.323716 0.643359
vt 0.328069 0.647441
vt 0.334786 0.653738
vt 0.334786 0.653738
vt 0.407796 0.564519
vt 0.407796 0.564519
vt 0.399302 0.550993
vt 0.399302 0.550993
vt 0.315223 0.564519
vt 0.315223 0.564519
vt 0.320162 0.556652
vt 0.323716 0.550993
vt 0.323716 0.550993
vt 0.316596 0.233720
vt 0.316596 0.233720
vt 0.279629 0.233755
vt 0.255303 0.233778
vt 0.255303 0.233778
vt 0.399303 0.643359
vt 0.399303 0.643359
vt 0.388233 0.653738
vt 0.388233 0.653738
vt 0.500478 0.233546
vt 0.500478 0.233546
vt 0.439184 0.233604
vt 0.439184 0.233604
vt 0.176056 0.330618
vt 0.176056 0.330618
vt 0.178756 0.305554
vt 0.178756 0.305554
vt 0.347676 0.660263
vt 0.347676 0.660263
vt 0.388233 0.540613
vt 0.388233 0.540613
vt 0.309883 0.580272
vt 0.309883 0.580272
vt 0.500478 0.427689
vt 0.500478 0.427689
vt 0.407796 0.629832
vt 0.407796 0.629832
vt 0.234792 0.237078
vt 0.234792 0.237078
vt 0.178756 0.355681
vt 0.178756 0.355681
vt 0.361509 0.662488
vt 0.361509 0.662488
vt 0.375342 0.534089
vt 0.375342 0.534089
vt 0.308062 0.597176
vt 0.308062 0.597176
vt 0.308810 0.590229
vt 0.413136 0.614080
vt 0.413136 0.614080
vt 0.410986 0.620423
vt 0.215679 0.246752
vt 0.215679 0.246752
vt 0.186672 0.379037
vt 0.186672 0.379037
vt 0.316596 0.427515
vt 0.316596 0.427515
vt 0.255303 0.427457
vt 0.255303 0.427457
vt 0.422940 0.233619
vt 0.377890 0.233662
vt 0.377890 0.233662
vt 0.361509 0.531863
vt 0.361509 0.531863
vt 0.309883 0.614080
vt 0.309883 0.614080
vt 0.414957 0.597176
vt 0.414957 0.597176
vt 0.213819 0.248497
vt 0.199267 0.262142
vt 0.199267 0.262142
vt 0.199266 0.399094
vt 0.199266 0.399094
vt 0.316596 0.427515
vt 0.320545 0.427519
vt 0.347676 0.534089
vt 0.347676 0.534089
vt 0.315223 0.629832
vt 0.315223 0.629832
vt 0.413136 0.580272
vt 0.413136 0.580272
vt 0.414209 0.590229
vt 0.186672 0.282198
vt 0.186672 0.282198
vt 0.215679 0.414483
vt 0.215679 0.414483
vt 0.204600 0.404095
vt 0.375342 0.660263
vt 0.375342 0.660263
vt 0.334786 0.540613
vt 0.334786 0.540613
vt 0.323716 0.643359
vt 0.323716 0.643359
vt 0.407796 0.564519
vt 0.407796 0.564519
vt 0.408759 0.567361
vt 0.178756 0.305554
vt 0.178756 0.305554
vt 0.234792 0.424158
vt 0.234792 0.424158
vt 0.316596 0.233720
vt 0.348367 0.233690
vt 0.377890 0.233662
vt 0.377890 0.233662
vt 0.323716 0.550993
vt 0.323716 0.550993
vt 0.334786 0.653738
vt 0.334786 0.653738
vt 0.328069 0.647441
vt 0.388233 0.653738
vt 0.388233 0.653738
vt 0.399303 0.550993
vt 0.399303 0.550993
vt 0.177781 0.314605
vt 0.176055 0.330618
vt 0.176055 0.330618
vt 0.255303 0.233778
vt 0.255303 0.233778
vt 0.279629 0.233755
vt 0.316596 0.233720
vt 0.439184 0.427631
vt 0.408747 0.427603
vt 0.377890 0.427573
vt 0.377890 0.427573
vt 0.320163 0.556652
vt 0.315223 0.564519
vt 0.315223 0.564519
vt 0.347676 0.660263
vt 0.347676 0.660263
vt 0.399302 0.643359
vt 0.399302 0.643359
vt 0.388233 0.540613
vt 0.388233 0.540613
vt 0.178756 0.355681
vt 0.178756 0.355681
vt 0.439184 0.233604
vt 0.439184 0.233604
vt 0.439184 0.427631
vt 0.309883 0.580272
vt 0.309883 0.580272
vt 0.361509 0.662488
vt 0.361509 0.662488
vt 0.407796 0.629832
vt 0.407796 0.629832
vt 0.375343 0.534089
vt 0.375343 0.534089
vt 0.179531 0.357969
vt 0.186672 0.379037
vt 0.186672 0.379037
vt 0.255303 0.427457
vt 0.255303 0.427457
vt 0.316596 0.427515
vt 0.234792 0.237078
vt 0.234792 0.237078
vt 0.308810 0.590229
vt 0.308062 0.597176
vt 0.308062 0.597176
vt 0.410986 0.620423
vt 0.413136 0.614080
vt 0.413136 0.614080
vt 0.361509 0.531863
vt 0.361509 0.531863
vt 0.199267 0.399094
vt 0.199267 0.399094
vt 0.215679 0.246752
vt 0.215679 0.246752
vt 0.309883 0.614080
vt 0.309883 0.614080
vt 0.414957 0.597176
vt 0.414957 0.597176
vt 0.347676 0.534089
vt 0.347676 0.534089
vt 0.204600 0.404095
vt 0.215679 0.414483
vt 0.215679 0.414483
vt 0.199266 0.262142
vt 0.199266 0.262142
vt 0.375343 0.660263
vt 0.375343 0.660263
vt 0.315223 0.629832
vt 0.315223 0.629832
vt 0.414209 0.590229
vt 0.413136 0.580272
vt 0.413136 0.580272
vt 0.334786 0.540613
vt 0.334786 0.540613
vt 0.234792 0.424158
vt 0.234792 0.424158
vt 0.186672 0.282198
vt 0.186672 0.282198
vt 0.408759 0.567361
vt 0.239400 0.424899
vt 0.081114 0.081830
vt 0.081114 0.086985
vt 0.085951 0.086985
vt 0.086488 0.081830
vt 0.081114 0.042869
vt 0.081114 0.045624
vt 0.084346 0.045624
vt 0.083340 0.042869
vt 0.081114 0.076236
vt 0.086819 0.076236
vt 0.081114 0.041172
vt 0.082249 0.041172
vt 0.081114 0.070418
vt 0.086931 0.070418
vt 0.081114 0.099665
vt 0.081114 0.100238
vt 0.082249 0.099665
vt 0.081114 0.040599
vt 0.081114 0.064601
vt 0.086819 0.064601
vt 0.081114 0.097968
vt 0.083340 0.097968
vt 0.081114 0.059007
vt 0.086488 0.059007
vt 0.081114 0.095212
vt 0.084346 0.095212
vt 0.081114 0.053851
vt 0.085951 0.053851
vt 0.081114 0.091504
vt 0.085227 0.091504
vt 0.081114 0.049333
vt 0.085227 0.049333
vt 0.089183 0.091504
vt 0.090602 0.086985
vt 0.089183 0.049333
vt 0.087454 0.045624
vt 0.091657 0.081830
vt 0.085481 0.042869
vt 0.092306 0.076236
vt 0.083340 0.041172
vt 0.092525 0.070418
vt 0.083340 0.099665
vt 0.092306 0.064601
vt 0.085481 0.097968
vt 0.091657 0.059007
vt 0.087454 0.095212
vt 0.090602 0.053851
vt 0.097681 0.070418
vt 0.097362 0.064601
vt 0.084346 0.099665
vt 0.087454 0.097968
vt 0.096419 0.059007
vt 0.090318 0.095212
vt 0.094889 0.053851
vt 0.092828 0.091504
vt 0.092828 0.049333
vt 0.094889 0.086985
vt 0.090318 0.045624
vt 0.096419 0.081830
vt 0.087454 0.042869
vt 0.097362 0.076236
vt 0.084346 0.041172
vt 0.096023 0.049333
vt 0.092828 0.045624
vt 0.098646 0.086985
vt 0.100594 0.081830
vt 0.089183 0.042869
vt 0.101794 0.076236
vt 0.085227 0.041172
vt 0.102199 0.070418
vt 0.085227 0.099665
vt 0.101794 0.064601
vt 0.089183 0.097968
vt 0.100594 0.059007
vt 0.092828 0.095212
vt 0.098646 0.053851
vt 0.096023 0.091504
vt 0.085951 0.099665
vt 0.090602 0.097968
vt 0.105431 0.064601
vt 0.104020 0.059007
vt 0.094889 0.095212
vt 0.101729 0.053851
vt 0.098646 0.091504
vt 0.098646 0.049333
vt 0.101729 0.086985
vt 0.094889 0.045624
vt 0.104020 0.081830
vt 0.090602 0.042869
vt 0.105431 0.076236
vt 0.085951 0.041172
vt 0.105908 0.070418
vt 0.104020 0.086985
vt 0.106566 0.081830
vt 0.096419 0.045624
vt 0.091657 0.042869
vt 0.108134 0.076236
vt 0.086488 0.041172
vt 0.108663 0.070418
vt 0.086488 0.099665
vt 0.108134 0.064601
vt 0.091657 0.097968
vt 0.106566 0.059007
vt 0.096419 0.095212
vt 0.104020 0.053851
vt 0.100594 0.091504
vt 0.100594 0.049333
vt 0.109798 0.064601
vt 0.108134 0.059007
vt 0.092306 0.097968
vt 0.097362 0.095212
vt 0.105431 0.053851
vt 0.101794 0.091504
vt 0.101794 0.049333
vt 0.105431 0.086985
vt 0.097362 0.045624
vt 0.108134 0.081830
vt 0.092306 0.042869
vt 0.109798 0.076236
vt 0.086819 0.041172
vt 0.110360 0.070418
vt 0.086819 0.099665
vt 0.097681 0.045624
vt 0.092525 0.042869
vt 0.108663 0.081830
vt 0.110360 0.076236
vt 0.086931 0.041172
vt 0.110933 0.070418
vt 0.086931 0.099665
vt 0.110360 0.064601
vt 0.092525 0.097968
vt 0.108663 0.059007
vt 0.097681 0.095212
vt 0.105908 0.053851
vt 0.102199 0.091504
vt 0.102199 0.049333
vt 0.105908 0.086985
vt 0.103828 0.232130
vt 0.059745 0.314605
vt 0.068213 0.314605
vt 0.111450 0.232130
vt 0.163155 0.834485
vt 0.235445 0.893811
vt 0.240538 0.893811
vt 0.169637 0.834485
vt 0.163155 0.159840
vt 0.169637 0.159840
vt 0.103828 0.762195
vt 0.111450 0.762195
vt 0.235445 0.100513
vt 0.240538 0.100513
vt 0.059745 0.679720
vt 0.068213 0.679720
vt 0.317920 0.056429
vt 0.321428 0.056429
vt 0.032598 0.590229
vt 0.041589 0.590229
vt 0.407411 0.029282
vt 0.409199 0.029282
vt 0.023432 0.497162
vt 0.032598 0.497162
vt 0.407411 0.965042
vt 0.500478 0.974208
vt 0.409199 0.965042
vt 0.500478 0.020116
vt 0.032598 0.404095
vt 0.041589 0.404095
vt 0.317921 0.937895
vt 0.321428 0.937895
vt 0.331816 0.056429
vt 0.414495 0.029282
vt 0.068213 0.590229
vt 0.059745 0.497162
vt 0.414495 0.965042
vt 0.068213 0.404095
vt 0.331816 0.937895
vt 0.093294 0.314605
vt 0.255619 0.893811
vt 0.134022 0.232130
vt 0.188832 0.834485
vt 0.188832 0.159840
vt 0.134022 0.762195
vt 0.255619 0.100513
vt 0.093294 0.679720
vt 0.280111 0.893811
vt 0.220005 0.834485
vt 0.176031 0.224283
vt 0.220005 0.159840
vt 0.170676 0.762195
vt 0.280111 0.100513
vt 0.134022 0.679720
vt 0.348687 0.056429
vt 0.111450 0.590229
vt 0.423095 0.029282
vt 0.103829 0.497162
vt 0.423095 0.965042
vt 0.111450 0.404095
vt 0.348687 0.937895
vt 0.134022 0.314605
vt 0.169637 0.590229
vt 0.163156 0.497162
vt 0.434669 0.965042
vt 0.434669 0.029282
vt 0.169637 0.404095
vt 0.371390 0.937895
vt 0.178756 0.355681
vt 0.176055 0.330618
vt 0.177781 0.314605
vt 0.313071 0.893811
vt 0.178756 0.305554
vt 0.186672 0.282198
vt 0.199267 0.262142
vt 0.213819 0.248497
vt 0.231983 0.211488
vt 0.261955 0.834485
vt 0.261955 0.159840
vt 0.220005 0.762195
vt 0.313071 0.100513
vt 0.188832 0.679720
vt 0.371390 0.056429
vt 0.295907 0.197487
vt 0.313071 0.159840
vt 0.313071 0.834485
vt 0.280111 0.762195
vt 0.353233 0.100513
vt 0.255619 0.679720
vt 0.399054 0.056429
vt 0.240538 0.590229
vt 0.448772 0.029282
vt 0.235445 0.497162
vt 0.448772 0.965042
vt 0.234792 0.424158
vt 0.215679 0.414483
vt 0.204600 0.404095
vt 0.399054 0.937895
vt 0.353233 0.893811
vt 0.215679 0.246752
vt 0.234792 0.237078
vt 0.255303 0.233778
vt 0.279629 0.233755
vt 0.464862 0.965042
vt 0.464862 0.029282
vt 0.430616 0.937895
vt 0.399054 0.893811
vt 0.348368 0.233690
vt 0.343218 0.197487
vt 0.371390 0.834485
vt 0.371390 0.159840
vt 0.348687 0.762195
vt 0.399054 0.100513
vt 0.331816 0.679720
vt 0.430616 0.056429
vt 0.328069 0.647441
vt 0.323716 0.643359
vt 0.315223 0.629832
vt 0.309883 0.614080
vt 0.308062 0.597176
vt 0.308810 0.590229
vt 0.309883 0.580272
vt 0.315223 0.564519
vt 0.320163 0.556652
vt 0.317921 0.497162
vt 0.434669 0.834485
vt 0.423096 0.762195
vt 0.434669 0.159840
vt 0.448772 0.100513
vt 0.414495 0.679720
vt 0.464862 0.056429
vt 0.482321 0.029282
vt 0.323716 0.550993
vt 0.334786 0.540613
vt 0.347676 0.534089
vt 0.361509 0.531863
vt 0.375342 0.534089
vt 0.388233 0.540613
vt 0.399302 0.550993
vt 0.407796 0.564519
vt 0.408759 0.567361
vt 0.407411 0.497162
vt 0.482321 0.965042
vt 0.464862 0.937895
vt 0.448772 0.893811
vt 0.377890 0.233662
vt 0.422940 0.233619
vt 0.436960 0.197487
vt 0.500478 0.965042
vt 0.500478 0.937895
vt 0.500478 0.893811
vt 0.439184 0.233604
vt 0.500478 0.233546
vt 0.500478 0.197487
vt 0.500478 0.834485
vt 0.500478 0.159840
vt 0.500478 0.762195
vt 0.500478 0.100513
vt 0.500478 0.679720
vt 0.500478 0.056429
vt 0.500478 0.029282
vt 0.413136 0.580272
vt 0.414209 0.590229
vt 0.500478 0.590229
vt 0.500478 0.497162
vt 0.434669 0.159840
vt 0.448773 0.100513
vt 0.423095 0.762195
vt 0.414495 0.679720
vt 0.464863 0.056429
vt 0.410986 0.620423
vt 0.413136 0.614080
vt 0.414957 0.597176
vt 0.414209 0.590229
vt 0.482321 0.029282
vt 0.413136 0.580272
vt 0.408759 0.567361
vt 0.407411 0.497162
vt 0.482321 0.965042
vt 0.464863 0.937895
vt 0.448773 0.893811
vt 0.422940 0.233619
vt 0.436899 0.197487
vt 0.434669 0.834485
vt 0.430616 0.937895
vt 0.399054 0.893811
vt 0.377890 0.233662
vt 0.348367 0.233690
vt 0.343449 0.196559
vt 0.371390 0.834485
vt 0.371390 0.159840
vt 0.348687 0.762195
vt 0.399054 0.100513
vt 0.331817 0.679720
vt 0.430616 0.056429
vt 0.464863 0.029282
vt 0.407796 0.564519
vt 0.399303 0.550993
vt 0.388233 0.540613
vt 0.375343 0.534089
vt 0.361509 0.531863
vt 0.347676 0.534089
vt 0.334786 0.540613
vt 0.323716 0.550993
vt 0.320162 0.556652
vt 0.317920 0.497162
vt 0.464863 0.965042
vt 0.353234 0.100513
vt 0.399054 0.056429
vt 0.448773 0.029282
vt 0.315223 0.564519
vt 0.309883 0.580272
vt 0.308810 0.590229
vt 0.240538 0.590229
vt 0.235445 0.497162
vt 0.448773 0.965042
vt 0.399054 0.937895
vt 0.353234 0.893811
vt 0.316596 0.233720
vt 0.279629 0.233755
vt 0.295226 0.197430
vt 0.313072 0.834485
vt 0.313072 0.159840
vt 0.280111 0.762195
vt 0.255620 0.679720
vt 0.371390 0.937895
vt 0.313072 0.893811
vt 0.255303 0.233778
vt 0.234792 0.237078
vt 0.213818 0.248497
vt 0.240108 0.197487
vt 0.261955 0.834485
vt 0.261955 0.159840
vt 0.220004 0.762195
vt 0.313072 0.100513
vt 0.188832 0.679720
vt 0.371390 0.056429
vt 0.169637 0.590229
vt 0.434669 0.029282
vt 0.163156 0.497162
vt 0.434669 0.965042
vt 0.134022 0.679720
vt 0.111450 0.590229
vt 0.348687 0.056429
vt 0.423095 0.029282
vt 0.103829 0.497162
vt 0.423095 0.965042
vt 0.169637 0.404095
vt 0.111450 0.404095
vt 0.348687 0.937895
vt 0.280111 0.893811
vt 0.199266 0.262142
vt 0.186672 0.282198
vt 0.177781 0.314604
vt 0.134022 0.314604
vt 0.170676 0.232130
vt 0.220004 0.834485
vt 0.220004 0.159840
vt 0.170676 0.762195
vt 0.280111 0.100513
vt 0.093294 0.314604
vt 0.134022 0.232130
vt 0.255620 0.893811
vt 0.188832 0.834485
vt 0.188832 0.159840
vt 0.134022 0.762195
vt 0.255620 0.100513
vt 0.093294 0.679720
vt 0.331817 0.056429
vt 0.068214 0.590229
vt 0.414495 0.029282
vt 0.059745 0.497162
vt 0.414495 0.965042
vt 0.068214 0.404095
vt 0.331817 0.937895
vt 0.321428 0.056429
vt 0.409199 0.029282
vt 0.041588 0.590229
vt 0.032599 0.497162
vt 0.409199 0.965042
vt 0.041588 0.404095
vt 0.321428 0.937895
vt 0.068213 0.314604
vt 0.240538 0.893811
vt 0.111451 0.232130
vt 0.169637 0.834485
vt 0.169637 0.159840
vt 0.111451 0.762195
vt 0.240538 0.100513
vt 0.068213 0.679720
vt 0.235445 0.893811
vt 0.163156 0.834485
vt 0.103829 0.232130
vt 0.163156 0.159840
vt 0.103829 0.762195
vt 0.235445 0.100513
vt 0.059745 0.679720
vt 0.317920 0.056429
vt 0.032598 0.590229
vt 0.407411 0.029282
vt 0.023432 0.497162
vt 0.407411 0.965042
vt 0.032598 0.404095
vt 0.317920 0.937895
vt 0.059745 0.314604
vt 0.051294 0.070418
vt 0.051867 0.076236
vt 0.052429 0.076236
vt 0.051867 0.070418
vt 0.075296 0.099665
vt 0.075408 0.099665
vt 0.075296 0.041172
vt 0.075408 0.041172
vt 0.051867 0.064601
vt 0.052429 0.064601
vt 0.069702 0.097968
vt 0.069922 0.097968
vt 0.053564 0.059007
vt 0.054093 0.059007
vt 0.064547 0.095212
vt 0.064865 0.095212
vt 0.056320 0.053851
vt 0.056796 0.053851
vt 0.060028 0.091504
vt 0.060433 0.091504
vt 0.060028 0.049333
vt 0.060433 0.049333
vt 0.056320 0.086985
vt 0.056796 0.086985
vt 0.064547 0.045624
vt 0.064865 0.045624
vt 0.053564 0.081830
vt 0.054093 0.081830
vt 0.069702 0.042869
vt 0.069922 0.042869
vt 0.058207 0.053851
vt 0.061633 0.049333
vt 0.061633 0.091504
vt 0.058207 0.086985
vt 0.065808 0.045624
vt 0.055661 0.081830
vt 0.070571 0.042869
vt 0.054093 0.076236
vt 0.075739 0.041172
vt 0.053564 0.070418
vt 0.075739 0.099665
vt 0.054093 0.064601
vt 0.070571 0.097968
vt 0.055661 0.059007
vt 0.065808 0.095212
vt 0.076277 0.041172
vt 0.056320 0.070418
vt 0.056796 0.064601
vt 0.076277 0.099665
vt 0.071625 0.097968
vt 0.058207 0.059007
vt 0.067339 0.095212
vt 0.060498 0.053851
vt 0.063582 0.091504
vt 0.063582 0.049333
vt 0.060498 0.086985
vt 0.067339 0.045624
vt 0.058207 0.081830
vt 0.071625 0.042869
vt 0.056796 0.076236
vt 0.066204 0.049333
vt 0.069399 0.045624
vt 0.063582 0.086985
vt 0.061633 0.081830
vt 0.073045 0.042869
vt 0.060433 0.076236
vt 0.077000 0.041172
vt 0.060028 0.070418
vt 0.077000 0.099665
vt 0.060433 0.064601
vt 0.073045 0.097968
vt 0.061633 0.059007
vt 0.069399 0.095212
vt 0.063582 0.053851
vt 0.066204 0.091504
vt 0.077882 0.099665
vt 0.074774 0.097968
vt 0.064865 0.064601
vt 0.065808 0.059007
vt 0.071910 0.095212
vt 0.067339 0.053851
vt 0.069399 0.091504
vt 0.069399 0.049333
vt 0.067339 0.086985
vt 0.071910 0.045624
vt 0.065808 0.081830
vt 0.074774 0.042869
vt 0.064865 0.076236
vt 0.077882 0.041172
vt 0.064547 0.070418
vt 0.071625 0.086985
vt 0.070571 0.081830
vt 0.074774 0.045624
vt 0.076747 0.042869
vt 0.069922 0.076236
vt 0.078887 0.041172
vt 0.069702 0.070418
vt 0.078887 0.099665
vt 0.069922 0.064601
vt 0.076747 0.097968
vt 0.070571 0.059007
vt 0.074774 0.095212
vt 0.071625 0.053851
vt 0.073045 0.091504
vt 0.073045 0.049333
vt 0.075408 0.064601
vt 0.075739 0.059007
vt 0.078887 0.097968
vt 0.077882 0.095212
vt 0.076277 0.053851
vt 0.077000 0.091504
vt 0.077000 0.049333
vt 0.076277 0.086985
vt 0.077882 0.045624
vt 0.075739 0.081830
vt 0.078887 0.042869
vt 0.075408 0.076236
vt 0.079979 0.041172
vt 0.075296 0.070418
vt 0.079979 0.099665
vt 0.410986 0.620423
vt 0.407796 0.629832
vt 0.399302 0.643359
vt 0.388233 0.653738
vt 0.375342 0.660263
vt 0.361509 0.662488
vt 0.347676 0.660263
vt 0.334786 0.653738
vt 0.414957 0.597176
vt 0.413136 0.614080
vt 0.179531 0.357969
vt 0.186672 0.379037
vt 0.199266 0.399094
vt 0.204600 0.404095
vt 0.328069 0.647441
vt 0.334786 0.653738
vt 0.347676 0.660263
vt 0.361509 0.662488
vt 0.375343 0.660263
vt 0.388233 0.653738
vt 0.399303 0.643359
vt 0.407796 0.629832
vt 0.408747 0.427603
vt 0.377890 0.427573
vt 0.320545 0.427519
vt 0.316596 0.427515
vt 0.255303 0.427457
vt 0.239400 0.424899
vt 0.320545 0.427519
vt 0.377890 0.427573
vt 0.408747 0.427603
vt 0.439184 0.427631
vt 0.500478 0.427689
vt 0.308062 0.597176
vt 0.309883 0.614080
vt 0.315223 0.629832
vt 0.323716 0.643359
vt 0.199267 0.399094
vt 0.186672 0.379037
vt 0.179531 0.357969
vt 0.176056 0.330618
vt 0.239399 0.424899
vt 0.255303 0.427457
vt 0.215679 0.414483
vt 0.439184 0.330618
vt 0.500478 0.330618
vt 0.500478 0.233546
vt 0.439184 0.233604
vt 0.316596 0.427515
vt 0.316596 0.330618
vt 0.255303 0.330618
vt 0.255303 0.427457
vt 0.255303 0.233778
vt 0.234792 0.237078
vt 0.215679 0.246752
vt 0.199267 0.262142
vt 0.186672 0.282198
vt 0.178756 0.305554
vt 0.176055 0.330618
vt 0.178756 0.355681
vt 0.186672 0.379037
vt 0.199267 0.399094
vt 0.215679 0.414483
vt 0.234792 0.424158
vt 0.377890 0.330618
vt 0.377890 0.233662
vt 0.316596 0.233720
vt 0.500478 0.427689
vt 0.439184 0.427631
vt 0.377890 0.427573
vt 0.361509 0.597176
vt 0.361509 0.662488
vt 0.375342 0.660263
vt 0.388233 0.653738
vt 0.399302 0.643359
vt 0.407796 0.629832
vt 0.413136 0.614080
vt 0.414957 0.597176
vt 0.413136 0.580272
vt 0.407796 0.564519
vt 0.399302 0.550993
vt 0.388233 0.540613
vt 0.375342 0.534089
vt 0.361509 0.531863
vt 0.347676 0.534089
vt 0.334786 0.540613
vt 0.323716 0.550993
vt 0.315223 0.564519
vt 0.309883 0.580272
vt 0.308062 0.597176
vt 0.309883 0.614080
vt 0.315223 0.629832
vt 0.323716 0.643359
vt 0.334786 0.653738
vt 0.347676 0.660263
vt 0.439184 0.330618
vt 0.439184 0.233604
vt 0.316596 0.427515
vt 0.255303 0.427457
vt 0.255303 0.330618
vt 0.316596 0.330618
vt 0.234792 0.237078
vt 0.255303 0.233778
vt 0.215679 0.246752
vt 0.199266 0.262142
vt 0.186672 0.282198
vt 0.178756 0.305554
vt 0.176056 0.330618
vt 0.178756 0.355681
vt 0.186672 0.379037
vt 0.199266 0.399094
vt 0.215679 0.414483
vt 0.234792 0.424158
vt 0.316596 0.233720
vt 0.377890 0.233662
vt 0.377890 0.330618
vt 0.439184 0.427631
vt 0.377890 0.427573
vt 0.361509 0.597176
vt 0.375343 0.660263
vt 0.361509 0.662488
vt 0.388233 0.653738
vt 0.399303 0.643359
vt 0.407796 0.629832
vt 0.413136 0.614080
vt 0.414957 0.597176
vt 0.413136 0.580272
vt 0.407796 0.564519
vt 0.399303 0.550993
vt 0.388233 0.540613
vt 0.375343 0.534089
vt 0.361509 0.531863
vt 0.347676 0.534089
vt 0.334786 0.540613
vt 0.323716 0.550993
vt 0.315223 0.564519
vt 0.309883 0.580272
vt 0.308062 0.597176
vt 0.309883 0.614080
vt 0.315223 0.629832
vt 0.323716 0.643359
vt 0.334786 0.653738
vt 0.347676 0.660263
vn -0.0009 -1.0000 0.0000
vn -0.7734 -0.6339 0.0000
vn -0.7681 -0.6403 0.0000
vn -0.6840 -0.7295 0.0000
vn -0.5688 -0.8224 0.0000
vn -0.5809 -0.8140 0.0000
vn 0.9028 0.4301 0.0000
vn 0.9044 0.4267 0.0000
vn 0.7778 0.6285 0.0000
vn 0.7660 0.6428 0.0000
vn 0.9124 0.4093 0.0000
vn 0.8930 0.4499 0.0000
vn 0.8469 0.5318 0.0000
vn 0.7580 0.6522 0.0000
vn 0.7870 0.6169 0.0000
vn 0.1740 0.9340 0.3119
vn 0.1588 0.9336 0.3212
vn 0.1932 0.9342 0.2998
vn 0.1429 0.9423 0.3028
vn 0.0813 0.9487 0.3054
vn -0.7501 -0.6613 0.0000
vn -0.7927 -0.6095 0.0000
vn -0.6030 -0.7977 0.0000
vn -0.5430 -0.8397 0.0000
vn 0.0000 0.9419 0.3360
vn 0.0545 0.9405 0.3355
vn 0.0596 0.9402 0.3354
vn 0.9994 0.0349 0.0000
vn 0.9995 -0.0327 0.0000
vn 0.9822 0.1875 0.0000
vn 0.9698 0.2440 0.0000
vn -0.2919 -0.9564 0.0000
vn -0.3270 -0.9450 0.0000
vn 0.5877 0.8091 0.0000
vn 0.5600 0.8285 0.0000
vn 0.9803 0.1972 0.0000
vn 0.9732 0.2298 0.0000
vn 0.0000 -1.0000 0.0000
vn -0.8909 -0.4542 0.0000
vn -0.9154 -0.4025 0.0000
vn -0.1115 0.9496 0.2928
vn -0.2490 0.9292 0.2730
vn 0.9843 -0.1763 0.0000
vn 0.9674 -0.2532 0.0000
vn 0.0289 -0.9996 0.0000
vn -0.0306 -0.9995 0.0000
vn 0.3326 0.9431 0.0000
vn 0.2858 0.9583 0.0000
vn 0.9998 -0.0181 0.0000
vn 0.9998 0.0217 0.0000
vn 0.9942 0.1071 0.0000
vn -0.9714 -0.2373 0.0000
vn -0.9809 -0.1943 0.0000
vn -0.9471 -0.3210 0.0000
vn -0.5269 0.8281 0.1912
vn -0.6111 0.7767 0.1525
vn 0.9224 -0.3862 0.0000
vn 0.8829 -0.4695 0.0000
vn 0.0009 -1.0000 0.0000
vn 0.0551 -0.9985 0.0000
vn 0.1058 -0.9944 0.0000
vn 0.1053 0.9366 0.3341
vn 0.1163 0.9355 0.3337
vn 0.0301 0.9995 0.0000
vn -0.0295 0.9995 0.0000
vn 0.9731 -0.2306 0.0000
vn 0.9795 -0.2012 0.0000
vn -0.9999 -0.0155 0.0000
vn -0.9998 0.0202 0.0000
vn -0.7891 0.6124 0.0467
vn -0.7962 0.6036 0.0415
vn 0.8043 -0.5942 0.0000
vn 0.7356 -0.6774 0.0000
vn -0.2799 0.9600 0.0000
vn -0.3376 0.9413 0.0000
vn 0.9005 -0.4349 0.0000
vn 0.9055 -0.4242 0.0000
vn -0.9781 0.2081 0.0000
vn -0.9754 0.2205 0.0000
vn -0.9942 0.1071 0.0000
vn -0.9095 0.4156 0.0000
vn -0.8950 0.4460 0.0000
vn 0.6200 -0.7845 -0.0081
vn 0.5214 -0.8531 -0.0197
vn 0.6840 -0.7295 0.0000
vn 0.3424 -0.9395 0.0000
vn 0.2738 -0.9618 0.0000
vn -0.5515 0.8342 0.0000
vn -0.5956 0.8032 0.0000
vn 0.7734 -0.6339 0.0000
vn 0.7681 -0.6403 0.0000
vn -0.9028 0.4301 0.0000
vn -0.9044 0.4267 0.0000
vn -0.9471 0.3210 0.0000
vn -0.9822 0.1875 0.0000
vn -0.9698 0.2440 0.0000
vn 0.3731 -0.9275 -0.0208
vn 0.2308 -0.9730 -0.0069
vn -0.1140 0.9571 0.2665
vn -0.1260 0.9463 0.2975
vn -0.1053 0.9366 0.3341
vn -0.1163 0.9355 0.3337
vn -0.7580 0.6522 0.0000
vn -0.7870 0.6169 0.0000
vn 0.5809 -0.8140 0.0000
vn 0.5688 -0.8224 0.0000
vn 0.6030 -0.7977 0.0000
vn 0.5430 -0.8397 0.0000
vn -0.7660 0.6428 0.0000
vn -0.7778 0.6285 0.0000
vn -0.9995 -0.0327 0.0000
vn -0.9994 0.0349 0.0000
vn 0.0905 0.9904 0.1045
vn -0.0138 0.9847 0.1737
vn -0.0991 0.9685 0.2283
vn -0.8469 0.5318 0.0000
vn -0.8930 0.4499 0.0000
vn -0.9124 0.4093 0.0000
vn 0.3270 -0.9450 0.0000
vn 0.2919 -0.9564 0.0000
vn 0.7927 -0.6095 0.0000
vn 0.7501 -0.6613 0.0000
vn -0.5600 0.8285 0.0000
vn -0.5877 0.8091 0.0000
vn -0.9674 -0.2532 0.0000
vn -0.9843 -0.1763 0.0000
vn -0.0596 0.9402 0.3354
vn -0.0545 0.9405 0.3355
vn -0.9732 0.2298 0.0000
vn -0.9803 0.1972 0.0000
vn 0.0306 -0.9995 0.0000
vn -0.0289 -0.9996 0.0000
vn 0.9154 -0.4025 0.0000
vn 0.8909 -0.4542 0.0000
vn -0.2858 0.9583 0.0000
vn -0.3326 0.9430 0.0000
vn -0.8829 -0.4695 0.0000
vn -0.9224 -0.3862 0.0000
vn -0.1058 -0.9944 0.0000
vn -0.0535 -0.9986 0.0000
vn 0.3650 0.9309 0.0150
vn 0.2759 0.9607 0.0298
vn -0.9998 0.0217 0.0000
vn -0.9998 -0.0181 0.0000
vn 0.9471 -0.3210 0.0000
vn 0.9809 -0.1943 0.0000
vn 0.9714 -0.2373 0.0000
vn 0.0295 0.9995 0.0000
vn -0.0301 0.9995 0.0000
vn -0.7367 -0.6761 0.0000
vn -0.8043 -0.5942 0.0000
vn 0.5998 0.8001 0.0000
vn 0.5486 0.8360 0.0000
vn -0.9795 -0.2012 0.0000
vn -0.9731 -0.2306 0.0000
vn 0.9998 0.0202 0.0000
vn 0.9999 -0.0155 0.0000
vn 0.3376 0.9413 0.0000
vn 0.2799 0.9600 0.0000
vn -0.5242 -0.8515 0.0000
vn -0.6218 -0.7832 0.0000
vn 0.7783 0.6278 0.0000
vn 0.7665 0.6422 0.0000
vn -0.2738 -0.9618 0.0000
vn -0.3424 -0.9395 0.0000
vn -0.9055 -0.4242 0.0000
vn -0.9005 -0.4349 0.0000
vn 0.9754 0.2205 0.0000
vn 0.9781 0.2081 0.0000
vn 0.5956 0.8032 0.0000
vn 0.5515 0.8342 0.0000
vn -0.2488 -0.9685 0.0000
vn -0.3635 -0.9316 0.0000
vn 0.8950 0.4460 0.0000
vn 0.9095 0.4156 0.0000
vn 0.9471 0.3210 0.0000
vn 0.0000 0.3805 -0.9247
vn 0.0000 0.5528 -0.8333
vn 0.1626 0.5528 -0.8173
vn 0.1804 0.3805 -0.9070
vn 0.0000 -0.9217 -0.3879
vn 0.0000 -0.8286 -0.5598
vn 0.1092 -0.8286 -0.5490
vn 0.0757 -0.9217 -0.3804
vn 0.0000 0.1939 -0.9810
vn 0.1914 0.1939 -0.9622
vn 0.0000 -0.9796 -0.2010
vn 0.0392 -0.9796 -0.1971
vn 0.0000 0.0000 -1.0000
vn 0.1951 0.0000 -0.9808
vn 0.0000 0.9796 -0.2010
vn 0.0000 1.0000 0.0000
vn 0.0392 0.9796 -0.1971
vn 0.0000 -0.1939 -0.9810
vn 0.1914 -0.1939 -0.9622
vn 0.0000 0.9217 -0.3879
vn 0.0757 0.9217 -0.3804
vn 0.0000 -0.3805 -0.9247
vn 0.1804 -0.3805 -0.9070
vn 0.0000 0.8286 -0.5598
vn 0.1092 0.8286 -0.5490
vn 0.0000 -0.5528 -0.8333
vn 0.1626 -0.5528 -0.8173
vn 0.0000 0.7040 -0.7101
vn 0.1385 0.7040 -0.6965
vn 0.0000 -0.7040 -0.7101
vn 0.1385 -0.7040 -0.6965
vn 0.2717 0.7040 -0.6561
vn 0.3189 0.5528 -0.7699
vn 0.2717 -0.7040 -0.6561
vn 0.2142 -0.8286 -0.5171
vn 0.3539 0.3805 -0.8544
vn 0.1484 -0.9217 -0.3583
vn 0.3754 0.1939 -0.9063
vn 0.0769 -0.9796 -0.1856
vn 0.3827 0.0000 -0.9239
vn 0.0769 0.9796 -0.1856
vn 0.3754 -0.1939 -0.9063
vn 0.1484 0.9217 -0.3583
vn 0.3539 -0.3805 -0.8544
vn 0.2142 0.8286 -0.5171
vn 0.3189 -0.5528 -0.7699
vn 0.5556 0.0000 -0.8314
vn 0.5450 -0.1939 -0.8157
vn 0.1116 0.9796 -0.1671
vn 0.2155 0.9217 -0.3225
vn 0.5137 -0.3805 -0.7689
vn 0.3110 0.8286 -0.4654
vn 0.4630 -0.5528 -0.6929
vn 0.3945 0.7040 -0.5904
vn 0.3945 -0.7040 -0.5904
vn 0.4630 0.5528 -0.6929
vn 0.3110 -0.8286 -0.4654
vn 0.5137 0.3805 -0.7689
vn 0.2155 -0.9217 -0.3225
vn 0.5450 0.1939 -0.8157
vn 0.1116 -0.9796 -0.1671
vn 0.5021 -0.7040 -0.5021
vn 0.3958 -0.8286 -0.3958
vn 0.5893 0.5528 -0.5893
vn 0.6539 0.3805 -0.6539
vn 0.2743 -0.9217 -0.2743
vn 0.6937 0.1939 -0.6937
vn 0.1421 -0.9796 -0.1421
vn 0.7071 0.0000 -0.7071
vn 0.1421 0.9796 -0.1421
vn 0.6937 -0.1939 -0.6937
vn 0.2743 0.9217 -0.2743
vn 0.6539 -0.3805 -0.6539
vn 0.3958 0.8286 -0.3958
vn 0.5893 -0.5528 -0.5893
vn 0.5021 0.7040 -0.5021
vn 0.1671 0.9796 -0.1116
vn 0.3225 0.9217 -0.2155
vn 0.8157 -0.1939 -0.5450
vn 0.7689 -0.3805 -0.5137
vn 0.4654 0.8286 -0.3110
vn 0.6929 -0.5528 -0.4630
vn 0.5904 0.7040 -0.3945
vn 0.5904 -0.7040 -0.3945
vn 0.6929 0.5528 -0.4630
vn 0.4654 -0.8286 -0.3110
vn 0.7689 0.3805 -0.5137
vn 0.3225 -0.9217 -0.2155
vn 0.8157 0.1939 -0.5450
vn 0.1671 -0.9796 -0.1116
vn 0.8314 0.0000 -0.5556
vn 0.7699 0.5528 -0.3189
vn 0.8544 0.3805 -0.3539
vn 0.5171 -0.8286 -0.2142
vn 0.3583 -0.9217 -0.1484
vn 0.9063 0.1939 -0.3754
vn 0.1856 -0.9796 -0.0769
vn 0.9239 0.0000 -0.3827
vn 0.1856 0.9796 -0.0769
vn 0.9063 -0.1939 -0.3754
vn 0.3583 0.9217 -0.1484
vn 0.8544 -0.3805 -0.3539
vn 0.5171 0.8286 -0.2142
vn 0.7699 -0.5528 -0.3189
vn 0.6561 0.7040 -0.2717
vn 0.6561 -0.7040 -0.2717
vn 0.9622 -0.1939 -0.1914
vn 0.9070 -0.3805 -0.1804
vn 0.3804 0.9217 -0.0757
vn 0.5490 0.8286 -0.1092
vn 0.8173 -0.5528 -0.1626
vn 0.6965 0.7040 -0.1385
vn 0.6965 -0.7040 -0.1385
vn 0.8173 0.5528 -0.1626
vn 0.5490 -0.8286 -0.1092
vn 0.9070 0.3805 -0.1804
vn 0.3804 -0.9217 -0.0757
vn 0.9622 0.1939 -0.1914
vn 0.1971 -0.9796 -0.0392
vn 0.9808 0.0000 -0.1951
vn 0.1971 0.9796 -0.0392
vn 0.5598 -0.8286 0.0000
vn 0.3879 -0.9217 0.0000
vn 0.9247 0.3805 0.0000
vn 0.9810 0.1939 0.0000
vn 0.2010 -0.9796 0.0000
vn 1.0000 0.0000 0.0000
vn 0.2010 0.9796 0.0000
vn 0.9810 -0.1939 0.0000
vn 0.3879 0.9217 0.0000
vn 0.9247 -0.3805 0.0000
vn 0.5598 0.8286 0.0000
vn 0.8333 -0.5528 0.0000
vn 0.7101 0.7040 0.0000
vn 0.7101 -0.7040 0.0000
vn 0.8333 0.5528 0.0000
vn 0.9070 -0.3805 0.1804
vn 0.8173 -0.5528 0.1626
vn 0.5490 0.8286 0.1092
vn 0.6965 0.7040 0.1385
vn 0.6965 -0.7040 0.1385
vn 0.8173 0.5528 0.1626
vn 0.5490 -0.8286 0.1092
vn 0.9070 0.3805 0.1804
vn 0.3804 -0.9217 0.0757
vn 0.9622 0.1939 0.1914
vn 0.1971 -0.9796 0.0392
vn 0.9808 0.0000 0.1951
vn 0.1971 0.9796 0.0392
vn 0.9622 -0.1939 0.1914
vn 0.3804 0.9217 0.0757
vn 0.3583 -0.9217 0.1484
vn 0.1856 -0.9796 0.0769
vn 0.9063 0.1939 0.3754
vn 0.9239 0.0000 0.3827
vn 0.1856 0.9796 0.0769
vn 0.9063 -0.1939 0.3754
vn 0.3583 0.9217 0.1484
vn 0.8524 -0.3829 0.3560
vn 0.5171 0.8286 0.2142
vn 0.7692 -0.5518 0.3221
vn 0.6561 0.7040 0.2717
vn 0.6561 -0.7040 0.2717
vn 0.7699 0.5528 0.3189
vn 0.5171 -0.8286 0.2142
vn 0.8544 0.3805 0.3539
vn 0.4654 0.8286 0.3110
vn 0.5904 0.7040 0.3945
vn 0.6887 -0.5618 0.4584
vn 0.5904 -0.7040 0.3945
vn 0.6929 0.5528 0.4630
vn 0.4654 -0.8286 0.3110
vn 0.7689 0.3805 0.5137
vn 0.3225 -0.9217 0.2155
vn 0.8157 0.1939 0.5450
vn 0.1671 -0.9796 0.1116
vn 0.8314 0.0000 0.5556
vn 0.1671 0.9796 0.1116
vn 0.8151 -0.1961 0.5452
vn 0.3225 0.9217 0.2155
vn 0.7662 -0.3883 0.5119
vn 0.6937 0.1939 0.6937
vn 0.7070 -0.0009 0.7072
vn 0.1421 0.9796 0.1421
vn 0.1421 -0.9796 0.1421
vn 0.6933 -0.1935 0.6941
vn 0.2743 0.9217 0.2743
vn 0.7165 -0.2973 0.6311
vn 0.7367 -0.2975 0.6073
vn 0.7119 -0.4015 0.5762
vn 0.3958 0.8286 0.3958
vn 0.6768 -0.5040 0.5365
vn 0.6317 -0.5585 0.5376
vn 0.5695 -0.6258 0.5329
vn 0.5021 0.7040 0.5021
vn 0.5032 -0.7069 0.4970
vn 0.5893 0.5528 0.5893
vn 0.3958 -0.8286 0.3958
vn 0.6539 0.3805 0.6539
vn 0.2743 -0.9217 0.2743
vn 0.4324 -0.6677 0.6060
vn 0.3926 -0.7157 0.5775
vn 0.3945 0.7040 0.5904
vn 0.4630 0.5528 0.6929
vn 0.3110 -0.8286 0.4654
vn 0.5137 0.3805 0.7689
vn 0.2155 -0.9217 0.3225
vn 0.5450 0.1939 0.8157
vn 0.1116 -0.9796 0.1671
vn 0.5547 -0.0013 0.8321
vn 0.1116 0.9796 0.1671
vn 0.5704 -0.1009 0.8151
vn 0.6306 -0.1014 0.7694
vn 0.6276 -0.1546 0.7630
vn 0.2155 0.9217 0.3225
vn 0.3110 0.8286 0.4654
vn 0.5030 -0.6841 0.5282
vn 0.4381 -0.6793 0.5886
vn 0.0769 0.9796 0.1856
vn 0.0769 -0.9796 0.1856
vn 0.1484 0.9217 0.3583
vn 0.2142 0.8286 0.5171
vn 0.3175 -0.6749 0.6661
vn 0.2976 -0.6688 0.6812
vn 0.2717 0.7040 0.6561
vn 0.2633 -0.7131 0.6498
vn 0.3189 0.5528 0.7699
vn 0.2142 -0.8286 0.5171
vn 0.3539 0.3805 0.8544
vn 0.1484 -0.9217 0.3583
vn 0.4105 0.2899 0.8645
vn 0.4513 0.2890 0.8443
vn 0.4636 0.1804 0.8674
vn 0.4691 0.0975 0.8777
vn 0.4352 0.0978 0.8950
vn 0.3833 -0.0014 0.9236
vn 0.1385 0.7040 0.6965
vn 0.1626 0.5528 0.8173
vn 0.1444 -0.7162 0.6827
vn 0.1092 -0.8286 0.5490
vn 0.1804 0.3805 0.9070
vn 0.0757 -0.9217 0.3804
vn 0.0392 -0.9796 0.1971
vn 0.2889 0.0975 0.9524
vn 0.1173 0.0977 0.9883
vn 0.1962 -0.0010 0.9806
vn 0.0392 0.9796 0.1971
vn 0.0757 0.9217 0.3804
vn 0.1092 0.8286 0.5490
vn 0.2326 -0.6794 0.6959
vn 0.1446 -0.6766 0.7220
vn 0.1533 -0.6712 0.7252
vn 0.0000 0.9796 0.2010
vn 0.0000 0.9217 0.3879
vn 0.0000 0.8286 0.5598
vn 0.0000 -0.6720 0.7405
vn 0.0000 -0.6754 0.7374
vn 0.0000 0.7040 0.7101
vn 0.0000 -0.7256 0.6881
vn 0.0000 0.5528 0.8333
vn 0.0000 -0.8286 0.5598
vn 0.0000 0.3805 0.9247
vn 0.0000 -0.9217 0.3879
vn 0.0000 -0.9796 0.2010
vn 0.0975 0.0975 0.9904
vn 0.0962 0.1889 0.9772
vn 0.0000 0.1939 0.9810
vn 0.0000 0.0000 1.0000
vn -0.1462 -0.7147 0.6840
vn -0.1092 -0.8286 0.5490
vn -0.1626 0.5528 0.8173
vn -0.1804 0.3805 0.9070
vn -0.0757 -0.9217 0.3804
vn -0.1160 0.2895 0.9501
vn -0.0938 0.2890 0.9527
vn -0.0962 0.1889 0.9772
vn -0.0392 -0.9796 0.1971
vn -0.0975 0.0975 0.9904
vn -0.1173 0.0977 0.9883
vn -0.1951 0.0000 0.9808
vn -0.0392 0.9796 0.1971
vn -0.0757 0.9217 0.3804
vn -0.1092 0.8286 0.5490
vn -0.1451 -0.6794 0.7193
vn -0.1550 -0.6719 0.7242
vn -0.1385 0.7040 0.6965
vn -0.1484 0.9217 0.3583
vn -0.2142 0.8286 0.5171
vn -0.2339 -0.6854 0.6896
vn -0.3388 -0.6774 0.6529
vn -0.3104 -0.6644 0.6798
vn -0.2717 0.7040 0.6561
vn -0.2678 -0.7079 0.6536
vn -0.3189 0.5528 0.7699
vn -0.2142 -0.8286 0.5171
vn -0.3539 0.3805 0.8544
vn -0.1484 -0.9217 0.3583
vn -0.0769 -0.9796 0.1856
vn -0.2889 0.0975 0.9524
vn -0.4352 0.0978 0.8950
vn -0.3827 0.0000 0.9239
vn -0.0769 0.9796 0.1856
vn -0.3110 -0.8286 0.4654
vn -0.2155 -0.9217 0.3225
vn -0.1116 -0.9796 0.1671
vn -0.4691 0.0975 0.8777
vn -0.4636 0.1804 0.8674
vn -0.5450 0.1939 0.8157
vn -0.5556 0.0000 0.8314
vn -0.1116 0.9796 0.1671
vn -0.2155 0.9217 0.3225
vn -0.3110 0.8286 0.4654
vn -0.4628 -0.6460 0.6070
vn -0.4460 -0.6460 0.6194
vn -0.3945 0.7040 0.5904
vn -0.3948 -0.7088 0.5845
vn -0.4630 0.5528 0.6929
vn -0.5137 0.3805 0.7689
vn -0.2743 0.9217 0.2743
vn -0.3958 0.8286 0.3958
vn -0.5148 -0.6237 0.5882
vn -0.6162 -0.5466 0.5670
vn -0.5647 -0.6113 0.5544
vn -0.5021 0.7040 0.5021
vn -0.5022 -0.7047 0.5011
vn -0.5893 0.5528 0.5893
vn -0.3958 -0.8286 0.3958
vn -0.6539 0.3805 0.6539
vn -0.2743 -0.9217 0.2743
vn -0.6937 0.1939 0.6937
vn -0.1421 -0.9796 0.1421
vn -0.7071 0.0000 0.7071
vn -0.1421 0.9796 0.1421
vn -0.7689 0.3805 0.5137
vn -0.8157 0.1939 0.5450
vn -0.3225 -0.9217 0.2155
vn -0.1671 -0.9796 0.1116
vn -0.8314 0.0000 0.5556
vn -0.1671 0.9796 0.1116
vn -0.6930 -0.1967 0.6936
vn -0.8151 -0.1961 0.5452
vn -0.3225 0.9217 0.2155
vn -0.4654 0.8286 0.3110
vn -0.6587 -0.5087 0.5543
vn -0.7031 -0.4039 0.5852
vn -0.7651 -0.3875 0.5142
vn -0.6914 -0.5518 0.4664
vn -0.5904 0.7040 0.3945
vn -0.5904 -0.7040 0.3945
vn -0.6929 0.5528 0.4630
vn -0.4654 -0.8286 0.3110
vn -0.8544 -0.3805 0.3539
vn -0.7699 -0.5528 0.3189
vn -0.5171 0.8286 0.2142
vn -0.6561 0.7040 0.2717
vn -0.6561 -0.7040 0.2717
vn -0.7699 0.5528 0.3189
vn -0.5171 -0.8286 0.2142
vn -0.8544 0.3805 0.3539
vn -0.3583 -0.9217 0.1484
vn -0.9063 0.1939 0.3754
vn -0.1856 -0.9796 0.0769
vn -0.9239 0.0000 0.3827
vn -0.1856 0.9796 0.0769
vn -0.9063 -0.1939 0.3754
vn -0.3583 0.9217 0.1484
vn -0.3804 -0.9217 0.0757
vn -0.1971 -0.9796 0.0392
vn -0.9622 0.1939 0.1914
vn -0.9808 0.0000 0.1951
vn -0.1971 0.9796 0.0392
vn -0.9622 -0.1939 0.1914
vn -0.3804 0.9217 0.0757
vn -0.9070 -0.3805 0.1804
vn -0.5490 0.8286 0.1092
vn -0.8173 -0.5528 0.1626
vn -0.6965 0.7040 0.1385
vn -0.6965 -0.7040 0.1385
vn -0.8173 0.5528 0.1626
vn -0.5490 -0.8286 0.1092
vn -0.9070 0.3805 0.1804
vn -0.5598 0.8286 0.0000
vn -0.7101 0.7040 0.0000
vn -0.8333 -0.5528 0.0000
vn -0.7101 -0.7040 0.0000
vn -0.8333 0.5528 0.0000
vn -0.5598 -0.8286 0.0000
vn -0.9247 0.3805 0.0000
vn -0.3879 -0.9217 0.0000
vn -0.9810 0.1939 0.0000
vn -0.2010 -0.9796 0.0000
vn -1.0000 0.0000 0.0000
vn -0.2010 0.9796 0.0000
vn -0.9810 -0.1939 0.0000
vn -0.3879 0.9217 0.0000
vn -0.9247 -0.3805 0.0000
vn -0.9622 0.1939 -0.1914
vn -0.9808 0.0000 -0.1951
vn -0.1971 0.9796 -0.0392
vn -0.1971 -0.9796 -0.0392
vn -0.9622 -0.1939 -0.1914
vn -0.3804 0.9217 -0.0757
vn -0.9070 -0.3805 -0.1804
vn -0.5490 0.8286 -0.1092
vn -0.8173 -0.5528 -0.1626
vn -0.6965 0.7040 -0.1385
vn -0.6965 -0.7040 -0.1385
vn -0.8173 0.5528 -0.1626
vn -0.5490 -0.8286 -0.1092
vn -0.9070 0.3805 -0.1804
vn -0.3804 -0.9217 -0.0757
vn -0.7699 -0.5528 -0.3189
vn -0.6561 -0.7040 -0.2717
vn -0.6561 0.7040 -0.2717
vn -0.7699 0.5528 -0.3189
vn -0.5171 -0.8286 -0.2142
vn -0.8544 0.3805 -0.3539
vn -0.3583 -0.9217 -0.1484
vn -0.9063 0.1939 -0.3754
vn -0.1856 -0.9796 -0.0769
vn -0.9239 0.0000 -0.3827
vn -0.1856 0.9796 -0.0769
vn -0.9063 -0.1939 -0.3754
vn -0.3583 0.9217 -0.1484
vn -0.8544 -0.3805 -0.3539
vn -0.5171 0.8286 -0.2142
vn -0.1671 -0.9796 -0.1116
vn -0.8314 0.0000 -0.5556
vn -0.8157 -0.1939 -0.5450
vn -0.1671 0.9796 -0.1116
vn -0.3225 0.9217 -0.2155
vn -0.7689 -0.3805 -0.5137
vn -0.4654 0.8286 -0.3110
vn -0.6929 -0.5528 -0.4630
vn -0.5904 0.7040 -0.3945
vn -0.5904 -0.7040 -0.3945
vn -0.6929 0.5528 -0.4630
vn -0.4654 -0.8286 -0.3110
vn -0.7689 0.3805 -0.5137
vn -0.3225 -0.9217 -0.2155
vn -0.8157 0.1939 -0.5450
vn -0.5021 -0.7040 -0.5021
vn -0.3958 -0.8286 -0.3958
vn -0.5893 0.5528 -0.5893
vn -0.6539 0.3805 -0.6539
vn -0.2743 -0.9217 -0.2743
vn -0.6937 0.1939 -0.6937
vn -0.1421 -0.9796 -0.1421
vn -0.7071 0.0000 -0.7071
vn -0.1421 0.9796 -0.1421
vn -0.6937 -0.1939 -0.6937
vn -0.2743 0.9217 -0.2743
vn -0.6539 -0.3805 -0.6539
vn -0.3958 0.8286 -0.3958
vn -0.5893 -0.5528 -0.5893
vn -0.5021 0.7040 -0.5021
vn -0.1116 0.9796 -0.1671
vn -0.2155 0.9217 -0.3225
vn -0.5450 -0.1939 -0.8157
vn -0.5137 -0.3805 -0.7689
vn -0.3110 0.8286 -0.4654
vn -0.4630 -0.5528 -0.6929
vn -0.3945 0.7040 -0.5904
vn -0.3945 -0.7040 -0.5904
vn -0.4630 0.5528 -0.6929
vn -0.3110 -0.8286 -0.4654
vn -0.5137 0.3805 -0.7689
vn -0.2155 -0.9217 -0.3225
vn -0.5450 0.1939 -0.8157
vn -0.1116 -0.9796 -0.1671
vn -0.5556 0.0000 -0.8314
vn -0.3189 0.5528 -0.7699
vn -0.3539 0.3805 -0.8544
vn -0.2142 -0.8286 -0.5171
vn -0.1484 -0.9217 -0.3583
vn -0.3754 0.1939 -0.9063
vn -0.0769 -0.9796 -0.1856
vn -0.3827 0.0000 -0.9239
vn -0.0769 0.9796 -0.1856
vn -0.3754 -0.1939 -0.9063
vn -0.1484 0.9217 -0.3583
vn -0.3539 -0.3805 -0.8544
vn -0.2142 0.8286 -0.5171
vn -0.3189 -0.5528 -0.7699
vn -0.2717 0.7040 -0.6561
vn -0.2717 -0.7040 -0.6561
vn -0.1914 -0.1939 -0.9622
vn -0.1804 -0.3805 -0.9070
vn -0.0757 0.9217 -0.3804
vn -0.1092 0.8286 -0.5490
vn -0.1626 -0.5528 -0.8173
vn -0.1385 0.7040 -0.6965
vn -0.1385 -0.7040 -0.6965
vn -0.1626 0.5528 -0.8173
vn -0.1092 -0.8286 -0.5490
vn -0.1804 0.3805 -0.9070
vn -0.0757 -0.9217 -0.3804
vn -0.1914 0.1939 -0.9622
vn -0.0392 -0.9796 -0.1971
vn -0.1951 0.0000 -0.9808
vn -0.0392 0.9796 -0.1971
vn 0.1160 0.2895 0.9501
vn 0.2779 0.2890 0.9161
vn 0.0938 0.2890 0.9527
vn -0.7164 -0.2972 0.6312
vn -0.6106 -0.2919 0.7361
vn -0.6294 -0.1336 0.7655
vn -0.4105 0.2899 0.8645
vn -0.2779 0.2890 0.9161
vn 0.1964 -0.1000 0.9754
vn 0.2931 -0.1015 0.9507
vn 0.3894 -0.1008 0.9155
vn 0.4745 -0.0992 0.8746
vn -0.3809 -0.0980 0.9194
vn -0.2889 -0.0975 0.9524
vn -0.1942 -0.0980 0.9760
vn 0.0000 -0.0980 0.9952
vn -0.4513 0.2890 0.8443
vn 0.6111 -0.2923 0.7356
vn -0.7367 -0.2975 0.6073
vn -0.5641 -0.0980 0.8198
vn -0.4691 -0.0975 0.8777
vn -0.6314 -0.0975 0.7693
vn 0.1468 -0.3450 0.9270
vn 0.0000 -0.3450 0.9386
vn 0.0000 -0.4446 0.8957
vn 0.1488 -0.4433 0.8839
vn 0.3786 -0.2497 0.8912
vn 0.3873 -0.3515 0.8523
vn 0.5181 -0.3565 0.7774
vn 0.4675 -0.2434 0.8498
vn 0.5195 -0.4481 0.7275
vn 0.5605 -0.4435 0.6994
vn 0.5976 -0.4126 0.6875
vn 0.6142 -0.4029 0.6785
vn 0.5795 -0.4457 0.6822
vn 0.5721 -0.4471 0.6876
vn 0.6019 -0.3832 0.7006
vn 0.6072 -0.3377 0.7192
vn 0.6052 -0.2977 0.7383
vn 0.5849 -0.2714 0.7643
vn 0.5667 -0.2506 0.7848
vn 0.5200 -0.2459 0.8180
vn 0.2592 -0.3482 0.9008
vn 0.2696 -0.4464 0.8532
vn 0.3985 -0.4541 0.7968
vn 0.0000 -0.2458 0.9693
vn 0.1458 -0.2454 0.9584
vn 0.2516 -0.2492 0.9352
vn 0.2976 0.2095 0.9314
vn 0.2715 0.2794 0.9210
vn 0.2632 0.2655 0.9275
vn 0.2651 0.2258 0.9374
vn 0.2759 0.1669 0.9466
vn 0.2967 0.1262 0.9466
vn 0.3051 0.1122 0.9457
vn 0.3001 0.1157 0.9469
vn 0.2944 0.1179 0.9484
vn 0.2883 0.1188 0.9501
vn 0.2822 0.1184 0.9520
vn 0.2765 0.1166 0.9539
vn 0.2946 0.1334 0.9463
vn 0.3223 0.1589 0.9332
vn 0.3298 0.1841 0.9259
vn 0.3316 0.2516 0.9092
vn 0.3346 0.2742 0.9015
vn 0.3514 0.2446 0.9037
vn 0.3414 0.2491 0.9063
vn 0.3002 0.2769 0.9127
vn -0.1468 -0.3450 0.9270
vn -0.1488 -0.4433 0.8839
vn -0.3786 -0.2497 0.8912
vn -0.4675 -0.2434 0.8498
vn -0.5181 -0.3565 0.7774
vn -0.3873 -0.3515 0.8523
vn -0.5605 -0.4435 0.6994
vn -0.5195 -0.4481 0.7275
vn -0.5976 -0.4126 0.6875
vn -0.6142 -0.4029 0.6785
vn -0.5795 -0.4457 0.6822
vn -0.5721 -0.4471 0.6876
vn -0.6019 -0.3832 0.7006
vn -0.6072 -0.3377 0.7192
vn -0.6052 -0.2977 0.7383
vn -0.5849 -0.2714 0.7643
vn -0.5667 -0.2506 0.7848
vn -0.5200 -0.2459 0.8180
vn -0.3985 -0.4541 0.7968
vn -0.2696 -0.4464 0.8532
vn -0.2592 -0.3482 0.9008
vn -0.1458 -0.2454 0.9584
vn -0.2516 -0.2492 0.9352
vn -0.2976 0.2095 0.9314
vn -0.2715 0.2794 0.9210
vn -0.2632 0.2655 0.9275
vn -0.2651 0.2258 0.9374
vn -0.2759 0.1669 0.9466
vn -0.2967 0.1262 0.9466
vn -0.3051 0.1122 0.9457
vn -0.3001 0.1157 0.9469
vn -0.2944 0.1179 0.9484
vn -0.2883 0.1188 0.9501
vn -0.2822 0.1184 0.9520
vn -0.2765 0.1166 0.9539
vn -0.2946 0.1334 0.9463
vn -0.3223 0.1589 0.9332
vn -0.3298 0.1841 0.9259
vn -0.3316 0.2516 0.9092
vn -0.3346 0.2742 0.9015
vn -0.3514 0.2446 0.9037
vn -0.3414 0.2491 0.9063
vn -0.3002 0.2769 0.9127
usemtl Yellow
s 1
f 4600/4719/3816 5444/4720/3816 5200/4721/3816 4601/4722/3816
f 4636/4723/3817 5363/4724/3818 5364/4725/3819 5361/4726/3820 4637/4727/3821
f 4623/4728/3822 5386/4729/3823 5389/4730/3824 4624/4731/3825
f 4682/4732/3826 5421/4733/3827 5228/4734/3828 5419/4735/3829 4681/4736/3830
f 4595/4737/3831 5359/4738/3832 5167/4739/3833 5358/4740/3834 4602/4741/3835
f 4669/4742/3836 5397/4743/3837 5396/4744/3838 4668/4745/3839
f 4651/4746/3840 5374/4747/3840 5202/4748/3841 4593/4749/3842
f 4658/4750/3843 5434/4751/3844 5440/4752/3845 4657/4753/3846
f 4637/4727/3821 5361/4726/3820 5360/4754/3847 4638/4755/3848
f 4624/4731/3825 5389/4730/3824 5388/4756/3849 4625/4757/3850
f 4683/4758/3851 5433/4759/3852 5421/4733/3827 4682/4732/3826
f 4601/4722/3816 5200/4721/3816 5391/4760/3853 4641/4761/3853
f 4670/4762/3854 5398/4763/3855 5397/4743/3837 4669/4742/3836
f 4602/4741/3835 5358/4740/3834 5356/4764/3856 4603/4765/3857
f 4659/4766/3858 5435/4767/3859 5434/4751/3844 4658/4750/3843
f 4638/4755/3848 5360/4754/3847 5362/4768/3860 4615/4769/3861
f 4625/4757/3850 5388/4756/3849 5387/4770/3862 4626/4771/3863
f 4684/4772/3864 5431/4773/3865 5432/4774/3866 5433/4759/3852 4683/4758/3851
f 4671/4775/3867 5400/4776/3868 5399/4777/3869 5398/4763/3855 4670/4762/3854
f 4603/4765/3857 5356/4764/3856 5355/4778/3870 4604/4779/3871
f 4660/4780/3872 5438/4781/3873 5435/4767/3859 4659/4766/3858
f 4648/4782/3874 5411/4783/3874 5410/4784/3875 4640/4785/3876
f 4593/4749/3842 5202/4786/3841 5392/4787/3877 4594/4788/3878
f 4626/4771/3863 5387/4770/3862 5373/4789/3879 4627/4790/3880
f 4685/4791/3881 5430/4792/3882 5431/4773/3865 4684/4772/3864
f 4672/4793/3883 5401/4794/3884 5400/4776/3868 4671/4775/3867
f 4604/4779/3871 5355/4795/3870 5354/4796/3885 4605/4797/3886
f 4661/4798/3887 5437/4799/3888 5438/4781/3873 4660/4780/3872
f 4599/4800/3816 5348/4801/3816 5444/4720/3816 4600/4719/3816
f 4627/4790/3880 5373/4789/3879 5372/4802/3889 4628/4803/3890
f 4686/4804/3891 5418/4805/3892 5430/4792/3882 4685/4791/3881
f 4673/4806/3893 5403/4807/3894 5211/4808/3895 5401/4794/3884 4672/4793/3883
f 4605/4797/3886 5354/4796/3885 5353/4809/3896 4606/4810/3897
f 4662/4811/3898 5426/4812/3899 5436/4813/3900 5437/4799/3888 4661/4798/3887
f 4615/4769/3861 5362/4768/3860 5376/4814/3901 4616/4815/3902
f 4628/4803/3890 5372/4802/3889 5371/4816/3903 4629/4817/3904
f 4687/4818/3905 5415/4819/3906 5418/4805/3892 4686/4804/3891
f 4674/4820/3907 5407/4821/3908 5216/4822/3909 5403/4807/3894 4673/4806/3893
f 4606/4810/3897 5353/4809/3896 5152/4823/3910 4607/4824/3911
f 4663/4825/3912 5427/4826/3913 5426/4812/3899 4662/4811/3898
f 4644/4827/3914 5412/4828/3915 5394/4829/3916 4643/4830/3917
f 4629/4817/3904 5371/4816/3903 5370/4831/3918 4630/4832/3919
f 4688/4833/3920 5417/4834/3921 5416/4835/3900 5415/4819/3906 4687/4818/3905
f 4616/4815/3902 5376/4814/3901 5377/4836/3922 4617/4837/3923
f 4675/4838/3924 5406/4839/3925 5407/4821/3908 4674/4820/3907
f 4607/4824/3911 5152/4840/3910 5343/4841/3926 4608/4842/3927
f 4640/4785/3876 5410/4784/3875 5427/4826/3913 4663/4825/3912
f 4652/4843/3928 5429/4844/3929 5235/4845/3930 5412/4846/3915 4644/4827/3914
f 4650/4847/3874 5409/4848/3874 5425/4849/3874 4649/4850/3874
f 4630/4832/3919 5370/4831/3918 5180/4851/3931 5368/4852/3932 4631/4853/3933
f 4689/4854/3934 5413/4855/3935 5417/4834/3921 4688/4833/3920
f 4617/4837/3923 5377/4836/3922 5378/4856/3936 4618/4857/3937
f 4676/4858/3938 5404/4859/3939 5406/4839/3925 4675/4838/3924
f 4608/4842/3927 5343/4841/3926 5345/4860/3940 4609/4861/3941
f 4642/4862/3942 5393/4863/3943 5374/4747/3840 4651/4746/3840
f 4641/4761/3853 5391/4760/3853 5409/4864/3874 4650/4847/3874
f 4631/4853/3933 5368/4852/3932 5367/4865/3944 4632/4866/3945
f 4666/4867/3946 5414/4868/3947 5413/4855/3935 4689/4854/3934
f 4618/4857/3937 5378/4856/3936 5379/4869/3948 4619/4870/3949
f 4677/4871/3950 5405/4872/3951 5404/4859/3939 4676/4858/3938
f 4609/4861/3941 5345/4873/3940 5445/4874/3952 4610/4875/3953
f 4592/4876/3954 5349/4877/3955 5348/4878/3816 4599/4800/3816
f 4653/4879/3956 5442/4880/3957 5429/4844/3929 4652/4843/3928
f 4632/4866/3945 5367/4865/3944 5177/4881/3895 5347/4882/3958 4633/4883/3959
f 4619/4870/3949 5379/4869/3948 5380/4884/3960 5381/4885/3961 4620/4886/3962
f 4678/4887/3963 5424/4888/3964 5405/4872/3951 4677/4871/3950
f 4610/4875/3953 5445/4874/3952 5161/4889/3965 4611/4890/3966
f 4643/4830/3917 5394/4829/3916 5393/4863/3943 4642/4862/3942
f 4654/4891/3967 5253/4892/3968 5442/4880/3957 4653/4879/3956
f 4633/4883/3959 5347/4882/3958 5346/4893/3969 4634/4894/3970
f 4620/4886/3962 5381/4885/3961 5382/4895/3971 4621/4896/3972
f 4679/4897/3973 5423/4898/3974 5424/4888/3964 4678/4887/3963
f 4611/4890/3966 5161/4899/3965 5351/4900/3975 4612/4901/3976
f 4649/4850/3874 5425/4849/3874 5411/4783/3874 4648/4782/3874
f 4655/4902/3977 5443/4903/3978 5253/4892/3968 4654/4891/3967
f 4667/4904/3979 5395/4905/3980 5414/4868/3947 4666/4867/3946
f 4634/4894/3970 5346/4893/3969 5365/4906/3981 4635/4907/3982
f 4621/4896/3972 5382/4895/3971 5384/4908/3866 5383/4909/3983 4622/4910/3984
f 4680/4911/3985 5422/4912/3986 5423/4898/3974 4679/4897/3973
f 4612/4901/3976 5351/4900/3975 5350/4913/3987 4613/4914/3988
f 4594/4788/3878 5392/4787/3877 5359/4738/3832 4595/4737/3831
f 4656/4915/3989 5439/4916/3990 5443/4903/3978 4655/4902/3977
f 4635/4907/3982 5365/4906/3981 5363/4724/3818 4636/4723/3817
f 4622/4910/3984 5383/4909/3983 5196/4917/3991 5386/4729/3823 4623/4728/3822
f 4681/4736/3830 5419/4735/3829 5422/4912/3986 4680/4911/3985
f 4613/4914/3988 5350/4918/3987 5349/4877/3955 4592/4876/3954
f 4668/4745/3839 5396/4744/3838 5395/4905/3980 4667/4904/3979
f 4657/4753/3846 5440/4752/3845 5439/4916/3990 4656/4915/3989
f 4695/4919/3992 4694/4920/3993 4704/4921/3994 4705/4922/3995
f 5149/4923/3996 4699/4924/3997 4712/4925/3998 4713/4926/3999
f 4696/4927/4000 4695/4919/3992 4705/4922/3995 4706/4928/4001
f 5150/4929/4002 5149/4923/3996 4713/4926/3999 4714/4930/4003
f 5146/4931/4004 4696/4927/4000 4706/4928/4001 4707/4932/4005
f 4690/4933/4006 4995/4934/4007 4700/4935/4008
f 5151/4936/3853 5150/4929/4002 4714/4930/4003
f 5147/4937/4009 5146/4931/4004 4707/4932/4005 4708/4938/4010
f 4691/4939/4011 4690/4933/4006 4700/4935/4008 4701/4940/4012
f 5148/4941/4013 5147/4937/4009 4708/4938/4010 4709/4942/4014
f 4692/4943/4015 4691/4939/4011 4701/4940/4012 4702/4944/4016
f 4697/4945/4017 5148/4941/4013 4709/4942/4014 4710/4946/4018
f 4693/4947/4019 4692/4943/4015 4702/4944/4016 4703/4948/4020
f 4698/4949/4021 4697/4945/4017 4710/4946/4018 4711/4950/4022
f 4694/4920/3993 4693/4947/4019 4703/4948/4020 4704/4921/3994
f 4699/4924/3997 4698/4949/4021 4711/4950/4022 4712/4925/3998
f 4704/4921/3994 4703/4948/4020 4718/4951/4023 4719/4952/4024
f 4712/4925/3998 4711/4950/4022 4726/4953/4025 4727/4954/4026
f 4705/4922/3995 4704/4921/3994 4719/4952/4024 4720/4955/4027
f 4713/4926/3999 4712/4925/3998 4727/4954/4026 4728/4956/4028
f 4706/4928/4001 4705/4922/3995 4720/4955/4027 4721/4957/4029
f 4714/4930/4003 4713/4926/3999 4728/4956/4028 4729/4958/4030
f 4707/4932/4005 4706/4928/4001 4721/4957/4029 4722/4959/4031
f 4700/4935/4008 4995/4934/4007 4715/4960/4032
f 5151/4936/3853 4714/4930/4003 4729/4958/4030
f 4708/4938/4010 4707/4932/4005 4722/4959/4031 4723/4961/4033
f 4701/4940/4012 4700/4935/4008 4715/4960/4032 4716/4962/4034
f 4709/4942/4014 4708/4938/4010 4723/4961/4033 4724/4963/4035
f 4702/4944/4016 4701/4940/4012 4716/4962/4034 4717/4964/4036
f 4710/4946/4018 4709/4942/4014 4724/4963/4035 4725/4965/4037
f 4703/4948/4020 4702/4944/4016 4717/4964/4036 4718/4951/4023
f 4711/4950/4022 4710/4946/4018 4725/4965/4037 4726/4953/4025
f 4723/4961/4033 4722/4959/4031 4737/4966/4038 4738/4967/4039
f 4716/4962/4034 4715/4960/4032 4730/4968/4040 4731/4969/4041
f 4724/4963/4035 4723/4961/4033 4738/4967/4039 4739/4970/4042
f 4717/4964/4036 4716/4962/4034 4731/4969/4041 4732/4971/4043
f 4725/4965/4037 4724/4963/4035 4739/4970/4042 4740/4972/4044
f 4718/4951/4023 4717/4964/4036 4732/4971/4043 4733/4973/4045
f 4726/4953/4025 4725/4965/4037 4740/4972/4044 4741/4974/4046
f 4719/4952/4024 4718/4951/4023 4733/4973/4045 4734/4975/4047
f 4727/4954/4026 4726/4953/4025 4741/4974/4046 4742/4976/4048
f 4720/4955/4027 4719/4952/4024 4734/4975/4047 4735/4977/4049
f 4728/4956/4028 4727/4954/4026 4742/4976/4048 4743/4978/4050
f 4721/4957/4029 4720/4955/4027 4735/4977/4049 4736/4979/4051
f 4729/4958/4030 4728/4956/4028 4743/4978/4050 4744/4980/4052
f 4722/4959/4031 4721/4957/4029 4736/4979/4051 4737/4966/4038
f 4715/4960/4032 4995/4934/4007 4730/4968/4040
f 5151/4936/3853 4729/4958/4030 4744/4980/4052
f 4742/4976/4048 4741/4974/4046 4756/4981/4053 4757/4982/4054
f 4735/4977/4049 4734/4975/4047 4749/4983/4055 4750/4984/4056
f 4743/4978/4050 4742/4976/4048 4757/4982/4054 4758/4985/4057
f 4736/4979/4051 4735/4977/4049 4750/4984/4056 4751/4986/4058
f 4744/4980/4052 4743/4978/4050 4758/4985/4057 4759/4987/4059
f 4737/4966/4038 4736/4979/4051 4751/4986/4058 4752/4988/4060
f 4730/4968/4040 4995/4934/4007 4745/4989/4061
f 5151/4936/3853 4744/4980/4052 4759/4987/4059
f 4738/4967/4039 4737/4966/4038 4752/4988/4060 4753/4990/4062
f 4731/4969/4041 4730/4968/4040 4745/4989/4061 4746/4991/4063
f 4739/4970/4042 4738/4967/4039 4753/4990/4062 4754/4992/4064
f 4732/4971/4043 4731/4969/4041 4746/4991/4063 4747/4993/4065
f 4740/4972/4044 4739/4970/4042 4754/4992/4064 4755/4994/4066
f 4733/4973/4045 4732/4971/4043 4747/4993/4065 4748/4995/4067
f 4741/4974/4046 4740/4972/4044 4755/4994/4066 4756/4981/4053
f 4734/4975/4047 4733/4973/4045 4748/4995/4067 4749/4983/4055
f 4746/4991/4063 4745/4989/4061 4760/4996/4068 4761/4997/4069
f 4754/4992/4064 4753/4990/4062 4768/4998/4070 4769/4999/4071
f 4747/4993/4065 4746/4991/4063 4761/4997/4069 4762/5000/4072
f 4755/4994/4066 4754/4992/4064 4769/4999/4071 4770/5001/4073
f 4748/4995/4067 4747/4993/4065 4762/5000/4072 4763/5002/4074
f 4756/4981/4053 4755/4994/4066 4770/5001/4073 4771/5003/4075
f 4749/4983/4055 4748/4995/4067 4763/5002/4074 4764/5004/4076
f 4757/4982/4054 4756/4981/4053 4771/5003/4075 4772/5005/4077
f 4750/4984/4056 4749/4983/4055 4764/5004/4076 4765/5006/4078
f 4758/4985/4057 4757/4982/4054 4772/5005/4077 4773/5007/4079
f 4751/4986/4058 4750/4984/4056 4765/5006/4078 4766/5008/4080
f 4759/4987/4059 4758/4985/4057 4773/5007/4079 4774/5009/4081
f 4752/4988/4060 4751/4986/4058 4766/5008/4080 4767/5010/4082
f 4745/4989/4061 4995/4934/4007 4760/4996/4068
f 5151/4936/3853 4759/4987/4059 4774/5009/4081
f 4753/4990/4062 4752/4988/4060 4767/5010/4082 4768/4998/4070
f 4765/5006/4078 4764/5004/4076 4779/5011/4083 4780/5012/4084
f 4773/5007/4079 4772/5005/4077 4787/5013/4085 4788/5014/4086
f 4766/5008/4080 4765/5006/4078 4780/5012/4084 4781/5015/4087
f 4774/5009/4081 4773/5007/4079 4788/5014/4086 4789/5016/4088
f 4767/5010/4082 4766/5008/4080 4781/5015/4087 4782/5017/4089
f 4760/4996/4068 4995/4934/4007 4775/5018/4090
f 5151/4936/3853 4774/5009/4081 4789/5016/4088
f 4768/4998/4070 4767/5010/4082 4782/5017/4089 4783/5019/4091
f 4761/4997/4069 4760/4996/4068 4775/5018/4090 4776/5020/4092
f 4769/4999/4071 4768/4998/4070 4783/5019/4091 4784/5021/4093
f 4762/5000/4072 4761/4997/4069 4776/5020/4092 4777/5022/4094
f 4770/5001/4073 4769/4999/4071 4784/5021/4093 4785/5023/4095
f 4763/5002/4074 4762/5000/4072 4777/5022/4094 4778/5024/4096
f 4771/5003/4075 4770/5001/4073 4785/5023/4095 4786/5025/4097
f 4764/5004/4076 4763/5002/4074 4778/5024/4096 4779/5011/4083
f 4772/5005/4077 4771/5003/4075 4786/5025/4097 4787/5013/4085
f 4784/5021/4093 4783/5019/4091 4798/5026/4098 4799/5027/4099
f 4777/5022/4094 4776/5020/4092 4791/5028/4100 4792/5029/4101
f 4785/5023/4095 4784/5021/4093 4799/5027/4099 4800/5030/4102
f 4778/5024/4096 4777/5022/4094 4792/5029/4101 4793/5031/4103
f 4786/5025/4097 4785/5023/4095 4800/5030/4102 4801/5032/4104
f 4779/5011/4083 4778/5024/4096 4793/5031/4103 4794/5033/4105
f 4787/5013/4085 4786/5025/4097 4801/5032/4104 4802/5034/4106
f 4780/5012/4084 4779/5011/4083 4794/5033/4105 4795/5035/4107
f 4788/5014/4086 4787/5013/4085 4802/5034/4106 4803/5036/4108
f 4781/5015/4087 4780/5012/4084 4795/5035/4107 4796/5037/4109
f 4789/5016/4088 4788/5014/4086 4803/5036/4108 4804/5038/4110
f 4782/5017/4089 4781/5015/4087 4796/5037/4109 4797/5039/4111
f 4775/5018/4090 4995/4934/4007 4790/5040/4112
f 5151/4936/3853 4789/5016/4088 4804/5038/4110
f 4783/5019/4091 4782/5017/4089 4797/5039/4111 4798/5026/4098
f 4776/5020/4092 4775/5018/4090 4790/5040/4112 4791/5028/4100
f 4803/5036/4108 4802/5034/4106 4817/5041/4113 4818/5042/4114
f 4796/5037/4109 4795/5035/4107 4810/5043/4115 4811/5044/4116
f 4804/5038/4110 4803/5036/4108 4818/5042/4114 4819/5045/4117
f 4797/5039/4111 4796/5037/4109 4811/5044/4116 4812/5046/4118
f 4790/5040/4112 4995/4934/4007 4805/5047/4119
f 5151/4936/3853 4804/5038/4110 4819/5045/4117
f 4798/5026/4098 4797/5039/4111 4812/5046/4118 4813/5048/4120
f 4791/5028/4100 4790/5040/4112 4805/5047/4119 4806/5049/4121
f 4799/5027/4099 4798/5026/4098 4813/5048/4120 4814/5050/4122
f 4792/5029/4101 4791/5028/4100 4806/5049/4121 4807/5051/4123
f 4800/5030/4102 4799/5027/4099 4814/5050/4122 4815/5052/4124
f 4793/5031/4103 4792/5029/4101 4807/5051/4123 4808/5053/4125
f 4801/5032/4104 4800/5030/4102 4815/5052/4124 4816/5054/4126
f 4794/5033/4105 4793/5031/4103 4808/5053/4125 4809/5055/4127
f 4802/5034/4106 4801/5032/4104 4816/5054/4126 4817/5041/4113
f 4795/5035/4107 4794/5033/4105 4809/5055/4127 4810/5043/4115
f 4815/5056/4124 4814/5057/4122 4829/5058/4128 4830/5059/4129
f 4808/5060/4125 4807/5061/4123 4822/5062/4130 4823/5063/4131
f 4816/5064/4126 4815/5056/4124 4830/5059/4129 4831/5065/4132
f 4809/5066/4127 4808/5060/4125 4823/5063/4131 4824/5067/4133
f 4817/5068/4113 4816/5064/4126 4831/5065/4132 4832/5069/4134
f 4810/5070/4115 4809/5066/4127 4824/5067/4133 4825/5071/4135
f 4818/5072/4114 4817/5068/4113 4832/5069/4134 4833/5073/4136
f 4811/5074/4116 4810/5070/4115 4825/5071/4135 4826/5075/4137
f 4819/5076/4117 4818/5072/4114 4833/5073/4136 4834/5077/4138
f 4812/5078/4118 4811/5074/4116 4826/5075/4137 4827/5079/4139
f 4805/5080/4119 4995/5081/4007 4820/5082/4140
f 5151/5083/3853 4819/5076/4117 4834/5077/4138
f 4813/5084/4120 4812/5078/4118 4827/5079/4139 4828/5085/4141
f 4806/5086/4121 4805/5080/4119 4820/5082/4140 4821/5087/4142
f 4814/5057/4122 4813/5084/4120 4828/5085/4141 4829/5058/4128
f 4807/5061/4123 4806/5086/4121 4821/5087/4142 4822/5062/4130
f 4834/5077/4138 4833/5073/4136 4848/5088/4143 4849/5089/4144
f 4827/5079/4139 4826/5075/4137 4841/5090/4145 4842/5091/4146
f 4820/5082/4140 4995/5081/4007 4835/5092/4147
f 5151/5083/3853 4834/5077/4138 4849/5089/4144
f 4828/5085/4141 4827/5079/4139 4842/5091/4146 4843/5093/4148
f 4821/5087/4142 4820/5082/4140 4835/5092/4147 4836/5094/4149
f 4829/5058/4128 4828/5085/4141 4843/5093/4148 4844/5095/4150
f 4822/5062/4130 4821/5087/4142 4836/5094/4149 4837/5096/4151
f 4830/5059/4129 4829/5058/4128 4844/5095/4150 4845/5097/4152
f 4823/5063/4131 4822/5062/4130 4837/5096/4151 4838/5098/4153
f 4831/5065/4132 4830/5059/4129 4845/5097/4152 4846/5099/4154
f 4824/5067/4133 4823/5063/4131 4838/5098/4153 4839/5100/4155
f 4832/5069/4134 4831/5065/4132 4846/5099/4154 4847/5101/4156
f 4825/5071/4135 4824/5067/4133 4839/5100/4155 4840/5102/4157
f 4833/5073/4136 4832/5069/4134 4847/5101/4156 4848/5088/4143
f 4826/5075/4137 4825/5071/4135 4840/5102/4157 4841/5090/4145
f 4838/5098/4153 4837/5096/4151 4852/5103/4158 4853/5104/4159
f 4846/5099/4154 4845/5097/4152 4860/5105/4160 4861/5106/4161
f 4839/5100/4155 4838/5098/4153 4853/5104/4159 4854/5107/4162
f 4847/5101/4156 4846/5099/4154 4861/5106/4161 4862/5108/4163
f 4840/5102/4157 4839/5100/4155 4854/5107/4162 4855/5109/4164
f 4848/5088/4143 4847/5101/4156 4862/5108/4163 4863/5110/4165
f 4841/5090/4145 4840/5102/4157 4855/5109/4164 4856/5111/4166
f 4849/5089/4144 4848/5088/4143 4863/5110/4165 4864/5112/4167
f 4842/5091/4146 4841/5090/4145 4856/5111/4166 4857/5113/4168
f 4835/5092/4147 4995/5081/4007 4850/5114/4169
f 5151/5083/3853 4849/5089/4144 4864/5112/4167
f 4843/5093/4148 4842/5091/4146 4857/5113/4168 4858/5115/4170
f 4836/5094/4149 4835/5092/4147 4850/5114/4169 4851/5116/4171
f 4844/5095/4150 4843/5093/4148 4858/5115/4170 4859/5117/4172
f 4837/5096/4151 4836/5094/4149 4851/5116/4171 4852/5103/4158
f 4845/5097/4152 4844/5095/4150 4859/5117/4172 4860/5105/4160
f 4857/5113/4168 4856/5111/4166 4871/5118/4173 4872/5119/4174
f 4850/5114/4169 4995/5081/4007 4865/5120/4175
f 5151/5083/3853 4864/5112/4167 4878/5121/4176
f 4858/5115/4170 4857/5113/4168 4872/5119/4174 4873/5122/4177
f 4851/5116/4171 4850/5114/4169 4865/5120/4175 4866/5123/4178
f 4859/5117/4172 4858/5115/4170 4873/5122/4177 5154/5124/4179 5153/5125/4180 5344/5126/4181
f 4852/5103/4158 4851/5116/4171 4866/5123/4178 4867/5127/4182
f 4860/5105/4160 4859/5117/4172 5344/5128/4181 5155/5129/4183 5163/5130/4183 5164/5131/4184 4874/5132/4185
f 4853/5104/4159 4852/5103/4158 4867/5127/4182 4868/5133/4186
f 4861/5106/4161 4860/5105/4160 4874/5132/4185 4875/5134/4187
f 4854/5107/4162 4853/5104/4159 4868/5133/4186 4869/5135/4188
f 4862/5108/4163 4861/5106/4161 4875/5134/4187 4876/5136/4189
f 4855/5109/4164 4854/5107/4162 4869/5135/4188 4870/5137/4190
f 4863/5110/4165 4862/5108/4163 4876/5136/4189 4877/5138/4191
f 4856/5111/4166 4855/5109/4164 4870/5137/4190 4871/5118/4173
f 4864/5112/4167 4863/5110/4165 4877/5138/4191 4878/5121/4176
f 4875/5134/4187 4874/5132/4185 4887/5139/4192 4888/5140/4193
f 4869/5135/4188 4868/5133/4186 4882/5141/4194 4883/5142/4195
f 4876/5136/4189 4875/5134/4187 4888/5140/4193 4889/5143/4196
f 4870/5137/4190 4869/5135/4188 4883/5142/4195 4884/5144/4197
f 4877/5138/4191 4876/5136/4189 4889/5143/4196 4890/5145/4198
f 4871/5118/4173 4870/5137/4190 4884/5144/4197 4885/5146/4199
f 4878/5121/4176 4877/5138/4191 4890/5145/4198 4891/5147/4200
f 4872/5119/4174 4871/5118/4173 4885/5146/4199 4886/5148/4201
f 4865/5120/4175 4995/5081/4007 4879/5149/4202
f 5151/5083/3853 4878/5121/4176 4891/5147/4200
f 4873/5122/4177 4872/5119/4174 4886/5148/4201 5160/5150/4203 5162/5151/4204 5352/5152/4205
f 4866/5123/4178 4865/5120/4175 4879/5149/4202 4880/5153/4206
f 4867/5127/4182 4866/5123/4178 4880/5153/4206 4881/5154/4207
f 4874/5132/4185 5164/5155/4184 5165/5156/4208 5166/5157/4208 5357/5158/4209 4887/5139/4192
f 4868/5133/4186 4867/5127/4182 4881/5154/4207 4882/5141/4194
f 4879/5149/4202 4995/5081/4007 4892/5159/4210
f 5151/5083/3853 4891/5147/4200 4903/5160/4211
f 4880/5153/4206 4879/5149/4202 4892/5159/4210 4893/5161/4212
f 4881/5154/4207 4880/5153/4206 4893/5161/4212 4894/5162/4213
f 4887/5139/4192 5357/5158/4209 5168/5163/4214 4899/5164/4215
f 4882/5141/4194 4881/5154/4207 4894/5162/4213 4895/5165/4216
f 4888/5140/4193 4887/5139/4192 4899/5164/4215 4900/5166/4217
f 4883/5142/4195 4882/5141/4194 4895/5165/4216 4896/5167/4218
f 4889/5143/4196 4888/5140/4193 4900/5166/4217 4901/5168/4219
f 4884/5144/4197 4883/5142/4195 4896/5167/4218 4897/5169/4220
f 4890/5145/4198 4889/5143/4196 4901/5168/4219 4902/5170/4221
f 4885/5146/4199 4884/5144/4197 4897/5169/4220 5174/5171/4222 5173/5172/4223 5176/5173/4223 5175/5174/4223 5157/5175/4223 5366/5176/4224
f 4891/5147/4200 4890/5145/4198 4902/5170/4221 4903/5160/4211
f 4886/5148/4201 4885/5146/4199 5366/5176/4224 5178/5177/4225 5179/5178/4225 5369/5179/4226 4898/5180/4227
f 4896/5167/4218 4895/5165/4216 4907/5181/4228 4908/5182/4229
f 4901/5168/4219 4900/5166/4217 4912/5183/4230 4913/5184/4231
f 4897/5169/4220 4896/5167/4218 4908/5182/4229 4909/5185/4232
f 4902/5170/4221 4901/5168/4219 4913/5184/4231 4914/5186/4233
f 4903/5160/4211 4902/5170/4221 4914/5186/4233 4915/5187/4234
f 4898/5180/4227 5369/5179/4226 5181/5188/4235 5182/5189/4235 5183/5190/4235 5184/5191/4235 5197/5192/4235 5198/5193/4235 5199/5194/4235 5195/5195/4235 5385/5196/4236 4910/5197/4237
f 4892/5159/4210 4995/5081/4007 4904/5198/4238
f 5151/5083/3853 4903/5160/4211 4915/5187/4234
f 4893/5161/4212 4892/5159/4210 4904/5198/4238 4905/5199/4239
f 4894/5162/4213 4893/5161/4212 4905/5199/4239 4906/5200/4240
f 4899/5164/4215 5168/5163/4214 5186/5201/4241 5375/5202/4242 4911/5203/4243
f 4895/5165/4216 4894/5162/4213 4906/5200/4240 4907/5181/4228
f 4900/5166/4217 4899/5164/4215 4911/5203/4243 4912/5183/4230
f 4905/5199/4239 4904/5198/4238 4916/5204/4244 4917/5205/4245
f 4906/5200/4240 4905/5199/4239 4917/5205/4245 4918/5206/4246
f 4911/5203/4243 5375/5207/4242 5203/5208/4247 4924/5209/4248
f 4907/5181/4228 4906/5200/4240 4918/5206/4246 4919/5210/4249
f 4912/5183/4230 4911/5203/4243 4924/5209/4248 4925/5211/4250
f 4908/5182/4229 4907/5181/4228 4919/5210/4249 4920/5212/4251
f 4913/5184/4231 4912/5183/4230 4925/5211/4250 4926/5213/4252
f 4909/5185/4232 4908/5182/4229 4920/5212/4251 4921/5214/4253
f 4914/5186/4233 4913/5184/4231 4926/5213/4252 4927/5215/4254
f 4915/5187/4234 4914/5186/4233 4927/5215/4254 4928/5216/4255
f 4910/5197/4237 5385/5196/4236 5194/5217/4256 5193/5218/4257 4922/5219/4258 4923/5220/4259
f 4904/5198/4238 4995/5081/4007 4916/5204/4244
f 5151/5083/3853 4915/5187/4234 4928/5216/4255
f 4926/5213/4252 4925/5211/4250 4937/5221/4260 4938/5222/4261
f 4921/5214/4253 4920/5212/4251 4933/5223/4262 4934/5224/4263
f 4927/5215/4254 4926/5213/4252 4938/5222/4261 4939/5225/4264
f 4922/5219/4258 4921/5214/4253 4934/5224/4263 5208/5226/4265 5209/5227/4266 5210/5228/4266 5402/5229/4267
f 4928/5216/4255 4927/5215/4254 4939/5225/4264 4940/5230/4268
f 4923/5220/4259 4922/5219/4258 5402/5229/4267 5212/5231/4269 5408/5232/4270 4935/5233/4271
f 4916/5204/4244 4995/5081/4007 4929/5234/4272
f 5151/5083/3853 4928/5216/4255 4940/5230/4268
f 4917/5205/4245 4916/5204/4244 4929/5234/4272 4930/5235/4273
f 4918/5206/4246 4917/5205/4245 4930/5235/4273 4931/5236/4274
f 4924/5209/4248 5203/5208/4247 5221/5237/4275 4936/5238/4276
f 4919/5210/4249 4918/5206/4246 4931/5236/4274 4932/5239/4277
f 4925/5211/4250 4924/5209/4248 4936/5238/4276 4937/5221/4260
f 4920/5212/4251 4919/5210/4249 4932/5239/4277 4933/5223/4262
f 4931/5236/4274 4930/5235/4273 4942/5240/4278 4943/5241/4279
f 4936/5238/4276 5221/5237/4275 5220/5242/4280 5237/5243/4281 4948/5244/4282
f 4932/5239/4277 4931/5236/4274 4943/5241/4279 4944/5245/4283
f 4937/5221/4260 4936/5238/4276 4948/5244/4282 4949/5246/4284
f 4933/5223/4262 4932/5239/4277 4944/5245/4283 4945/5247/4285
f 4938/5222/4261 4937/5221/4260 4949/5246/4284 4950/5248/4286
f 4934/5224/4263 4933/5223/4262 4945/5247/4285 4946/5249/4287
f 4939/5225/4264 4938/5222/4261 4950/5248/4286 4951/5250/4288
f 4940/5230/4268 4939/5225/4264 4951/5250/4288 4952/5251/4289
f 4935/5233/4271 5408/5232/4270 5217/5252/4290 5215/5253/4290 5214/5254/4290 5213/5255/4290 5233/5256/4290 5232/5257/4290 5231/5258/4290 5230/5259/4290 5420/5260/4291 4947/5261/4292
f 4929/5234/4272 4995/5081/4007 4941/5262/4293
f 5151/5083/3853 4940/5230/4268 4952/5251/4289
f 4930/5235/4273 4929/5234/4272 4941/5262/4293 4942/5240/4278
f 4951/5250/4288 4950/5248/4286 4963/5263/4294 4964/5264/4295
f 4952/5251/4289 4951/5250/4288 4964/5264/4295 4965/5265/4296
f 4947/5261/4292 5420/5260/4291 5229/5266/4297 5241/5267/4297 5240/5268/4298 4959/5269/4299 4960/5270/4300
f 4941/5262/4293 4995/5081/4007 4953/5271/4301
f 5151/5083/3853 4952/5251/4289 4965/5265/4296
f 4942/5240/4278 4941/5262/4293 4953/5271/4301 4954/5272/4302
f 4943/5241/4279 4942/5240/4278 4954/5272/4302 4955/5273/4303
f 4948/5244/4282 5237/5274/4281 5428/5275/4304 4961/5276/4305
f 4944/5245/4283 4943/5241/4279 4955/5273/4303 4956/5277/4306
f 4949/5246/4284 4948/5244/4282 4961/5276/4305 4962/5278/4307
f 4945/5247/4285 4944/5245/4283 4956/5277/4306 4957/5279/4308
f 4950/5248/4286 4949/5246/4284 4962/5278/4307 4963/5263/4294
f 4946/5249/4287 4945/5247/4285 4957/5279/4308 4958/5280/4309
f 4955/5273/4303 4954/5272/4302 4967/5281/4310 4968/5282/4311
f 4961/5276/4305 5428/5275/4304 5236/5283/4312 5254/5284/4312 5441/5285/4313 4975/5286/4314
f 4956/5277/4306 4955/5273/4303 4968/5282/4311 4969/5287/4315
f 4962/5278/4307 4961/5276/4305 4975/5286/4314 4976/5288/4316
f 4957/5279/4308 4956/5277/4306 4969/5287/4315 4970/5289/4317
f 4963/5263/4294 4962/5278/4307 4976/5288/4316 4977/5290/4318
f 4958/5280/4309 4957/5279/4308 4970/5289/4317 4971/5291/4319
f 4964/5264/4295 4963/5263/4294 4977/5290/4318 4978/5292/4320
f 4959/5269/4299 4958/5280/4309 4971/5291/4319 4972/5293/4321
f 4965/5265/4296 4964/5264/4295 4978/5292/4320 4979/5294/4322
f 4960/5270/4300 4959/5269/4299 4972/5293/4321 4973/5295/4323
f 4953/5271/4301 4995/5081/4007 4966/5296/4324
f 5151/5083/3853 4965/5265/4296 4979/5294/4322
f 4954/5272/4302 4953/5271/4301 4966/5296/4324 4967/5281/4310
f 4972/5293/4321 4971/5291/4319 4985/5297/4325 4986/5298/4326
f 4979/5294/4322 4978/5292/4320 4993/5299/4327 4994/5300/4328
f 4973/5295/4323 4972/5293/4321 4986/5298/4326 4987/5301/4329
f 4966/5296/4324 4995/5081/4007 4980/5302/4330
f 5151/5083/3853 4979/5294/4322 4994/5300/4328
f 4974/5303/4331 4973/5295/4323 4987/5301/4329 4988/5304/4332
f 4967/5281/4310 4966/5296/4324 4980/5302/4330 4981/5305/4333
f 4968/5282/4311 4967/5281/4310 4981/5305/4333 4982/5306/4334
f 4975/5286/4314 5441/5285/4313 5252/5307/4335 5251/5308/4335 5249/5309/4336 4989/5310/4337 4990/5311/4338
f 4969/5287/4315 4968/5282/4311 4982/5306/4334 4983/5312/4339
f 4976/5288/4316 4975/5286/4314 4990/5311/4338 4991/5313/4340
f 4970/5289/4317 4969/5287/4315 4983/5312/4339 4984/5314/4341
f 4977/5290/4318 4976/5288/4316 4991/5313/4340 4992/5315/4342
f 4971/5291/4319 4970/5289/4317 4984/5314/4341 4985/5297/4325
f 4978/5292/4320 4977/5290/4318 4992/5315/4342 4993/5299/4327
f 4990/5311/4338 4989/5310/4337 5005/5316/4343 5006/5317/4344
f 4983/5312/4339 4982/5306/4334 4998/5318/4345 4999/5319/4346
f 4991/5313/4340 4990/5311/4338 5006/5317/4344 5007/5320/4347
f 4984/5314/4341 4983/5312/4339 4999/5319/4346 5000/5321/4348
f 4992/5315/4342 4991/5313/4340 5007/5320/4347 5008/5322/4349
f 4985/5297/4325 4984/5314/4341 5000/5321/4348 5001/5323/4350
f 4993/5299/4327 4992/5315/4342 5008/5322/4349 5009/5324/4351
f 4986/5298/4326 4985/5297/4325 5001/5323/4350 5002/5325/4352
f 4994/5300/4328 4993/5299/4327 5009/5324/4351 5010/5326/4353
f 4987/5301/4329 4986/5298/4326 5002/5325/4352 5003/5327/4354
f 4980/5302/4330 4995/5081/4007 4996/5328/4355
f 5151/5083/3853 4994/5300/4328 5010/5326/4353
f 4988/5304/4332 4987/5301/4329 5003/5327/4354 5004/5329/4356
f 4981/5305/4333 4980/5302/4330 4996/5328/4355 4997/5330/4357
f 4989/5310/4337 4988/5304/4332 5004/5329/4356 5005/5316/4343
f 4982/5306/4334 4981/5305/4333 4997/5330/4357 4998/5318/4345
f 5010/5326/4353 5009/5324/4351 5024/5331/4358 5025/5332/4359
f 5003/5327/4354 5002/5325/4352 5017/5333/4360 5018/5334/4361
f 4996/5328/4355 4995/5081/4007 5011/5335/4362
f 5151/5083/3853 5010/5326/4353 5025/5332/4359
f 5004/5329/4356 5003/5327/4354 5018/5334/4361 5019/5336/4363
f 4997/5330/4357 4996/5328/4355 5011/5335/4362 5012/5337/4364
f 5005/5316/4343 5004/5329/4356 5019/5336/4363 5020/5338/4365
f 4998/5318/4345 4997/5330/4357 5012/5337/4364 5013/5339/4366
f 5006/5317/4344 5005/5316/4343 5020/5338/4365 5021/5340/4367
f 4999/5319/4346 4998/5318/4345 5013/5339/4366 5014/5341/4368
f 5007/5320/4347 5006/5317/4344 5021/5340/4367 5022/5342/4369
f 5000/5321/4348 4999/5319/4346 5014/5341/4368 5015/5343/4370
f 5008/5322/4349 5007/5320/4347 5022/5342/4369 5023/5344/4371
f 5001/5323/4350 5000/5321/4348 5015/5343/4370 5016/5345/4372
f 5009/5324/4351 5008/5322/4349 5023/5344/4371 5024/5331/4358
f 5002/5325/4352 5001/5323/4350 5016/5345/4372 5017/5333/4360
f 5014/5341/4368 5013/5339/4366 5028/5346/4373 5029/5347/4374
f 5022/5342/4369 5021/5340/4367 5036/5348/4375 5037/5349/4376
f 5015/5343/4370 5014/5341/4368 5029/5347/4374 5030/5350/4377
f 5023/5344/4371 5022/5342/4369 5037/5349/4376 5038/5351/4378
f 5016/5345/4372 5015/5343/4370 5030/5350/4377 5031/5352/4379
f 5024/5331/4358 5023/5344/4371 5038/5351/4378 5039/5353/4380
f 5017/5333/4360 5016/5345/4372 5031/5352/4379 5032/5354/4381
f 5025/5332/4359 5024/5331/4358 5039/5353/4380 5040/5355/4382
f 5018/5334/4361 5017/5333/4360 5032/5354/4381 5033/5356/4383
f 5011/5335/4362 4995/5081/4007 5026/5357/4384
f 5151/5083/3853 5025/5332/4359 5040/5355/4382
f 5019/5336/4363 5018/5334/4361 5033/5356/4383 5034/5358/4385
f 5012/5337/4364 5011/5335/4362 5026/5357/4384 5027/5359/4386
f 5020/5338/4365 5019/5336/4363 5034/5358/4385 5035/5360/4387
f 5013/5339/4366 5012/5337/4364 5027/5359/4386 5028/5346/4373
f 5021/5340/4367 5020/5338/4365 5035/5360/4387 5036/5348/4375
f 5033/5361/4383 5032/5362/4381 5047/5363/4388 5048/5364/4389
f 5026/5365/4384 4995/4934/4007 5041/5366/4390
f 5151/4936/3853 5040/5367/4382 5055/5368/4391
f 5034/5369/4385 5033/5361/4383 5048/5364/4389 5049/5370/4392
f 5027/5371/4386 5026/5365/4384 5041/5366/4390 5042/5372/4393
f 5035/5373/4387 5034/5369/4385 5049/5370/4392 5050/5374/4394
f 5028/5375/4373 5027/5371/4386 5042/5372/4393 5043/5376/4395
f 5036/5377/4375 5035/5373/4387 5050/5374/4394 5051/5378/4396
f 5029/5379/4374 5028/5375/4373 5043/5376/4395 5044/5380/4397
f 5037/5381/4376 5036/5377/4375 5051/5378/4396 5052/5382/4398
f 5030/5383/4377 5029/5379/4374 5044/5380/4397 5045/5384/4399
f 5038/5385/4378 5037/5381/4376 5052/5382/4398 5053/5386/4400
f 5031/5387/4379 5030/5383/4377 5045/5384/4399 5046/5388/4401
f 5039/5389/4380 5038/5385/4378 5053/5386/4400 5054/5390/4402
f 5032/5362/4381 5031/5387/4379 5046/5388/4401 5047/5363/4388
f 5040/5367/4382 5039/5389/4380 5054/5390/4402 5055/5368/4391
f 5052/5382/4398 5051/5378/4396 5066/5391/4403 5067/5392/4404
f 5045/5384/4399 5044/5380/4397 5059/5393/4405 5060/5394/4406
f 5053/5386/4400 5052/5382/4398 5067/5392/4404 5068/5395/4407
f 5046/5388/4401 5045/5384/4399 5060/5394/4406 5061/5396/4408
f 5054/5390/4402 5053/5386/4400 5068/5395/4407 5069/5397/4409
f 5047/5363/4388 5046/5388/4401 5061/5396/4408 5062/5398/4410
f 5055/5368/4391 5054/5390/4402 5069/5397/4409 5070/5399/4411
f 5048/5364/4389 5047/5363/4388 5062/5398/4410 5063/5400/4412
f 5041/5366/4390 4995/4934/4007 5056/5401/4413
f 5151/4936/3853 5055/5368/4391 5070/5399/4411
f 5049/5370/4392 5048/5364/4389 5063/5400/4412 5064/5402/4414
f 5042/5372/4393 5041/5366/4390 5056/5401/4413 5057/5403/4415
f 5050/5374/4394 5049/5370/4392 5064/5402/4414 5065/5404/4416
f 5043/5376/4395 5042/5372/4393 5057/5403/4415 5058/5405/4417
f 5051/5378/4396 5050/5374/4394 5065/5404/4416 5066/5391/4403
f 5044/5380/4397 5043/5376/4395 5058/5405/4417 5059/5393/4405
f 5151/4936/3853 5070/5399/4411 5085/5406/4418
f 5064/5402/4414 5063/5400/4412 5078/5407/4419 5079/5408/4420
f 5057/5403/4415 5056/5401/4413 5071/5409/4421 5072/5410/4422
f 5065/5404/4416 5064/5402/4414 5079/5408/4420 5080/5411/4423
f 5058/5405/4417 5057/5403/4415 5072/5410/4422 5073/5412/4424
f 5066/5391/4403 5065/5404/4416 5080/5411/4423 5081/5413/4425
f 5059/5393/4405 5058/5405/4417 5073/5412/4424 5074/5414/4426
f 5067/5392/4404 5066/5391/4403 5081/5413/4425 5082/5415/4427
f 5060/5394/4406 5059/5393/4405 5074/5414/4426 5075/5416/4428
f 5068/5395/4407 5067/5392/4404 5082/5415/4427 5083/5417/4429
f 5061/5396/4408 5060/5394/4406 5075/5416/4428 5076/5418/4430
f 5069/5397/4409 5068/5395/4407 5083/5417/4429 5084/5419/4431
f 5062/5398/4410 5061/5396/4408 5076/5418/4430 5077/5420/4432
f 5070/5399/4411 5069/5397/4409 5084/5419/4431 5085/5406/4418
f 5063/5400/4412 5062/5398/4410 5077/5420/4432 5078/5407/4419
f 5056/5401/4413 4995/4934/4007 5071/5409/4421
f 5083/5417/4429 5082/5415/4427 5097/5421/4433 5098/5422/4434
f 5076/5418/4430 5075/5416/4428 5090/5423/4435 5091/5424/4436
f 5084/5419/4431 5083/5417/4429 5098/5422/4434 5099/5425/4437
f 5077/5420/4432 5076/5418/4430 5091/5424/4436 5092/5426/4438
f 5085/5406/4418 5084/5419/4431 5099/5425/4437 5100/5427/4439
f 5078/5407/4419 5077/5420/4432 5092/5426/4438 5093/5428/4440
f 5071/5409/4421 4995/4934/4007 5086/5429/4441
f 5151/4936/3853 5085/5406/4418 5100/5427/4439
f 5079/5408/4420 5078/5407/4419 5093/5428/4440 5094/5430/4442
f 5072/5410/4422 5071/5409/4421 5086/5429/4441 5087/5431/4443
f 5080/5411/4423 5079/5408/4420 5094/5430/4442 5095/5432/4444
f 5073/5412/4424 5072/5410/4422 5087/5431/4443 5088/5433/4445
f 5081/5413/4425 5080/5411/4423 5095/5432/4444 5096/5434/4446
f 5074/5414/4426 5073/5412/4424 5088/5433/4445 5089/5435/4447
f 5082/5415/4427 5081/5413/4425 5096/5434/4446 5097/5421/4433
f 5075/5416/4428 5074/5414/4426 5089/5435/4447 5090/5423/4435
f 5087/5431/4443 5086/5429/4441 5101/5436/4448 5102/5437/4449
f 5095/5432/4444 5094/5430/4442 5109/5438/4450 5110/5439/4451
f 5088/5433/4445 5087/5431/4443 5102/5437/4449 5103/5440/4452
f 5096/5434/4446 5095/5432/4444 5110/5439/4451 5111/5441/4453
f 5089/5435/4447 5088/5433/4445 5103/5440/4452 5104/5442/4454
f 5097/5421/4433 5096/5434/4446 5111/5441/4453 5112/5443/4455
f 5090/5423/4435 5089/5435/4447 5104/5442/4454 5105/5444/4456
f 5098/5422/4434 5097/5421/4433 5112/5443/4455 5113/5445/4457
f 5091/5424/4436 5090/5423/4435 5105/5444/4456 5106/5446/4458
f 5099/5425/4437 5098/5422/4434 5113/5445/4457 5114/5447/4459
f 5092/5426/4438 5091/5424/4436 5106/5446/4458 5107/5448/4460
f 5100/5427/4439 5099/5425/4437 5114/5447/4459 5115/5449/4461
f 5093/5428/4440 5092/5426/4438 5107/5448/4460 5108/5450/4462
f 5086/5429/4441 4995/4934/4007 5101/5436/4448
f 5151/4936/3853 5100/5427/4439 5115/5449/4461
f 5094/5430/4442 5093/5428/4440 5108/5450/4462 5109/5438/4450
f 5106/5446/4458 5105/5444/4456 5120/5451/4463 5121/5452/4464
f 5114/5447/4459 5113/5445/4457 5128/5453/4465 5129/5454/4466
f 5107/5448/4460 5106/5446/4458 5121/5452/4464 5122/5455/4467
f 5115/5449/4461 5114/5447/4459 5129/5454/4466 5130/5456/4468
f 5108/5450/4462 5107/5448/4460 5122/5455/4467 5123/5457/4469
f 5101/5436/4448 4995/4934/4007 5116/5458/4470
f 5151/4936/3853 5115/5449/4461 5130/5456/4468
f 5109/5438/4450 5108/5450/4462 5123/5457/4469 5124/5459/4471
f 5102/5437/4449 5101/5436/4448 5116/5458/4470 5117/5460/4472
f 5110/5439/4451 5109/5438/4450 5124/5459/4471 5125/5461/4473
f 5103/5440/4452 5102/5437/4449 5117/5460/4472 5118/5462/4474
f 5111/5441/4453 5110/5439/4451 5125/5461/4473 5126/5463/4475
f 5104/5442/4454 5103/5440/4452 5118/5462/4474 5119/5464/4476
f 5112/5443/4455 5111/5441/4453 5126/5463/4475 5127/5465/4477
f 5105/5444/4456 5104/5442/4454 5119/5464/4476 5120/5451/4463
f 5113/5445/4457 5112/5443/4455 5127/5465/4477 5128/5453/4465
f 5125/5461/4473 5124/5459/4471 5139/5466/4478 5140/5467/4479
f 5118/5462/4474 5117/5460/4472 5132/5468/4480 5133/5469/4481
f 5126/5463/4475 5125/5461/4473 5140/5467/4479 5141/5470/4482
f 5119/5464/4476 5118/5462/4474 5133/5469/4481 5134/5471/4483
f 5127/5465/4477 5126/5463/4475 5141/5470/4482 5142/5472/4484
f 5120/5451/4463 5119/5464/4476 5134/5471/4483 5135/5473/4485
f 5128/5453/4465 5127/5465/4477 5142/5472/4484 5143/5474/4486
f 5121/5452/4464 5120/5451/4463 5135/5473/4485 5136/5475/4487
f 5129/5454/4466 5128/5453/4465 5143/5474/4486 5144/5476/4488
f 5122/5455/4467 5121/5452/4464 5136/5475/4487 5137/5477/4489
f 5130/5456/4468 5129/5454/4466 5144/5476/4488 5145/5478/4490
f 5123/5457/4469 5122/5455/4467 5137/5477/4489 5138/5479/4491
f 5116/5458/4470 4995/4934/4007 5131/5480/4492
f 5151/4936/3853 5130/5456/4468 5145/5478/4490
f 5124/5459/4471 5123/5457/4469 5138/5479/4491 5139/5466/4478
f 5117/5460/4472 5116/5458/4470 5131/5480/4492 5132/5468/4480
f 5144/5476/4488 5143/5474/4486 4699/4924/3997 5149/4923/3996
f 5137/5477/4489 5136/5475/4487 4695/4919/3992 4696/4927/4000
f 5145/5478/4490 5144/5476/4488 5149/4923/3996 5150/4929/4002
f 5138/5479/4491 5137/5477/4489 4696/4927/4000 5146/4931/4004
f 5131/5480/4492 4995/4934/4007 4690/4933/4006
f 5151/4936/3853 5145/5478/4490 5150/4929/4002
f 5139/5466/4478 5138/5479/4491 5146/4931/4004 5147/4937/4009
f 5132/5468/4480 5131/5480/4492 4690/4933/4006 4691/4939/4011
f 5140/5467/4479 5139/5466/4478 5147/4937/4009 5148/4941/4013
f 5133/5469/4481 5132/5468/4480 4691/4939/4011 4692/4943/4015
f 5141/5470/4482 5140/5467/4479 5148/4941/4013 4697/4945/4017
f 5134/5471/4483 5133/5469/4481 4692/4943/4015 4693/4947/4019
f 5142/5472/4484 5141/5470/4482 4697/4945/4017 4698/4949/4021
f 5135/5473/4485 5134/5471/4483 4693/4947/4019 4694/4920/3993
f 5143/5474/4486 5142/5472/4484 4698/4949/4021 4699/4924/3997
f 5136/5475/4487 5135/5473/4485 4694/4920/3993 4695/4919/3992
f 5191/5481/4493 5189/5482/4494 5188/5483/4494 5187/5484/4494 5172/5485/4494 5171/5486/4494 5170/5487/4494 5169/5488/4494 5174/5171/4222 4897/5169/4220 4909/5185/4232
f 5193/5218/4257 5192/5489/4495 5190/5490/4495 5191/5481/4493 4909/5185/4232 4921/5214/4253 4922/5219/4258
f 5247/5491/4496 5248/5492/4497 5245/5493/4497 5244/5494/4498 4974/5303/4331
f 5225/5495/4499 5226/5496/4500 5222/5497/4500 5223/5498/4500 5204/5499/4500 5205/5500/4500 5206/5501/4500 5207/5502/4500 5208/5226/4265 4934/5224/4263 4946/5249/4287
f 5390/5503/4501 5185/5504/4502 5159/5505/4503 4898/5180/4227 4910/5197/4237
f 5159/5506/4503 5158/5507/4504 5160/5508/4203 4886/5148/4201 4898/5180/4227
f 5234/5509/4505 5219/5510/4506 5218/5511/4507 4935/5233/4271 4947/5261/4292
f 5218/5512/4507 5201/5513/4508 4923/5220/4259 4935/5233/4271
f 5240/5268/4298 5239/5514/4509 5238/5515/4509 5227/5516/4509 5224/5517/4509 5225/5495/4499 4946/5249/4287 4958/5280/4309 4959/5269/4299
f 5352/5518/4205 5156/5519/4510 5154/5520/4179 4873/5122/4177
f 5249/5309/4336 5250/5521/4511 5247/5491/4496 4974/5303/4331 4988/5304/4332 4989/5310/4337
f 5201/5513/4508 5390/5503/4501 4910/5197/4237 4923/5220/4259
f 5242/5522/4512 5243/5523/4513 5234/5509/4505 4947/5261/4292 4960/5270/4300
f 5244/5494/4498 5246/5524/4514 5242/5522/4512 4960/5270/4300 4973/5295/4323 4974/5303/4331
usemtl Brown
f 4598/5525/4515 4664/5526/4516 5262/5527/4517 5261/5528/4518
f 5255/5529/4519 4596/5530/4520 4591/5531/4521 5256/5532/4522
f 4591/5531/4521 5264/5533/4523 5263/5534/4524
f 4591/5531/4521 5263/5534/4524 5265/5535/4525
f 4591/5531/4521 5265/5535/4525 5266/5536/4526
f 4591/5531/4521 5266/5536/4526 5267/5537/4527
f 4591/5531/4521 5267/5537/4527 5268/5538/4528
f 4591/5531/4521 5268/5538/4528 5269/5539/4529
f 4591/5531/4521 5269/5539/4529 5270/5540/4530
f 4591/5531/4521 5270/5540/4530 5271/5541/4531
f 4591/5531/4521 5271/5541/4531 5272/5542/4532
f 4591/5531/4521 5272/5542/4532 5273/5543/4533
f 4591/5531/4521 5273/5543/4533 5274/5544/4534
f 4591/5531/4521 5274/5544/4534 5256/5532/4522
f 4596/5530/4520 4597/5545/4535 5258/5546/4536 5257/5547/4537
f 5275/5548/4538 4664/5526/4516 4598/5525/4515 5259/5549/4539
f 4591/5531/4521 4596/5530/4520 5257/5547/4537 5264/5533/4523
f 5260/5550/4540 4597/5545/4535 4596/5530/4520 5255/5529/4519
f 4597/5545/4535 4598/5525/4515 5261/5528/4518 5258/5546/4536
f 5259/5549/4539 4598/5525/4515 4597/5545/4535 5260/5550/4540
f 4614/5551/4541 5277/5552/4494 5276/5553/4494
f 4614/5551/4541 5276/5553/4494 5278/5554/4494
f 4614/5551/4541 5278/5554/4494 5279/5555/4494
f 4614/5551/4541 5279/5555/4494 5280/5556/4542
f 4614/5551/4541 5280/5556/4542 5281/5557/4543
f 4614/5551/4541 5281/5557/4543 5282/5558/4544
f 4614/5551/4541 5282/5558/4544 5283/5559/4545
f 4614/5551/4541 5283/5559/4545 5284/5560/4546
f 4614/5551/4541 5284/5560/4546 5285/5561/4547
f 4614/5551/4541 5285/5561/4547 5286/5562/4548
f 4614/5551/4541 5286/5562/4548 5287/5563/4549
f 4614/5551/4541 5287/5563/4549 5288/5564/4550
f 4614/5551/4541 5288/5564/4550 5289/5565/4551
f 4614/5551/4541 5289/5565/4551 5290/5566/4552
f 4614/5551/4541 5290/5566/4552 5291/5567/4553
f 4614/5551/4541 5291/5567/4553 5292/5568/4554
f 4614/5551/4541 5292/5568/4554 5293/5569/4555
f 4614/5551/4541 5293/5569/4555 5294/5570/4556
f 4614/5551/4541 5294/5570/4556 5295/5571/4557
f 4614/5551/4541 5295/5571/4557 5296/5572/4558
f 4614/5551/4541 5296/5572/4558 5297/5573/4559
f 4614/5551/4541 5297/5573/4559 5298/5574/4560
f 4614/5551/4541 5298/5574/4560 5299/5575/4494
f 4614/5551/4541 5299/5575/4494 5277/5552/4494
f 4647/5576/4561 5306/5577/4562 5262/5527/4517 4664/5526/4516
f 5300/5578/4563 5301/5579/4564 4639/5580/4565 4645/5581/4566
f 4639/5580/4565 5307/5582/4567 5308/5583/4568
f 4639/5580/4565 5309/5584/4569 5307/5582/4567
f 4639/5580/4565 5310/5585/4570 5309/5584/4569
f 4639/5580/4565 5311/5586/4571 5310/5585/4570
f 4639/5580/4565 5312/5587/4572 5311/5586/4571
f 4639/5580/4565 5313/5588/4573 5312/5587/4572
f 4639/5580/4565 5314/5589/4574 5313/5588/4573
f 4639/5580/4565 5315/5590/4575 5314/5589/4574
f 4639/5580/4565 5316/5591/4576 5315/5590/4575
f 4639/5580/4565 5317/5592/4577 5316/5591/4576
f 4639/5580/4565 5318/5593/4578 5317/5592/4577
f 4639/5580/4565 5301/5579/4564 5318/5593/4578
f 4645/5581/4566 5302/5594/4579 5303/5595/4580 4646/5596/4581
f 5275/5548/4538 5304/5597/4582 4647/5576/4561 4664/5526/4516
f 4639/5580/4565 5308/5583/4568 5302/5594/4579 4645/5581/4566
f 5305/5598/4583 5300/5578/4563 4645/5581/4566 4646/5596/4581
f 4646/5596/4581 5303/5595/4580 5306/5577/4562 4647/5576/4561
f 5304/5597/4582 5305/5598/4583 4646/5596/4581 4647/5576/4561
f 4665/5599/4584 5319/5600/4500 5320/5601/4500
f 4665/5599/4584 5321/5602/4500 5319/5600/4500
f 4665/5599/4584 5322/5603/4500 5321/5602/4500
f 4665/5599/4584 5323/5604/4585 5322/5603/4500
f 4665/5599/4584 5324/5605/4586 5323/5604/4585
f 4665/5599/4584 5325/5606/4587 5324/5605/4586
f 4665/5599/4584 5326/5607/4588 5325/5606/4587
f 4665/5599/4584 5327/5608/4589 5326/5607/4588
f 4665/5599/4584 5328/5609/4590 5327/5608/4589
f 4665/5599/4584 5329/5610/4591 5328/5609/4590
f 4665/5599/4584 5330/5611/4592 5329/5610/4591
f 4665/5599/4584 5331/5612/4593 5330/5611/4592
f 4665/5599/4584 5332/5613/4594 5331/5612/4593
f 4665/5599/4584 5333/5614/4595 5332/5613/4594
f 4665/5599/4584 5334/5615/4596 5333/5614/4595
f 4665/5599/4584 5335/5616/4597 5334/5615/4596
f 4665/5599/4584 5336/5617/4598 5335/5616/4597
f 4665/5599/4584 5337/5618/4599 5336/5617/4598
f 4665/5599/4584 5338/5619/4600 5337/5618/4599
f 4665/5599/4584 5339/5620/4601 5338/5619/4600
f 4665/5599/4584 5340/5621/4602 5339/5620/4601
f 4665/5599/4584 5341/5622/4603 5340/5621/4602
f 4665/5599/4584 5342/5623/4500 5341/5622/4603
f 4665/5599/4584 5320/5601/4500 5342/5623/4500
o Sphere.005
v 2.700305 -2.230855 0.637088
v 2.657210 -2.230855 0.641332
v 2.614116 -2.230855 0.641332
v 2.571021 -2.230855 0.637088
v 2.441736 -2.230855 0.613199
v 2.383866 -2.173150 0.644895
v 2.419590 -2.226450 0.610241
v 2.400816 -2.213906 0.615252
v 2.388271 -2.195131 0.627470
v 2.887460 -2.173150 0.644895
v 2.829590 -2.230855 0.613199
v 2.883055 -2.195131 0.627470
v 2.870510 -2.213906 0.615252
v 2.851736 -2.226450 0.610241
v 2.441736 -2.115444 0.711700
v 2.484831 -2.230855 0.626272
v 2.419590 -2.119849 0.701222
v 2.400816 -2.132394 0.684821
v 2.388271 -2.151168 0.664992
v 2.829590 -2.115444 0.711700
v 2.527926 -2.230855 0.632843
v 2.851736 -2.119849 0.701222
v 2.870510 -2.132394 0.684821
v 2.883055 -2.151168 0.664992
v 2.743400 -2.230855 0.632843
v 2.786495 -2.230855 0.626272
v 2.786495 -2.115444 0.723315
v 2.743400 -2.115444 0.727559
v 2.700305 -2.115444 0.731804
v 2.657210 -2.115444 0.736048
v 2.614116 -2.115444 0.736048
v 2.571021 -2.115444 0.731804
v 2.527926 -2.115444 0.727559
v 2.484831 -2.115444 0.723315
v 2.527926 -2.173150 0.680201
v 2.571021 -2.173150 0.684446
v 2.829590 -2.173150 0.662450
v 2.614116 -2.173150 0.688690
v 2.441736 -2.173150 0.662450
v 2.657210 -2.173150 0.688690
v 2.700305 -2.173150 0.684446
v 2.743400 -2.173150 0.680201
v 2.484831 -2.173150 0.675522
v 2.851736 -2.173150 0.655732
v 2.786495 -2.173150 0.675522
v 2.419590 -2.173150 0.655732
v 3.082314 -1.181317 0.742863
v 2.991225 -1.193309 0.794973
v 2.906345 -1.228468 0.831813
v 2.833457 -1.284397 0.871567
v 2.777527 -1.357286 0.897243
v 2.742368 -1.442166 0.909065
v 2.730376 -1.533254 0.919218
v 2.742368 -1.624342 0.909065
v 2.777527 -1.709223 0.897243
v 2.833457 -1.782111 0.871567
v 2.906345 -1.838041 0.831813
v 2.991225 -1.873199 0.794973
v 3.082314 -1.885191 0.742863
v 3.173402 -1.873199 0.693343
v 3.258282 -1.838041 0.637414
v 3.331171 -1.782111 0.594059
v 3.387100 -1.709223 0.554449
v 3.422259 -1.624342 0.524722
v 3.434251 -1.533254 0.524183
v 3.422259 -1.442166 0.524722
v 3.387100 -1.357286 0.554449
v 3.331171 -1.284397 0.594059
v 3.258282 -1.228468 0.637413
v 3.173401 -1.193309 0.693343
v 2.961999 -1.324863 0.845340
v 2.912163 -1.363103 0.867208
v 2.873922 -1.412940 0.883913
v 2.849883 -1.470975 0.897150
v 2.841684 -1.533254 0.906016
v 2.849883 -1.595534 0.897150
v 2.873922 -1.653569 0.883913
v 2.912163 -1.703405 0.867208
v 2.961999 -1.741646 0.845340
v 3.020034 -1.765685 0.817060
v 3.082314 -1.773884 0.780964
v 3.144593 -1.765685 0.750482
v 3.202628 -1.741646 0.720733
v 3.252464 -1.703405 0.688190
v 3.290705 -1.653569 0.663126
v 3.314744 -1.595534 0.650756
v 3.322943 -1.533254 0.651924
v 3.314744 -1.470975 0.650756
v 3.290705 -1.412940 0.663126
v 3.252464 -1.363103 0.688190
v 3.202628 -1.324863 0.720733
v 3.144593 -1.300824 0.750482
v 3.082314 -1.292625 0.780964
v 3.020034 -1.300824 0.817060
v 2.189013 -1.181317 0.742863
v 2.280101 -1.193309 0.794973
v 2.364981 -1.228468 0.831813
v 2.437870 -1.284397 0.871567
v 2.493799 -1.357286 0.897243
v 2.528958 -1.442166 0.909065
v 2.540950 -1.533254 0.919218
v 2.528958 -1.624342 0.909065
v 2.493799 -1.709223 0.897243
v 2.437870 -1.782111 0.871567
v 2.364981 -1.838041 0.831813
v 2.280101 -1.873199 0.794973
v 2.189013 -1.885191 0.742863
v 2.097924 -1.873199 0.693342
v 2.013044 -1.838041 0.637413
v 1.940156 -1.782111 0.594059
v 1.884226 -1.709223 0.554448
v 1.849067 -1.624342 0.524722
v 1.837075 -1.533254 0.524183
v 1.849067 -1.442166 0.524722
v 1.884226 -1.357286 0.554448
v 1.940155 -1.284397 0.594058
v 2.013044 -1.228468 0.637413
v 2.097924 -1.193309 0.693342
v 2.309327 -1.324863 0.845340
v 2.359163 -1.363104 0.867208
v 2.397404 -1.412940 0.883913
v 2.421443 -1.470975 0.897150
v 2.429642 -1.533254 0.906016
v 2.421443 -1.595534 0.897149
v 2.397404 -1.653569 0.883913
v 2.359163 -1.703405 0.867208
v 2.309327 -1.741646 0.845340
v 2.251292 -1.765685 0.817060
v 2.189013 -1.773884 0.780964
v 2.126733 -1.765685 0.750482
v 2.068698 -1.741646 0.720732
v 2.018862 -1.703405 0.688190
v 1.980621 -1.653569 0.663126
v 1.956582 -1.595534 0.650756
v 1.948383 -1.533254 0.651924
v 1.956582 -1.470975 0.650756
v 1.980621 -1.412940 0.663126
v 2.018862 -1.363103 0.688190
v 2.068697 -1.324863 0.720732
v 2.126733 -1.300824 0.750482
v 2.189013 -1.292625 0.780964
v 2.251292 -1.300824 0.817060
v 2.635663 -0.552469 -0.195090
v 2.635663 -0.609375 -0.382683
v 2.635663 -0.701785 -0.555570
v 2.635663 -0.826148 -0.707107
v 2.635663 -0.977684 -0.831469
v 2.635663 -1.150571 -0.923879
v 2.635663 -1.338164 -0.980785
v 2.635663 -2.088825 -0.831469
v 2.635663 -2.240361 -0.707107
v 2.635663 -2.364724 -0.555570
v 2.673723 -0.552469 -0.191342
v 2.710321 -0.609375 -0.375330
v 2.744050 -0.701785 -0.544895
v 2.773613 -0.826148 -0.693520
v 2.797875 -0.977684 -0.815493
v 2.815903 -1.150571 -0.906127
v 2.827005 -1.338164 -0.961940
v 2.830753 -1.533254 -0.980785
v 2.827005 -1.728345 -0.961940
v 2.815903 -1.915938 -0.906127
v 2.797875 -2.088825 -0.815493
v 2.773613 -2.240361 -0.693520
v 2.744049 -2.364724 -0.544895
v 2.710321 -2.457134 -0.375330
v 2.673723 -2.514040 -0.191342
v 2.710321 -0.552469 -0.180240
v 2.782110 -0.609375 -0.353553
v 2.848271 -0.701785 -0.513280
v 2.906261 -0.826148 -0.653281
v 2.953853 -0.977684 -0.768177
v 2.989216 -1.150571 -0.853553
v 3.010993 -1.338164 -0.906127
v 3.018347 -1.533254 -0.923879
v 3.010993 -1.728345 -0.906127
v 2.989217 -1.915938 -0.853553
v 2.953853 -2.088825 -0.768178
v 2.906261 -2.240361 -0.653281
v 2.848271 -2.364724 -0.513280
v 2.782110 -2.457134 -0.353553
v 2.710321 -2.514040 -0.180240
v 2.744050 -0.552469 -0.162211
v 2.848271 -0.609375 -0.318190
v 2.944321 -0.701785 -0.461940
v 3.028511 -0.826148 -0.587938
v 3.097603 -0.977684 -0.691341
v 3.148943 -1.150571 -0.768178
v 3.180558 -1.338164 -0.815493
v 3.191233 -1.533254 -0.831469
v 3.180558 -1.728345 -0.815493
v 3.148943 -1.915938 -0.768178
v 3.097603 -2.088825 -0.691341
v 3.028511 -2.240361 -0.587938
v 2.944321 -2.364724 -0.461940
v 2.848271 -2.457134 -0.318190
v 2.744050 -2.514040 -0.162211
v 2.773613 -0.552469 -0.137949
v 2.906261 -0.609375 -0.270598
v 3.028511 -0.701785 -0.392847
v 3.135663 -0.826148 -0.500000
v 3.223601 -0.977684 -0.587937
v 3.288944 -1.150571 -0.653281
v 3.329183 -1.338164 -0.693520
v 3.342770 -1.533254 -0.707106
v 3.329183 -1.728345 -0.693520
v 3.288945 -1.915938 -0.653281
v 3.223601 -2.088825 -0.587937
v 3.135663 -2.240361 -0.500000
v 3.028511 -2.364724 -0.392847
v 2.906261 -2.457134 -0.270598
v 2.773613 -2.514040 -0.137949
v 2.797875 -0.552469 -0.108386
v 2.953853 -0.609375 -0.212607
v 3.097603 -0.701785 -0.308658
v 3.223601 -0.826148 -0.392847
v 3.327005 -0.977684 -0.461939
v 3.403841 -1.150571 -0.513280
v 3.451156 -1.338164 -0.544895
v 3.467133 -1.533254 -0.555570
v 3.451156 -1.728345 -0.544895
v 3.403841 -1.915938 -0.513280
v 3.327005 -2.088825 -0.461939
v 3.223601 -2.240361 -0.392847
v 3.097603 -2.364724 -0.308658
v 2.953853 -2.457134 -0.212607
v 2.797875 -2.514040 -0.108386
v 2.815903 -0.552469 -0.074658
v 2.989217 -0.609375 -0.146446
v 3.148943 -0.701785 -0.212607
v 3.288944 -0.826148 -0.270598
v 3.403841 -0.977684 -0.318189
v 3.489216 -1.150571 -0.353553
v 3.541790 -1.338164 -0.375330
v 3.559542 -1.533254 -0.382683
v 3.541790 -1.728345 -0.375330
v 3.489217 -1.915938 -0.353553
v 3.403841 -2.088825 -0.318189
v 3.288944 -2.240361 -0.270598
v 3.148943 -2.364724 -0.212607
v 2.989217 -2.457134 -0.146446
v 2.815903 -2.514040 -0.074658
v 2.827005 -0.552469 -0.038060
v 3.010993 -0.609375 -0.074658
v 3.180558 -0.701785 -0.108386
v 3.329183 -0.826148 -0.137949
v 3.451156 -0.977684 -0.162211
v 3.541790 -1.150571 -0.180240
v 3.597603 -1.338164 -0.191341
v 3.616448 -1.533254 -0.195090
v 3.597603 -1.728345 -0.191341
v 3.541790 -1.915938 -0.180240
v 3.451156 -2.088825 -0.162211
v 3.329183 -2.240361 -0.137949
v 3.180558 -2.364724 -0.108386
v 3.010993 -2.457134 -0.074658
v 2.827005 -2.514040 -0.038060
v 2.830753 -0.552469 0.000000
v 3.018347 -0.609375 0.000000
v 3.191233 -0.701785 0.000000
v 3.342770 -0.826148 0.000000
v 3.467133 -0.977684 0.000000
v 3.559542 -1.150571 0.000000
v 3.616448 -1.338164 0.000000
v 3.635663 -1.533254 0.000000
v 3.616448 -1.728345 0.000000
v 3.559543 -1.915938 0.000000
v 3.467133 -2.088825 0.000000
v 3.342770 -2.240361 0.000000
v 3.191233 -2.364724 0.000000
v 3.018347 -2.457134 0.000000
v 2.830753 -2.514040 0.000000
v 2.827005 -0.552469 0.038060
v 3.010993 -0.609375 0.074658
v 3.180558 -0.701785 0.108387
v 3.329183 -0.826148 0.137950
v 3.451156 -0.977684 0.162212
v 3.541790 -1.150571 0.180240
v 3.597603 -1.338164 0.191342
v 3.616448 -1.533254 0.195091
v 3.597603 -1.728345 0.191342
v 3.541790 -1.915938 0.180240
v 3.451156 -2.088825 0.162212
v 3.329183 -2.240361 0.137950
v 3.180558 -2.364724 0.108387
v 3.010993 -2.457134 0.074658
v 2.827005 -2.514040 0.038060
v 2.815903 -0.552469 0.074658
v 2.989217 -0.609375 0.146447
v 3.148943 -0.701785 0.212608
v 3.288944 -0.826148 0.270598
v 3.403841 -0.977684 0.318190
v 3.489216 -1.150571 0.353554
v 3.541790 -1.338164 0.375330
v 3.559542 -1.533254 0.382684
v 3.541790 -1.728345 0.375330
v 3.489216 -1.915938 0.353554
v 3.403841 -2.088825 0.318190
v 3.288944 -2.240361 0.270598
v 3.148943 -2.364724 0.212608
v 2.989217 -2.457134 0.146447
v 2.815903 -2.514040 0.074658
v 2.797875 -0.552469 0.108387
v 2.953853 -0.609375 0.212608
v 3.097603 -0.701785 0.308658
v 3.223601 -0.826148 0.392848
v 3.327004 -0.977684 0.461940
v 3.403841 -1.150571 0.513280
v 3.451156 -1.338164 0.544895
v 3.467132 -1.533254 0.555570
v 3.451156 -1.728345 0.544895
v 3.403841 -1.915938 0.513280
v 3.327004 -2.088825 0.461940
v 3.223601 -2.240361 0.392848
v 3.097603 -2.364724 0.308658
v 2.953853 -2.457134 0.212608
v 2.797875 -2.514040 0.108387
v 2.773613 -0.552469 0.137950
v 2.906261 -0.609375 0.270598
v 3.028510 -0.701785 0.392848
v 3.135663 -0.826148 0.500000
v 3.223601 -0.977684 0.587938
v 3.288944 -1.150571 0.653282
v 3.288944 -1.915938 0.653282
v 3.223601 -2.088825 0.587938
v 3.135663 -2.240361 0.500000
v 3.028510 -2.364724 0.392848
v 2.906261 -2.457134 0.270598
v 2.773613 -2.514040 0.137950
v 2.744049 -0.552469 0.162212
v 2.848271 -0.609375 0.318190
v 2.944321 -0.701785 0.461940
v 3.028511 -0.826148 0.587938
v 3.097603 -0.977684 0.691342
v 3.148943 -1.150571 0.768178
v 3.148943 -1.915938 0.768178
v 3.097603 -2.088825 0.691342
v 3.028511 -2.240361 0.587938
v 2.944321 -2.364724 0.461940
v 2.848271 -2.457134 0.318190
v 2.744049 -2.514040 0.162212
v 2.710321 -0.552469 0.180240
v 2.782110 -0.609375 0.353554
v 2.848270 -0.701785 0.513280
v 2.906261 -0.826148 0.653282
v 2.953853 -0.977684 0.768178
v 2.989216 -1.150571 0.853553
v 2.989216 -1.915938 0.853554
v 2.953853 -2.088825 0.768178
v 2.906261 -2.240361 0.653282
v 2.848270 -2.364724 0.513280
v 2.782110 -2.457134 0.353554
v 2.710321 -2.514040 0.180240
v 2.673723 -0.552469 0.191342
v 2.710321 -0.609375 0.375331
v 2.744049 -0.701785 0.544895
v 2.773613 -0.826148 0.693520
v 2.797875 -0.977684 0.815493
v 2.815903 -1.150571 0.906127
v 2.815903 -1.915938 0.906128
v 2.797875 -2.088825 0.815493
v 2.773613 -2.240361 0.693520
v 2.744049 -2.364724 0.544895
v 2.710321 -2.457134 0.375331
v 2.673723 -2.514040 0.191342
v 2.635663 -0.552469 0.195091
v 2.635663 -0.609375 0.382684
v 2.635663 -0.701785 0.555570
v 2.635663 -0.826148 0.707107
v 2.635663 -0.977684 0.831469
v 2.635663 -1.150571 0.923880
v 2.635663 -1.338164 0.980785
v 2.635663 -1.533254 1.000000
v 2.635663 -1.728345 0.980785
v 2.635663 -1.915938 0.923880
v 2.635663 -2.088825 0.831470
v 2.635663 -2.240361 0.707107
v 2.635663 -2.364724 0.555570
v 2.635663 -2.457134 0.382684
v 2.635663 -2.514040 0.195091
v 2.597603 -0.552469 0.191342
v 2.561005 -0.609375 0.375331
v 2.527277 -0.701785 0.544895
v 2.497713 -0.826148 0.693520
v 2.473451 -0.977684 0.815493
v 2.455423 -1.150571 0.906127
v 2.455423 -1.915938 0.906128
v 2.473451 -2.088825 0.815493
v 2.497713 -2.240361 0.693520
v 2.527277 -2.364724 0.544895
v 2.561005 -2.457134 0.375331
v 2.597603 -2.514040 0.191342
v 2.561005 -0.552469 0.180240
v 2.489216 -0.609375 0.353554
v 2.423055 -0.701785 0.513280
v 2.365065 -0.826148 0.653282
v 2.317474 -0.977684 0.768178
v 2.282110 -1.150571 0.853553
v 2.282109 -1.915938 0.853553
v 2.317473 -2.088825 0.768178
v 2.365065 -2.240361 0.653282
v 2.423055 -2.364724 0.513280
v 2.489216 -2.457134 0.353554
v 2.561005 -2.514040 0.180240
v 2.527277 -0.552469 0.162212
v 2.423055 -0.609375 0.318190
v 2.327005 -0.701785 0.461940
v 2.242816 -0.826148 0.587938
v 2.173723 -0.977684 0.691342
v 2.122383 -1.150571 0.768178
v 2.122383 -1.915938 0.768178
v 2.173723 -2.088825 0.691342
v 2.242816 -2.240361 0.587938
v 2.327005 -2.364724 0.461940
v 2.423055 -2.457134 0.318190
v 2.527277 -2.514040 0.162212
v 2.497713 -0.552469 0.137950
v 2.365065 -0.609375 0.270598
v 2.242816 -0.701785 0.392847
v 2.135663 -0.826148 0.500000
v 2.047726 -0.977684 0.587938
v 1.982382 -1.150571 0.653282
v 1.982382 -1.915938 0.653282
v 2.047725 -2.088825 0.587938
v 2.135663 -2.240361 0.500000
v 2.242816 -2.364724 0.392847
v 2.365065 -2.457134 0.270598
v 2.497713 -2.514040 0.137950
v 2.473451 -0.552469 0.108387
v 2.317473 -0.609375 0.212608
v 2.173723 -0.701785 0.308658
v 2.047725 -0.826148 0.392848
v 1.944322 -0.977684 0.461940
v 1.867486 -1.150571 0.513280
v 1.820170 -1.338164 0.544895
v 1.804194 -1.533254 0.555570
v 1.820170 -1.728345 0.544895
v 1.867485 -1.915938 0.513280
v 1.944322 -2.088825 0.461940
v 2.047725 -2.240361 0.392848
v 2.173723 -2.364724 0.308658
v 2.317473 -2.457134 0.212608
v 2.473451 -2.514040 0.108387
v 2.635663 -0.533254 0.000000
v 2.455423 -0.552469 0.074658
v 2.282110 -0.609375 0.146447
v 2.122383 -0.701785 0.212608
v 1.982382 -0.826148 0.270598
v 1.867486 -0.977684 0.318190
v 1.782110 -1.150571 0.353553
v 1.729536 -1.338164 0.375330
v 1.711784 -1.533254 0.382683
v 1.729536 -1.728345 0.375330
v 1.782110 -1.915938 0.353553
v 1.867486 -2.088825 0.318190
v 1.982382 -2.240361 0.270598
v 2.122383 -2.364724 0.212608
v 2.282110 -2.457134 0.146447
v 2.455423 -2.514040 0.074658
v 2.444321 -0.552469 0.038060
v 2.260333 -0.609375 0.074658
v 2.090768 -0.701785 0.108386
v 1.942143 -0.826148 0.137950
v 1.820170 -0.977684 0.162212
v 1.729536 -1.150571 0.180240
v 1.673724 -1.338164 0.191342
v 1.654879 -1.533254 0.195090
v 1.673724 -1.728345 0.191342
v 1.729536 -1.915938 0.180240
v 1.820170 -2.088825 0.162212
v 1.942143 -2.240361 0.137950
v 2.090768 -2.364724 0.108386
v 2.260333 -2.457134 0.074658
v 2.444321 -2.514040 0.038060
v 2.440573 -0.552469 0.000000
v 2.252980 -0.609375 0.000000
v 2.080093 -0.701785 0.000000
v 1.928556 -0.826148 0.000000
v 1.804194 -0.977684 0.000000
v 1.711784 -1.150571 0.000000
v 1.654878 -1.338164 0.000000
v 1.635664 -1.533254 -0.000000
v 1.654878 -1.728345 0.000000
v 1.711784 -1.915938 0.000000
v 1.804194 -2.088825 0.000000
v 1.928556 -2.240361 0.000000
v 2.080093 -2.364724 0.000000
v 2.252980 -2.457134 0.000000
v 2.440573 -2.514040 0.000000
v 2.444321 -0.552469 -0.038060
v 2.260333 -0.609375 -0.074658
v 2.090768 -0.701785 -0.108386
v 1.942143 -0.826148 -0.137949
v 1.820170 -0.977684 -0.162211
v 1.729536 -1.150571 -0.180240
v 1.673724 -1.338164 -0.191342
v 1.654879 -1.533254 -0.195090
v 1.673724 -1.728345 -0.191342
v 1.729536 -1.915938 -0.180240
v 1.820170 -2.088825 -0.162211
v 1.942143 -2.240361 -0.137949
v 2.090768 -2.364724 -0.108386
v 2.260333 -2.457134 -0.074658
v 2.444321 -2.514040 -0.038060
v 2.455423 -0.552469 -0.074658
v 2.282110 -0.609375 -0.146446
v 2.122383 -0.701785 -0.212607
v 1.982382 -0.826148 -0.270598
v 1.867486 -0.977684 -0.318189
v 1.782110 -1.150571 -0.353553
v 1.729536 -1.338164 -0.375330
v 1.711785 -1.533254 -0.382683
v 1.729536 -1.728345 -0.375330
v 1.782110 -1.915938 -0.353553
v 1.867486 -2.088825 -0.318189
v 1.982382 -2.240361 -0.270598
v 2.122383 -2.364724 -0.212607
v 2.282110 -2.457134 -0.146446
v 2.455423 -2.514040 -0.074658
v 2.473451 -0.552469 -0.108386
v 2.317474 -0.609375 -0.212607
v 2.173724 -0.701785 -0.308658
v 2.047725 -0.826148 -0.392847
v 1.944322 -0.977684 -0.461939
v 1.867486 -1.150571 -0.513280
v 1.820170 -1.338164 -0.544895
v 1.804194 -1.533254 -0.555570
v 1.820170 -1.728345 -0.544895
v 1.867486 -1.915938 -0.513280
v 1.944322 -2.088825 -0.461939
v 2.047725 -2.240361 -0.392847
v 2.173724 -2.364724 -0.308658
v 2.317474 -2.457134 -0.212607
v 2.473451 -2.514040 -0.108386
v 2.497713 -0.552469 -0.137949
v 2.365065 -0.609375 -0.270598
v 2.242816 -0.701785 -0.392847
v 2.135663 -0.826148 -0.500000
v 2.047726 -0.977684 -0.587937
v 1.982382 -1.150571 -0.653281
v 1.942144 -1.338164 -0.693519
v 1.928557 -1.533254 -0.707106
v 1.942144 -1.728345 -0.693519
v 1.982382 -1.915938 -0.653281
v 2.047726 -2.088825 -0.587937
v 2.135663 -2.240361 -0.500000
v 2.242816 -2.364724 -0.392847
v 2.365065 -2.457134 -0.270598
v 2.497713 -2.514040 -0.137949
v 2.527277 -0.552469 -0.162211
v 2.423056 -0.609375 -0.318189
v 2.327005 -0.701785 -0.461939
v 2.242816 -0.826148 -0.587937
v 2.173723 -0.977684 -0.691341
v 2.122383 -1.150571 -0.768177
v 2.090768 -1.338164 -0.815493
v 2.080094 -1.533254 -0.831469
v 2.090768 -1.728345 -0.815493
v 2.122383 -1.915938 -0.768177
v 2.173723 -2.088825 -0.691341
v 2.242816 -2.240361 -0.587937
v 2.327005 -2.364724 -0.461939
v 2.423056 -2.457134 -0.318189
v 2.527277 -2.514040 -0.162211
v 2.561005 -0.552469 -0.180240
v 2.489217 -0.609375 -0.353553
v 2.423056 -0.701785 -0.513279
v 2.365065 -0.826148 -0.653281
v 2.317474 -0.977684 -0.768177
v 2.282110 -1.150571 -0.853553
v 2.260333 -1.338164 -0.906127
v 2.252980 -1.533254 -0.923878
v 2.260333 -1.728345 -0.906127
v 2.282110 -1.915938 -0.853553
v 2.317474 -2.088825 -0.768177
v 2.365065 -2.240361 -0.653281
v 2.423056 -2.364724 -0.513279
v 2.489217 -2.457134 -0.353553
v 2.561005 -2.514040 -0.180240
v 2.597603 -0.552469 -0.191341
v 2.561005 -0.609375 -0.375330
v 2.527277 -0.701785 -0.544894
v 2.497713 -0.826148 -0.693519
v 2.473452 -0.977684 -0.815492
v 2.455423 -1.150571 -0.906127
v 2.444322 -1.338164 -0.961939
v 2.440573 -1.533254 -0.980784
v 2.444322 -1.728345 -0.961939
v 2.455423 -1.915938 -0.906127
v 2.473452 -2.088825 -0.815492
v 2.497713 -2.240361 -0.693519
v 2.527277 -2.364724 -0.544894
v 2.561005 -2.457134 -0.375330
v 2.597603 -2.514040 -0.191341
v 2.635664 -1.533254 -0.999999
v 2.635663 -1.728345 -0.980784
v 2.635663 -1.915938 -0.923879
v 2.635663 -2.457134 -0.382683
v 2.635663 -2.514040 -0.195090
v 2.635663 -2.533254 0.000000
v 3.331171 -1.284397 0.665512
v 3.314986 -1.271978 0.679323
v 3.258282 -1.228468 0.708867
v 3.173401 -1.193309 0.764796
v 3.372427 -1.338164 0.640826
v 3.387100 -1.357286 0.625902
v 3.422259 -1.442166 0.596175
v 3.434251 -1.533254 0.595637
v 3.422259 -1.624342 0.596175
v 3.387100 -1.709223 0.625902
v 3.372427 -1.728345 0.640826
v 3.331171 -1.782111 0.665512
v 3.314986 -1.794530 0.679323
v 3.258282 -1.838041 0.708867
v 3.155754 -1.190986 0.778371
v 3.082314 -1.181317 0.814317
v 2.994133 -1.192926 0.865424
v 2.991225 -1.193309 0.866427
v 3.173402 -1.873199 0.764796
v 3.155754 -1.875523 0.778372
v 3.082314 -1.885191 0.814317
v 2.994133 -1.873582 0.865424
v 2.991225 -1.873199 0.866427
v 2.906345 -1.228468 0.903266
v 2.833457 -1.284397 0.943021
v 2.906345 -1.838041 0.903266
v 2.833457 -1.782111 0.943021
v 2.883055 -2.151168 0.736445
v 2.870510 -2.132394 0.756274
v 2.851736 -2.119849 0.772676
v 2.887460 -2.173150 0.716348
v 2.851736 -2.226450 0.681694
v 2.870510 -2.213906 0.686706
v 2.883055 -2.195131 0.698924
v 2.824512 -1.296053 0.949411
v 2.777527 -1.357286 0.968696
v 2.792200 -1.338164 0.965368
v 2.742368 -1.442166 0.980519
v 2.777527 -1.709223 0.968696
v 2.742368 -1.624342 0.980519
v 2.792200 -1.728345 0.965368
v 2.824512 -1.770455 0.949411
v 2.793613 -2.115444 0.794067
v 2.786495 -2.115444 0.794768
v 2.829590 -2.115444 0.783153
v 2.743400 -2.115444 0.799012
v 2.829590 -2.230855 0.684652
v 2.786495 -2.230855 0.697725
v 2.775135 -2.230855 0.701171
v 2.743400 -2.230855 0.704297
v 2.700305 -2.230855 0.708541
v 2.730376 -1.533254 0.990671
v 2.528958 -1.442166 0.980519
v 2.540950 -1.533254 0.990671
v 2.528958 -1.624342 0.980519
v 2.700305 -2.115444 0.803257
v 2.571021 -2.115444 0.803257
v 2.635663 -2.115444 0.809624
v 2.614116 -2.115444 0.807501
v 2.657210 -2.115444 0.807501
v 2.527926 -2.115444 0.799012
v 2.527926 -2.230855 0.704297
v 2.571021 -2.230855 0.708541
v 2.635663 -2.230855 0.714908
v 2.614116 -2.230855 0.712786
v 2.657210 -2.230855 0.712786
v 2.364981 -1.228468 0.903266
v 2.446813 -1.296053 0.949411
v 2.437870 -1.284397 0.943021
v 2.479126 -1.338164 0.965368
v 2.493799 -1.357286 0.968696
v 2.493799 -1.709223 0.968696
v 2.479126 -1.728345 0.965368
v 2.446813 -1.770456 0.949411
v 2.437870 -1.782111 0.943021
v 2.484831 -2.115444 0.794768
v 2.419590 -2.119849 0.772676
v 2.441736 -2.115444 0.783153
v 2.477713 -2.115444 0.794067
v 2.419590 -2.226450 0.681694
v 2.441736 -2.230855 0.684652
v 2.484831 -2.230855 0.697725
v 2.496192 -2.230855 0.701171
v 2.280101 -1.193309 0.866427
v 2.280101 -1.873199 0.866427
v 2.364981 -1.838041 0.903266
v 2.388271 -2.151168 0.736445
v 2.400816 -2.132394 0.756274
v 2.388271 -2.195131 0.698924
v 2.383866 -2.173150 0.716348
v 2.400816 -2.213906 0.686706
v 2.115572 -1.190986 0.778371
v 2.097924 -1.193309 0.764796
v 2.189013 -1.181317 0.814317
v 2.013044 -1.228468 0.708867
v 2.277193 -1.192926 0.865424
v 1.956340 -1.271978 0.679323
v 1.940155 -1.284397 0.665512
v 1.898899 -1.338164 0.640826
v 1.884226 -1.357286 0.625902
v 1.849067 -1.442166 0.596175
v 1.837075 -1.533254 0.595636
v 1.849067 -1.624342 0.596175
v 1.884226 -1.709223 0.625902
v 1.898899 -1.728345 0.640826
v 1.956340 -1.794530 0.679323
v 1.940156 -1.782111 0.665512
v 2.013044 -1.838041 0.708867
v 2.097924 -1.873199 0.764796
v 2.115572 -1.875523 0.778371
v 2.189013 -1.885191 0.814317
v 2.277193 -1.873582 0.865424
v 3.022707 -1.473648 0.835391
v 3.010443 -1.491760 0.840886
v 3.003358 -1.512098 0.845042
v 3.001498 -1.533254 0.847716
v 3.003358 -1.554411 0.845042
v 3.010443 -1.574749 0.840886
v 3.022707 -1.592861 0.835391
v 3.039572 -1.607286 0.827864
v 3.060049 -1.616347 0.817815
v 3.082314 -1.618265 0.805068
v 3.103745 -1.613238 0.794920
v 3.122178 -1.602301 0.785929
v 3.135827 -1.586768 0.777335
v 3.144931 -1.569407 0.771627
v 3.150514 -1.551529 0.769093
v 3.153081 -1.533254 0.769324
v 3.150514 -1.514980 0.769093
v 3.144931 -1.497102 0.771627
v 3.135827 -1.479741 0.777335
v 3.122178 -1.464208 0.785929
v 3.103745 -1.453271 0.794920
v 3.082314 -1.448243 0.805068
v 3.060049 -1.450162 0.817815
v 3.039572 -1.459223 0.827864
v 2.231755 -1.459223 0.827864
v 2.211277 -1.450162 0.817815
v 2.189013 -1.448243 0.805067
v 2.167581 -1.453271 0.794920
v 2.149148 -1.464208 0.785929
v 2.135499 -1.479741 0.777334
v 2.126395 -1.497102 0.771627
v 2.120812 -1.514980 0.769092
v 2.118245 -1.533254 0.769324
v 2.120812 -1.551529 0.769092
v 2.126395 -1.569407 0.771627
v 2.135499 -1.586768 0.777334
v 2.149148 -1.602301 0.785929
v 2.167581 -1.613238 0.794919
v 2.189013 -1.618265 0.805067
v 2.211277 -1.616347 0.817815
v 2.231755 -1.607286 0.827864
v 2.248619 -1.592861 0.835391
v 2.260883 -1.574749 0.840886
v 2.267968 -1.554410 0.845042
v 2.269828 -1.533254 0.847716
v 2.267968 -1.512098 0.845042
v 2.260883 -1.491760 0.840886
v 2.248619 -1.473648 0.835391
v 2.484831 -2.230855 0.626272
v 2.527926 -2.230855 0.632843
v 2.441736 -2.230855 0.613199
v 2.887460 -2.173150 0.644895
v 2.883055 -2.151168 0.664992
v 2.383866 -2.173150 0.644895
v 2.388271 -2.195131 0.627470
v 2.400816 -2.213906 0.615252
v 2.419590 -2.226450 0.610241
v 2.786495 -2.230855 0.626272
v 2.829590 -2.230855 0.613199
v 2.851736 -2.226450 0.610241
v 2.870510 -2.213906 0.615252
v 2.883055 -2.195131 0.627470
v 2.388271 -2.151168 0.664992
v 2.870510 -2.132394 0.684821
v 2.851736 -2.119849 0.701222
v 2.829590 -2.115444 0.711700
v 2.484831 -2.115444 0.723315
v 2.441736 -2.115444 0.711700
v 2.419590 -2.119849 0.701222
v 2.400816 -2.132394 0.684821
v 2.571021 -2.230855 0.637088
v 2.614116 -2.230855 0.641332
v 2.657210 -2.230855 0.641332
v 2.700305 -2.230855 0.637088
v 2.743400 -2.230855 0.632843
v 2.786495 -2.115444 0.723315
v 2.743400 -2.115444 0.727559
v 2.700305 -2.115444 0.731804
v 2.657210 -2.115444 0.736048
v 2.614116 -2.115444 0.736048
v 2.571021 -2.115444 0.731804
v 2.527926 -2.115444 0.727559
v 2.991225 -1.193309 0.794973
v 3.082314 -1.181317 0.742863
v 2.906345 -1.228468 0.831813
v 2.833457 -1.284397 0.871567
v 2.777527 -1.357286 0.897243
v 2.742368 -1.442166 0.909065
v 2.730376 -1.533254 0.919218
v 2.742368 -1.624342 0.909065
v 2.777527 -1.709223 0.897243
v 2.833457 -1.782111 0.871567
v 2.906345 -1.838041 0.831813
v 2.991225 -1.873199 0.794973
v 3.082314 -1.885191 0.742863
v 3.173402 -1.873199 0.693343
v 3.258282 -1.838041 0.637414
v 3.331171 -1.782111 0.594059
v 3.387100 -1.709223 0.554449
v 3.422259 -1.624342 0.524722
v 3.434251 -1.533254 0.524183
v 3.422259 -1.442166 0.524722
v 3.387100 -1.357286 0.554449
v 3.331171 -1.284397 0.594059
v 3.258282 -1.228468 0.637413
v 3.173401 -1.193309 0.693343
v 2.280101 -1.193309 0.794973
v 2.189013 -1.181317 0.742863
v 2.364981 -1.228468 0.831813
v 2.437870 -1.284397 0.871567
v 2.493799 -1.357286 0.897243
v 2.528958 -1.442166 0.909065
v 2.540950 -1.533254 0.919218
v 2.528958 -1.624342 0.909065
v 2.493799 -1.709223 0.897243
v 2.437870 -1.782111 0.871567
v 2.364981 -1.838041 0.831813
v 2.280101 -1.873199 0.794973
v 2.189013 -1.885191 0.742863
v 2.097924 -1.873199 0.693342
v 2.013044 -1.838041 0.637413
v 1.940156 -1.782111 0.594059
v 1.884226 -1.709223 0.554448
v 1.849067 -1.624342 0.524722
v 1.837075 -1.533254 0.524183
v 1.849067 -1.442166 0.524722
v 1.884226 -1.357286 0.554448
v 1.940155 -1.284397 0.594058
v 2.013044 -1.228468 0.637413
v 2.097924 -1.193309 0.693342
v 3.331171 -1.284397 0.665512
v 3.314986 -1.271978 0.679323
v 3.173401 -1.193309 0.764796
v 3.258282 -1.228468 0.708867
v 3.372427 -1.338164 0.640826
v 3.387100 -1.357286 0.625902
v 3.422259 -1.442166 0.596175
v 3.434251 -1.533254 0.595637
v 3.422259 -1.624342 0.596175
v 3.387100 -1.709223 0.625902
v 3.372427 -1.728345 0.640826
v 3.331171 -1.782111 0.665512
v 3.314986 -1.794530 0.679323
v 3.258282 -1.838041 0.708867
v 3.155754 -1.190986 0.778371
v 3.082314 -1.181317 0.814317
v 2.994133 -1.192926 0.865424
v 2.991225 -1.193309 0.866427
v 3.173402 -1.873199 0.764796
v 3.155754 -1.875523 0.778372
v 3.082314 -1.885191 0.814317
v 2.994133 -1.873582 0.865424
v 2.991225 -1.873199 0.866427
v 2.906345 -1.228468 0.903266
v 2.833457 -1.284397 0.943021
v 2.906345 -1.838041 0.903266
v 2.833457 -1.782111 0.943021
v 2.883055 -2.151168 0.736445
v 2.870510 -2.132394 0.756274
v 2.851736 -2.119849 0.772676
v 2.887460 -2.173150 0.716348
v 2.870510 -2.213906 0.686706
v 2.851736 -2.226450 0.681694
v 2.883055 -2.195131 0.698924
v 2.824512 -1.296053 0.949411
v 2.777527 -1.357286 0.968696
v 2.792200 -1.338164 0.965368
v 2.742368 -1.442166 0.980519
v 2.777527 -1.709223 0.968696
v 2.742368 -1.624342 0.980519
v 2.792200 -1.728345 0.965368
v 2.824512 -1.770455 0.949411
v 2.786495 -2.115444 0.794768
v 2.793613 -2.115444 0.794067
v 2.829590 -2.115444 0.783153
v 2.743400 -2.115444 0.799012
v 2.829590 -2.230855 0.684652
v 2.775135 -2.230855 0.701171
v 2.786495 -2.230855 0.697725
v 2.743400 -2.230855 0.704297
v 2.700305 -2.230855 0.708541
v 2.730376 -1.533254 0.990671
v 2.528958 -1.442166 0.980519
v 2.540950 -1.533254 0.990671
v 2.528958 -1.624342 0.980519
v 2.571021 -2.115444 0.803257
v 2.614116 -2.115444 0.807501
v 2.657210 -2.115444 0.807501
v 2.635663 -2.115444 0.809624
v 2.700305 -2.115444 0.803257
v 2.527926 -2.115444 0.799012
v 2.571021 -2.230855 0.708541
v 2.527926 -2.230855 0.704297
v 2.614116 -2.230855 0.712786
v 2.657210 -2.230855 0.712786
v 2.635663 -2.230855 0.714908
v 2.437870 -1.284397 0.943021
v 2.446813 -1.296053 0.949411
v 2.479126 -1.338164 0.965368
v 2.493799 -1.357286 0.968696
v 2.493799 -1.709223 0.968696
v 2.479126 -1.728345 0.965368
v 2.446813 -1.770456 0.949411
v 2.437870 -1.782111 0.943021
v 2.419590 -2.119849 0.772676
v 2.441736 -2.115444 0.783153
v 2.484831 -2.115444 0.794768
v 2.477713 -2.115444 0.794067
v 2.441736 -2.230855 0.684652
v 2.419590 -2.226450 0.681694
v 2.484831 -2.230855 0.697725
v 2.496192 -2.230855 0.701171
v 2.280101 -1.193309 0.866427
v 2.364981 -1.228468 0.903266
v 2.364981 -1.838041 0.903266
v 2.280101 -1.873199 0.866427
v 2.388271 -2.151168 0.736445
v 2.400816 -2.132394 0.756274
v 2.388271 -2.195131 0.698924
v 2.383866 -2.173150 0.716348
v 2.400816 -2.213906 0.686706
v 2.189013 -1.181317 0.814317
v 2.115572 -1.190986 0.778371
v 2.097924 -1.193309 0.764796
v 2.277193 -1.192926 0.865424
v 2.013044 -1.228468 0.708867
v 1.956340 -1.271978 0.679323
v 1.940155 -1.284397 0.665512
v 1.898899 -1.338164 0.640826
v 1.884226 -1.357286 0.625902
v 1.849067 -1.442166 0.596175
v 1.837075 -1.533254 0.595636
v 1.849067 -1.624342 0.596175
v 1.884226 -1.709223 0.625902
v 1.898899 -1.728345 0.640826
v 1.940156 -1.782111 0.665512
v 2.013044 -1.838041 0.708867
v 1.956340 -1.794530 0.679323
v 2.097924 -1.873199 0.764796
v 2.189013 -1.885191 0.814317
v 2.115572 -1.875523 0.778371
v 2.277193 -1.873582 0.865424
vt 0.576930 0.168906
vt 0.576930 0.168906
vt 0.597454 0.168906
vt 0.597454 0.168906
vt 0.879717 0.457761
vt 0.879717 0.457761
vt 0.885428 0.501143
vt 0.885428 0.501143
vt 0.674434 0.663045
vt 0.674434 0.663045
vt 0.675819 0.663227
vt 0.717816 0.668756
vt 0.717816 0.668756
vt 0.535882 0.223872
vt 0.535882 0.223872
vt 0.556405 0.223872
vt 0.556405 0.223872
vt 0.608001 0.171003
vt 0.608001 0.171003
vt 0.879717 0.544525
vt 0.879717 0.544525
vt 0.634009 0.646300
vt 0.634009 0.646300
vt 0.576930 0.223872
vt 0.576930 0.223872
vt 0.616943 0.176979
vt 0.616943 0.176979
vt 0.862972 0.584950
vt 0.862972 0.584950
vt 0.599296 0.619664
vt 0.599296 0.619664
vt 0.622917 0.185919
vt 0.622917 0.185919
vt 0.855984 0.594057
vt 0.836336 0.619664
vt 0.836336 0.619664
vt 0.572659 0.584950
vt 0.572659 0.584950
vt 0.579646 0.594057
vt 0.595036 0.614112
vt 0.625016 0.196389
vt 0.625016 0.196389
vt 0.828627 0.625578
vt 0.801622 0.646300
vt 0.801622 0.646300
vt 0.555914 0.544525
vt 0.555914 0.544525
vt 0.761197 0.663045
vt 0.761197 0.663045
vt 0.550203 0.501143
vt 0.550203 0.501143
vt 0.622917 0.206857
vt 0.622917 0.206857
vt 0.625015 0.196389
vt 0.625015 0.196389
vt 0.752792 0.664152
vt 0.717816 0.668756
vt 0.717816 0.668756
vt 0.555914 0.457761
vt 0.555914 0.457761
vt 0.622917 0.206857
vt 0.622917 0.206857
vt 0.616943 0.215799
vt 0.616943 0.215799
vt 0.572659 0.417337
vt 0.572659 0.417337
vt 0.608001 0.221774
vt 0.608001 0.221774
vt 0.599296 0.382624
vt 0.599296 0.382624
vt 0.595036 0.388174
vt 0.579646 0.408230
vt 0.597454 0.223872
vt 0.597454 0.223872
vt 0.675819 0.663227
vt 0.674434 0.663045
vt 0.674434 0.663045
vt 0.634009 0.355986
vt 0.634009 0.355986
vt 0.580320 0.223872
vt 0.597454 0.223872
vt 0.597454 0.223872
vt 0.634009 0.646300
vt 0.634009 0.646300
vt 0.674434 0.339242
vt 0.674434 0.339242
vt 0.608001 0.221774
vt 0.608001 0.221774
vt 0.599295 0.619664
vt 0.599295 0.619664
vt 0.717816 0.333531
vt 0.717816 0.333531
vt 0.675819 0.339060
vt 0.616943 0.215799
vt 0.616943 0.215799
vt 0.595036 0.614112
vt 0.579647 0.594057
vt 0.572659 0.584950
vt 0.572659 0.584950
vt 0.761197 0.339242
vt 0.761197 0.339242
vt 0.752792 0.338135
vt 0.555914 0.544525
vt 0.555914 0.544525
vt 0.801622 0.355986
vt 0.801622 0.355986
vt 0.550203 0.501143
vt 0.550203 0.501143
vt 0.836335 0.382624
vt 0.836335 0.382624
vt 0.828628 0.376708
vt 0.556405 0.168906
vt 0.556405 0.168906
vt 0.535882 0.168906
vt 0.535882 0.168906
vt 0.555914 0.457761
vt 0.555914 0.457761
vt 0.862972 0.417337
vt 0.862972 0.417337
vt 0.855984 0.408230
vt 0.515357 0.168906
vt 0.515357 0.168906
vt 0.572659 0.417337
vt 0.572659 0.417337
vt 0.879717 0.457761
vt 0.879717 0.457761
vt 0.505095 0.168906
vt 0.515357 0.168906
vt 0.515357 0.168906
vt 0.576930 0.168906
vt 0.576930 0.168906
vt 0.571519 0.168906
vt 0.579647 0.408230
vt 0.595036 0.388175
vt 0.599295 0.382624
vt 0.599295 0.382624
vt 0.885428 0.501143
vt 0.885428 0.501143
vt 0.535881 0.168906
vt 0.535881 0.168906
vt 0.597454 0.168906
vt 0.597454 0.168906
vt 0.634009 0.355986
vt 0.634009 0.355986
vt 0.879717 0.544525
vt 0.879717 0.544525
vt 0.556406 0.168906
vt 0.556406 0.168906
vt 0.674434 0.339242
vt 0.674434 0.339242
vt 0.862972 0.584950
vt 0.862972 0.584950
vt 0.571520 0.168906
vt 0.675819 0.339060
vt 0.717816 0.333531
vt 0.717816 0.333531
vt 0.836335 0.619664
vt 0.836335 0.619664
vt 0.855984 0.594057
vt 0.580320 0.223872
vt 0.576930 0.223872
vt 0.576930 0.223872
vt 0.752792 0.338135
vt 0.761197 0.339242
vt 0.761197 0.339242
vt 0.801622 0.646300
vt 0.801622 0.646300
vt 0.828627 0.625578
vt 0.556406 0.223872
vt 0.556406 0.223872
vt 0.622917 0.185919
vt 0.622917 0.185919
vt 0.801622 0.355986
vt 0.801622 0.355986
vt 0.761197 0.663045
vt 0.761197 0.663045
vt 0.535881 0.223872
vt 0.535881 0.223872
vt 0.616943 0.176979
vt 0.616943 0.176979
vt 0.828627 0.376709
vt 0.836336 0.382624
vt 0.836336 0.382624
vt 0.752792 0.664152
vt 0.515357 0.223872
vt 0.515357 0.223872
vt 0.608001 0.171003
vt 0.608001 0.171003
vt 0.855984 0.408230
vt 0.862972 0.417337
vt 0.862972 0.417337
vt 0.505095 0.223872
vt 0.515357 0.223872
vt 0.515357 0.223872
vt 0.079977 0.088573
vt 0.079977 0.094875
vt 0.085890 0.094875
vt 0.086548 0.088573
vt 0.079977 0.040943
vt 0.079977 0.044312
vt 0.083928 0.044312
vt 0.082699 0.040943
vt 0.079977 0.081734
vt 0.086952 0.081734
vt 0.079977 0.038868
vt 0.081365 0.038868
vt 0.079977 0.074622
vt 0.087089 0.074622
vt 0.079977 0.110376
vt 0.079977 0.111077
vt 0.081365 0.110376
vt 0.079977 0.038168
vt 0.079977 0.067510
vt 0.086952 0.067510
vt 0.079977 0.108302
vt 0.082699 0.108302
vt 0.079977 0.060672
vt 0.086548 0.060672
vt 0.079977 0.104933
vt 0.083928 0.104933
vt 0.079977 0.054369
vt 0.085890 0.054369
vt 0.079977 0.100400
vt 0.085006 0.100400
vt 0.079977 0.048845
vt 0.085006 0.048845
vt 0.089842 0.100400
vt 0.091577 0.094875
vt 0.089842 0.048845
vt 0.087728 0.044312
vt 0.092866 0.088573
vt 0.085316 0.040943
vt 0.093660 0.081734
vt 0.082699 0.038868
vt 0.093928 0.074622
vt 0.082699 0.110376
vt 0.093660 0.067510
vt 0.085316 0.108302
vt 0.092866 0.060672
vt 0.087728 0.104933
vt 0.091577 0.054369
vt 0.100230 0.074622
vt 0.099841 0.067510
vt 0.083928 0.110376
vt 0.087728 0.108302
vt 0.098688 0.060672
vt 0.091229 0.104933
vt 0.096817 0.054369
vt 0.094298 0.100400
vt 0.094298 0.048845
vt 0.096817 0.094875
vt 0.091229 0.044312
vt 0.098688 0.088573
vt 0.087728 0.040943
vt 0.099841 0.081734
vt 0.083928 0.038868
vt 0.098204 0.048845
vt 0.094298 0.044312
vt 0.101410 0.094875
vt 0.103792 0.088573
vt 0.089842 0.040943
vt 0.105259 0.081734
vt 0.085006 0.038868
vt 0.105754 0.074622
vt 0.085006 0.110376
vt 0.105259 0.067510
vt 0.089842 0.108302
vt 0.103792 0.060672
vt 0.094298 0.104933
vt 0.101410 0.054369
vt 0.098204 0.100400
vt 0.085890 0.110376
vt 0.091577 0.108302
vt 0.109705 0.067510
vt 0.107981 0.060672
vt 0.096817 0.104933
vt 0.105180 0.054369
vt 0.101410 0.100400
vt 0.101410 0.048845
vt 0.105180 0.094875
vt 0.096817 0.044312
vt 0.107981 0.088573
vt 0.091577 0.040943
vt 0.109705 0.081734
vt 0.085890 0.038868
vt 0.110288 0.074622
vt 0.107981 0.094875
vt 0.111093 0.088573
vt 0.098688 0.044312
vt 0.092866 0.040943
vt 0.113009 0.081734
vt 0.086548 0.038868
vt 0.113657 0.074622
vt 0.086548 0.110376
vt 0.113009 0.067510
vt 0.092866 0.108302
vt 0.111093 0.060672
vt 0.098688 0.104933
vt 0.107981 0.054369
vt 0.103792 0.100400
vt 0.103792 0.048845
vt 0.115044 0.067510
vt 0.113009 0.060672
vt 0.093660 0.108302
vt 0.099841 0.104933
vt 0.109705 0.054369
vt 0.105259 0.100400
vt 0.105259 0.048845
vt 0.109705 0.094875
vt 0.099841 0.044312
vt 0.113009 0.088573
vt 0.093660 0.040943
vt 0.115044 0.081734
vt 0.086952 0.038868
vt 0.115731 0.074622
vt 0.086952 0.110376
vt 0.100230 0.044312
vt 0.093928 0.040943
vt 0.113657 0.088573
vt 0.115731 0.081734
vt 0.087089 0.038868
vt 0.116432 0.074622
vt 0.087089 0.110376
vt 0.115731 0.067510
vt 0.093928 0.108302
vt 0.113657 0.060672
vt 0.100230 0.104933
vt 0.110288 0.054369
vt 0.105754 0.100400
vt 0.105754 0.048845
vt 0.110288 0.094875
vt 0.901088 0.236549
vt 0.945100 0.318888
vt 0.936645 0.318888
vt 0.893480 0.236549
vt 0.841860 0.837909
vt 0.769689 0.897137
vt 0.764605 0.897137
vt 0.835389 0.837909
vt 0.841860 0.164379
vt 0.835389 0.164379
vt 0.901088 0.765738
vt 0.893480 0.765738
vt 0.769689 0.105150
vt 0.764605 0.105150
vt 0.945099 0.683399
vt 0.936645 0.683399
vt 0.687351 0.061139
vt 0.683849 0.061139
vt 0.972201 0.594057
vt 0.963225 0.594057
vt 0.598008 0.034037
vt 0.596223 0.034037
vt 0.981352 0.501143
vt 0.972201 0.501143
vt 0.598008 0.968249
vt 0.505095 0.977401
vt 0.596223 0.968249
vt 0.505095 0.024886
vt 0.972201 0.408230
vt 0.963225 0.408230
vt 0.687351 0.941148
vt 0.683849 0.941148
vt 0.673477 0.061139
vt 0.590936 0.034037
vt 0.936645 0.594057
vt 0.945099 0.501143
vt 0.590936 0.968249
vt 0.936645 0.408230
vt 0.673477 0.941148
vt 0.911606 0.318888
vt 0.749548 0.897137
vt 0.870945 0.236549
vt 0.816224 0.837909
vt 0.816224 0.164379
vt 0.870945 0.765738
vt 0.749548 0.105150
vt 0.911606 0.683399
vt 0.725097 0.897137
vt 0.785105 0.837909
vt 0.834351 0.236549
vt 0.785105 0.164379
vt 0.834351 0.765738
vt 0.725097 0.105150
vt 0.870945 0.683399
vt 0.656635 0.061139
vt 0.893480 0.594057
vt 0.582350 0.034037
vt 0.901088 0.501143
vt 0.582350 0.968249
vt 0.893480 0.408230
vt 0.656635 0.941148
vt 0.870945 0.318888
vt 0.855984 0.594057
vt 0.862972 0.584950
vt 0.879717 0.544525
vt 0.885428 0.501143
vt 0.570795 0.968249
vt 0.570795 0.034037
vt 0.879717 0.457761
vt 0.862972 0.417337
vt 0.855984 0.408230
vt 0.633969 0.941148
vt 0.836336 0.382624
vt 0.828627 0.376709
vt 0.816224 0.318888
vt 0.692192 0.897137
vt 0.785105 0.236549
vt 0.743224 0.837909
vt 0.743224 0.164379
vt 0.785104 0.765738
vt 0.692192 0.105150
vt 0.816224 0.683399
vt 0.633969 0.061139
vt 0.828627 0.625578
vt 0.836336 0.619664
vt 0.725097 0.236549
vt 0.692192 0.164379
vt 0.692192 0.837909
vt 0.725097 0.765738
vt 0.652096 0.105150
vt 0.749548 0.683399
vt 0.606351 0.061139
vt 0.556715 0.034037
vt 0.556715 0.968249
vt 0.606351 0.941148
vt 0.801622 0.355986
vt 0.761197 0.339242
vt 0.752792 0.338135
vt 0.749548 0.318888
vt 0.652096 0.897137
vt 0.540651 0.968249
vt 0.540651 0.034037
vt 0.574841 0.941148
vt 0.717816 0.333531
vt 0.675819 0.339060
vt 0.673477 0.318888
vt 0.606351 0.897137
vt 0.656635 0.236549
vt 0.633969 0.837909
vt 0.633969 0.164379
vt 0.656635 0.765738
vt 0.606351 0.105150
vt 0.673477 0.683399
vt 0.574841 0.061139
vt 0.570795 0.837909
vt 0.582350 0.765738
vt 0.570795 0.164379
vt 0.556715 0.105150
vt 0.590936 0.683399
vt 0.540651 0.061139
vt 0.523221 0.034037
vt 0.523221 0.968249
vt 0.540651 0.941148
vt 0.674434 0.339242
vt 0.634009 0.355986
vt 0.599295 0.382624
vt 0.595036 0.388175
vt 0.590936 0.318888
vt 0.556715 0.897137
vt 0.582350 0.236549
vt 0.580320 0.223872
vt 0.597454 0.223872
vt 0.608001 0.221774
vt 0.616943 0.215799
vt 0.622917 0.206857
vt 0.625016 0.196389
vt 0.622917 0.185919
vt 0.616943 0.176979
vt 0.608001 0.171003
vt 0.597454 0.168906
vt 0.576930 0.168906
vt 0.571520 0.168906
vt 0.505095 0.968249
vt 0.505095 0.941148
vt 0.579647 0.408230
vt 0.505095 0.408230
vt 0.505095 0.318888
vt 0.505095 0.897137
vt 0.505095 0.236549
vt 0.505095 0.837909
vt 0.556406 0.168906
vt 0.535881 0.168906
vt 0.515357 0.168906
vt 0.505095 0.168906
vt 0.505095 0.164379
vt 0.505095 0.765738
vt 0.505095 0.105150
vt 0.505095 0.683399
vt 0.505095 0.061139
vt 0.505095 0.034037
vt 0.570794 0.164379
vt 0.556714 0.105150
vt 0.582349 0.765738
vt 0.590935 0.683399
vt 0.540651 0.061139
vt 0.505095 0.594057
vt 0.595036 0.614112
vt 0.579646 0.594057
vt 0.523221 0.034037
vt 0.505095 0.501143
vt 0.572659 0.584950
vt 0.555914 0.544525
vt 0.550203 0.501143
vt 0.523221 0.968249
vt 0.555914 0.457761
vt 0.572659 0.417337
vt 0.579646 0.408230
vt 0.540651 0.941148
vt 0.595036 0.388174
vt 0.590936 0.318888
vt 0.556714 0.897137
vt 0.582349 0.236549
vt 0.570794 0.837909
vt 0.515357 0.168906
vt 0.535882 0.168906
vt 0.556405 0.168906
vt 0.571519 0.168906
vt 0.599296 0.382624
vt 0.634009 0.355986
vt 0.674434 0.339242
vt 0.675819 0.339060
vt 0.673477 0.318888
vt 0.574841 0.941148
vt 0.606351 0.897137
vt 0.656635 0.236549
vt 0.633969 0.837909
vt 0.576930 0.168906
vt 0.597454 0.168906
vt 0.608001 0.171003
vt 0.616943 0.176979
vt 0.622917 0.185919
vt 0.625015 0.196389
vt 0.622917 0.206857
vt 0.616943 0.215799
vt 0.608001 0.221774
vt 0.597454 0.223872
vt 0.580320 0.223872
vt 0.633969 0.164379
vt 0.656635 0.765738
vt 0.606351 0.105150
vt 0.673477 0.683399
vt 0.574841 0.061139
vt 0.540651 0.034037
vt 0.540651 0.968249
vt 0.652096 0.105150
vt 0.606351 0.061139
vt 0.556714 0.034037
vt 0.556714 0.968249
vt 0.606351 0.941148
vt 0.717816 0.333531
vt 0.752792 0.338135
vt 0.749548 0.318888
vt 0.652096 0.897137
vt 0.725097 0.236549
vt 0.692191 0.837909
vt 0.692191 0.164379
vt 0.725097 0.765738
vt 0.749548 0.683399
vt 0.633969 0.941148
vt 0.692191 0.897137
vt 0.816225 0.318888
vt 0.785104 0.236549
vt 0.743224 0.837909
vt 0.743224 0.164379
vt 0.785104 0.765738
vt 0.692191 0.105150
vt 0.816225 0.683399
vt 0.633969 0.061139
vt 0.570794 0.034037
vt 0.570794 0.968249
vt 0.761197 0.339242
vt 0.801622 0.355986
vt 0.828628 0.376708
vt 0.656635 0.061139
vt 0.582349 0.034037
vt 0.582349 0.968249
vt 0.656635 0.941148
vt 0.836335 0.382624
vt 0.855984 0.408230
vt 0.893479 0.408230
vt 0.870945 0.318888
vt 0.725097 0.897137
vt 0.834351 0.236549
vt 0.785104 0.837909
vt 0.785104 0.164379
vt 0.834351 0.765738
vt 0.725097 0.105150
vt 0.870945 0.683399
vt 0.911606 0.318888
vt 0.870945 0.236549
vt 0.749548 0.897137
vt 0.816225 0.837909
vt 0.816225 0.164379
vt 0.870945 0.765738
vt 0.749548 0.105150
vt 0.911606 0.683399
vt 0.673477 0.061139
vt 0.893479 0.594057
vt 0.936644 0.594057
vt 0.590935 0.034037
vt 0.901088 0.501143
vt 0.945099 0.501143
vt 0.590936 0.968249
vt 0.936644 0.408230
vt 0.673477 0.941148
vt 0.683848 0.061139
vt 0.596223 0.034037
vt 0.963225 0.594057
vt 0.972200 0.501143
vt 0.596223 0.968249
vt 0.963225 0.408230
vt 0.683849 0.941148
vt 0.936644 0.318888
vt 0.764605 0.897137
vt 0.893479 0.236549
vt 0.835388 0.837909
vt 0.835388 0.164379
vt 0.893479 0.765738
vt 0.764605 0.105150
vt 0.936644 0.683399
vt 0.769689 0.897137
vt 0.841860 0.837909
vt 0.901088 0.236549
vt 0.841860 0.164379
vt 0.901088 0.765738
vt 0.769689 0.105150
vt 0.945099 0.683399
vt 0.687351 0.061139
vt 0.972201 0.594057
vt 0.598008 0.034037
vt 0.981352 0.501143
vt 0.598008 0.968249
vt 0.972201 0.408230
vt 0.687351 0.941148
vt 0.945099 0.318888
vt 0.043523 0.074622
vt 0.044223 0.081734
vt 0.044910 0.081734
vt 0.044223 0.074622
vt 0.072865 0.110376
vt 0.073002 0.110376
vt 0.072865 0.038868
vt 0.073002 0.038868
vt 0.044223 0.067510
vt 0.044910 0.067510
vt 0.066027 0.108302
vt 0.066295 0.108302
vt 0.046298 0.060672
vt 0.046945 0.060672
vt 0.059724 0.104933
vt 0.060113 0.104933
vt 0.049666 0.054369
vt 0.050249 0.054369
vt 0.054200 0.100400
vt 0.054695 0.100400
vt 0.054200 0.048845
vt 0.054695 0.048845
vt 0.049666 0.094875
vt 0.050249 0.094875
vt 0.059724 0.044312
vt 0.060113 0.044312
vt 0.046298 0.088573
vt 0.046945 0.088573
vt 0.066027 0.040943
vt 0.066295 0.040943
vt 0.051974 0.054369
vt 0.056162 0.048845
vt 0.056162 0.100400
vt 0.051974 0.094875
vt 0.061266 0.044312
vt 0.048861 0.088573
vt 0.067089 0.040943
vt 0.046945 0.081734
vt 0.073407 0.038868
vt 0.046298 0.074622
vt 0.073407 0.110376
vt 0.046945 0.067510
vt 0.067089 0.108302
vt 0.048861 0.060672
vt 0.061266 0.104933
vt 0.074064 0.038868
vt 0.049666 0.074622
vt 0.050249 0.067510
vt 0.074064 0.110376
vt 0.068378 0.108302
vt 0.051974 0.060672
vt 0.063137 0.104933
vt 0.054775 0.054369
vt 0.058544 0.100400
vt 0.058544 0.048845
vt 0.054775 0.094875
vt 0.063137 0.044312
vt 0.051974 0.088573
vt 0.068378 0.040943
vt 0.050249 0.081734
vt 0.061750 0.048845
vt 0.065656 0.044312
vt 0.058544 0.094875
vt 0.056162 0.088573
vt 0.070113 0.040943
vt 0.054695 0.081734
vt 0.074948 0.038868
vt 0.054200 0.074622
vt 0.074948 0.110376
vt 0.054695 0.067510
vt 0.070113 0.108302
vt 0.056162 0.060672
vt 0.065656 0.104933
vt 0.058544 0.054369
vt 0.061750 0.100400
vt 0.076026 0.110376
vt 0.072227 0.108302
vt 0.060113 0.067510
vt 0.061266 0.060672
vt 0.068725 0.104933
vt 0.063137 0.054369
vt 0.065656 0.100400
vt 0.065656 0.048845
vt 0.063137 0.094875
vt 0.068725 0.044312
vt 0.061266 0.088573
vt 0.072227 0.040943
vt 0.060113 0.081734
vt 0.076026 0.038868
vt 0.059724 0.074622
vt 0.068378 0.094875
vt 0.067089 0.088573
vt 0.072227 0.044312
vt 0.074639 0.040943
vt 0.066295 0.081734
vt 0.077256 0.038868
vt 0.066027 0.074622
vt 0.077256 0.110376
vt 0.066295 0.067510
vt 0.074639 0.108302
vt 0.067089 0.060672
vt 0.072227 0.104933
vt 0.068378 0.054369
vt 0.070113 0.100400
vt 0.070113 0.048845
vt 0.073002 0.067510
vt 0.073407 0.060672
vt 0.077256 0.108302
vt 0.076026 0.104933
vt 0.074064 0.054369
vt 0.074948 0.100400
vt 0.074948 0.048845
vt 0.074064 0.094875
vt 0.076026 0.044312
vt 0.073407 0.088573
vt 0.077256 0.040943
vt 0.073002 0.081734
vt 0.078590 0.038868
vt 0.072865 0.074622
vt 0.078590 0.110376
vt 0.550203 0.501143
vt 0.555914 0.544525
vt 0.572659 0.584950
vt 0.579647 0.594057
vt 0.595036 0.614112
vt 0.599295 0.619664
vt 0.634009 0.646300
vt 0.674434 0.663045
vt 0.675819 0.663227
vt 0.752792 0.664152
vt 0.761197 0.663045
vt 0.801622 0.646300
vt 0.572659 0.417337
vt 0.555914 0.457761
vt 0.675819 0.663227
vt 0.674434 0.663045
vt 0.634009 0.646300
vt 0.599296 0.619664
vt 0.717816 0.668756
vt 0.752792 0.664152
vt 0.717816 0.668756
vt 0.505095 0.223872
vt 0.515357 0.223872
vt 0.535881 0.223872
vt 0.556406 0.223872
vt 0.576930 0.223872
vt 0.828627 0.625578
vt 0.801622 0.646300
vt 0.761197 0.663045
vt 0.576930 0.223872
vt 0.556405 0.223872
vt 0.535882 0.223872
vt 0.515357 0.223872
vt 0.885428 0.501143
vt 0.879717 0.544525
vt 0.862972 0.584950
vt 0.855984 0.594057
vt 0.836335 0.619664
vt 0.862972 0.417337
vt 0.879717 0.457761
vt 0.597454 0.223872
vt 0.597454 0.196389
vt 0.576930 0.196389
vt 0.576930 0.223872
vt 0.625015 0.196389
vt 0.608001 0.196389
vt 0.608001 0.221774
vt 0.616943 0.215799
vt 0.622917 0.206857
vt 0.576930 0.223872
vt 0.576930 0.196389
vt 0.597454 0.196389
vt 0.597454 0.223872
vt 0.608001 0.196389
vt 0.608001 0.221774
vt 0.625016 0.196389
vt 0.622917 0.206857
vt 0.616943 0.215799
vt 0.556405 0.196389
vt 0.556405 0.223872
vt 0.535882 0.196389
vt 0.535882 0.223872
vt 0.515357 0.196389
vt 0.515357 0.223872
vt 0.515357 0.196389
vt 0.515357 0.223872
vt 0.535881 0.196389
vt 0.535881 0.223872
vt 0.556406 0.196389
vt 0.556406 0.223872
vt 0.622917 0.185919
vt 0.616943 0.176979
vt 0.608001 0.171003
vt 0.597454 0.168906
vt 0.608001 0.171003
vt 0.597454 0.168906
vt 0.556405 0.168906
vt 0.535882 0.168906
vt 0.515357 0.168906
vt 0.515357 0.168906
vt 0.535881 0.168906
vt 0.556406 0.168906
vt 0.576930 0.168906
vt 0.576930 0.168906
vt 0.616943 0.176979
vt 0.622917 0.185919
vt 0.636780 0.582179
vt 0.660514 0.600392
vt 0.634009 0.646300
vt 0.599295 0.619664
vt 0.688154 0.611840
vt 0.717816 0.615745
vt 0.717816 0.668756
vt 0.674434 0.663045
vt 0.618567 0.558444
vt 0.572659 0.584950
vt 0.607119 0.530805
vt 0.555914 0.544525
vt 0.603214 0.501143
vt 0.550203 0.501143
vt 0.607119 0.471482
vt 0.555914 0.457761
vt 0.618567 0.443842
vt 0.572659 0.417337
vt 0.636780 0.420107
vt 0.599295 0.382624
vt 0.660514 0.401895
vt 0.634009 0.355986
vt 0.688154 0.390447
vt 0.674434 0.339242
vt 0.717816 0.386542
vt 0.717816 0.333531
vt 0.747477 0.390447
vt 0.761197 0.339242
vt 0.775116 0.401895
vt 0.801622 0.355986
vt 0.798851 0.420107
vt 0.836336 0.382624
vt 0.817063 0.443842
vt 0.862972 0.417337
vt 0.828512 0.471482
vt 0.879717 0.457761
vt 0.832417 0.501143
vt 0.885428 0.501143
vt 0.828512 0.530805
vt 0.879717 0.544525
vt 0.817063 0.558444
vt 0.862972 0.584950
vt 0.798851 0.582179
vt 0.836336 0.619664
vt 0.775116 0.600391
vt 0.801622 0.646300
vt 0.747477 0.611840
vt 0.761197 0.663045
vt 0.707212 0.540717
vt 0.717816 0.541630
vt 0.697459 0.536401
vt 0.751519 0.501143
vt 0.750296 0.492440
vt 0.707212 0.461570
vt 0.697459 0.465885
vt 0.689427 0.472755
vt 0.683587 0.481382
vt 0.728022 0.539236
vt 0.747638 0.483926
vt 0.683587 0.520906
vt 0.689427 0.529531
vt 0.750296 0.509847
vt 0.717816 0.460656
vt 0.680212 0.511219
vt 0.747638 0.518361
vt 0.728022 0.463050
vt 0.679327 0.501143
vt 0.743302 0.526630
vt 0.736802 0.468259
vt 0.680212 0.491068
vt 0.736802 0.534028
vt 0.743302 0.475657
vt 0.660514 0.600391
vt 0.697459 0.536401
vt 0.689427 0.529531
vt 0.636779 0.582179
vt 0.599296 0.619664
vt 0.634009 0.646300
vt 0.688154 0.611840
vt 0.674434 0.663045
vt 0.717816 0.668756
vt 0.717816 0.615745
vt 0.618567 0.558444
vt 0.572659 0.584950
vt 0.607118 0.530805
vt 0.555914 0.544525
vt 0.603214 0.501143
vt 0.550203 0.501143
vt 0.607118 0.471482
vt 0.555914 0.457761
vt 0.618568 0.443842
vt 0.572659 0.417337
vt 0.636779 0.420107
vt 0.599296 0.382624
vt 0.660514 0.401895
vt 0.634009 0.355986
vt 0.688154 0.390447
vt 0.674434 0.339242
vt 0.717816 0.386542
vt 0.717816 0.333531
vt 0.747476 0.390447
vt 0.761197 0.339242
vt 0.775116 0.401895
vt 0.801622 0.355986
vt 0.798851 0.420107
vt 0.836335 0.382624
vt 0.817064 0.443842
vt 0.862972 0.417337
vt 0.828512 0.471482
vt 0.879717 0.457761
vt 0.832417 0.501143
vt 0.885428 0.501143
vt 0.828512 0.530805
vt 0.879717 0.544525
vt 0.817064 0.558444
vt 0.862972 0.584950
vt 0.798851 0.582179
vt 0.836335 0.619664
vt 0.775116 0.600391
vt 0.801622 0.646300
vt 0.747476 0.611840
vt 0.761197 0.663045
vt 0.680212 0.491068
vt 0.683587 0.481382
vt 0.736801 0.534028
vt 0.728022 0.539236
vt 0.689427 0.472755
vt 0.743302 0.475657
vt 0.747638 0.483926
vt 0.750296 0.492440
vt 0.751519 0.501143
vt 0.697459 0.465885
vt 0.707211 0.461570
vt 0.683587 0.520906
vt 0.750296 0.509847
vt 0.717816 0.460656
vt 0.680212 0.511219
vt 0.747638 0.518361
vt 0.728022 0.463050
vt 0.679326 0.501143
vt 0.743302 0.526630
vt 0.736801 0.468259
vt 0.707211 0.540717
vt 0.717816 0.541630
vn 0.0000 1.0000 0.0000
vn -0.0854 0.9963 0.0000
vn -0.1120 0.9937 0.0000
vn -0.9696 0.2445 0.0000
vn -0.9627 0.2705 0.0000
vn -1.0000 0.0000 0.0000
vn -0.2238 -0.9746 0.0000
vn -0.2870 -0.9579 0.0000
vn -0.1305 -0.9914 0.0000
vn -0.0399 -0.9992 0.0000
vn 0.0426 -0.9991 0.0000
vn 0.0000 -1.0000 0.0000
vn -0.3873 0.9219 0.0000
vn -0.3768 0.9262 0.0000
vn -0.9627 -0.2705 0.0000
vn -0.9696 -0.2445 0.0000
vn -0.4708 -0.8822 0.0000
vn -0.5281 -0.8491 0.0000
vn -0.7358 0.6771 0.0000
vn -0.6712 0.7413 0.0000
vn -0.8487 -0.5289 0.0000
vn -0.8811 -0.4728 0.0000
vn -0.6875 -0.7262 0.0000
vn -0.7309 -0.6825 0.0000
vn -0.9479 0.3185 0.0000
vn -0.8914 0.4531 0.0000
vn -0.7933 -0.6088 0.0000
vn -0.6807 -0.7326 0.0000
vn -0.7320 -0.6813 0.0000
vn -0.8579 -0.5138 0.0000
vn -0.8715 -0.4903 0.0000
vn -0.9962 -0.0865 0.0000
vn -0.9959 0.0904 0.0000
vn -0.6088 -0.7933 0.0000
vn -0.4672 -0.8841 0.0000
vn -0.5366 -0.8438 0.0000
vn -0.9633 -0.2684 0.0000
vn -0.9684 -0.2491 0.0000
vn -0.2116 -0.9773 0.0000
vn -0.3000 -0.9539 0.0000
vn 0.9546 -0.2978 0.0000
vn 0.8846 -0.4662 0.0000
vn 0.9962 -0.0865 0.0000
vn 0.9959 0.0904 0.0000
vn 0.0399 -0.9992 0.0000
vn -0.0426 -0.9991 0.0000
vn -0.9633 0.2684 0.0000
vn -0.9684 0.2491 0.0000
vn -0.9546 -0.2978 0.0000
vn -0.8846 -0.4662 0.0000
vn -0.6424 -0.7664 0.0000
vn -0.7631 -0.6462 0.0000
vn -0.8579 0.5138 0.0000
vn -0.8715 0.4903 0.0000
vn -0.3156 -0.9489 0.0000
vn -0.4403 -0.8978 0.0000
vn -0.6875 0.7262 0.0000
vn -0.7309 0.6825 0.0000
vn -0.7933 0.6088 0.0000
vn -0.0742 -0.9972 0.0000
vn -0.1186 -0.9929 0.0000
vn 0.1305 -0.9914 0.0000
vn 0.2870 -0.9579 0.0000
vn 0.2238 -0.9746 0.0000
vn -0.4708 0.8822 0.0000
vn -0.5281 0.8491 0.0000
vn 0.0742 -0.9972 0.0000
vn 0.1186 -0.9929 0.0000
vn 0.5281 -0.8491 0.0000
vn 0.4708 -0.8822 0.0000
vn -0.2238 0.9746 0.0000
vn -0.2870 0.9579 0.0000
vn 0.3156 -0.9489 0.0000
vn 0.4403 -0.8978 0.0000
vn 0.7309 -0.6825 0.0000
vn 0.6875 -0.7262 0.0000
vn 0.0426 0.9991 0.0000
vn -0.0399 0.9992 0.0000
vn -0.1305 0.9914 0.0000
vn 0.6424 -0.7664 0.0000
vn 0.7631 -0.6462 0.0000
vn 0.7933 -0.6088 0.0000
vn 0.8715 -0.4903 0.0000
vn 0.8579 -0.5138 0.0000
vn 0.3000 0.9539 0.0000
vn 0.2116 0.9773 0.0000
vn 0.1305 0.9914 0.0000
vn 0.9684 -0.2491 0.0000
vn 0.9633 -0.2684 0.0000
vn 0.5366 0.8438 0.0000
vn 0.4672 0.8841 0.0000
vn 1.0000 0.0000 0.0000
vn 0.7320 0.6813 0.0000
vn 0.6807 0.7326 0.0000
vn 0.6088 0.7933 0.0000
vn 0.9684 0.2491 0.0000
vn 0.9633 0.2684 0.0000
vn 0.8811 0.4728 0.0000
vn 0.8487 0.5289 0.0000
vn 0.7933 0.6088 0.0000
vn 0.8715 0.4903 0.0000
vn 0.8579 0.5138 0.0000
vn 0.9696 0.2445 0.0000
vn 0.9627 0.2705 0.0000
vn 0.7309 0.6825 0.0000
vn 0.6875 0.7262 0.0000
vn 0.1120 0.9937 0.0000
vn 0.0854 0.9963 0.0000
vn 0.5281 0.8491 0.0000
vn 0.4708 0.8822 0.0000
vn 0.9696 -0.2445 0.0000
vn 0.9627 -0.2705 0.0000
vn 0.2870 0.9579 0.0000
vn 0.2238 0.9746 0.0000
vn 0.8811 -0.4728 0.0000
vn 0.8487 -0.5289 0.0000
vn 0.0399 0.9992 0.0000
vn -0.0426 0.9991 0.0000
vn 0.7320 -0.6813 0.0000
vn 0.6807 -0.7326 0.0000
vn -0.2116 0.9773 0.0000
vn -0.3000 0.9539 0.0000
vn 0.5366 -0.8438 0.0000
vn 0.4672 -0.8841 0.0000
vn 0.6088 -0.7933 0.0000
vn 0.9479 0.3185 0.0000
vn 0.8914 0.4531 0.0000
vn -0.4672 0.8841 0.0000
vn -0.5366 0.8438 0.0000
vn 0.3000 -0.9539 0.0000
vn 0.2116 -0.9773 0.0000
vn 0.7358 0.6771 0.0000
vn 0.6712 0.7413 0.0000
vn -0.6088 0.7933 0.0000
vn -0.6807 0.7326 0.0000
vn -0.7320 0.6813 0.0000
vn 0.3873 0.9219 0.0000
vn 0.3769 0.9262 0.0000
vn -0.8487 0.5289 0.0000
vn -0.8811 0.4728 0.0000
vn 0.0000 0.3805 -0.9247
vn 0.0000 0.5528 -0.8333
vn 0.1626 0.5528 -0.8173
vn 0.1804 0.3805 -0.9070
vn 0.0000 -0.9217 -0.3879
vn 0.0000 -0.8286 -0.5598
vn 0.1092 -0.8286 -0.5490
vn 0.0757 -0.9217 -0.3804
vn 0.0000 0.1939 -0.9810
vn 0.1914 0.1939 -0.9622
vn 0.0000 -0.9796 -0.2010
vn 0.0392 -0.9796 -0.1971
vn 0.0000 0.0000 -1.0000
vn 0.1951 0.0000 -0.9808
vn 0.0000 0.9796 -0.2010
vn 0.0392 0.9796 -0.1971
vn 0.0000 -0.1939 -0.9810
vn 0.1914 -0.1939 -0.9622
vn 0.0000 0.9217 -0.3879
vn 0.0757 0.9217 -0.3804
vn 0.0000 -0.3805 -0.9247
vn 0.1804 -0.3805 -0.9070
vn 0.0000 0.8286 -0.5598
vn 0.1092 0.8286 -0.5490
vn 0.0000 -0.5528 -0.8333
vn 0.1626 -0.5528 -0.8173
vn 0.0000 0.7040 -0.7101
vn 0.1385 0.7040 -0.6965
vn 0.0000 -0.7040 -0.7101
vn 0.1385 -0.7040 -0.6965
vn 0.2717 0.7040 -0.6561
vn 0.3189 0.5528 -0.7699
vn 0.2717 -0.7040 -0.6561
vn 0.2142 -0.8286 -0.5171
vn 0.3539 0.3805 -0.8544
vn 0.1484 -0.9217 -0.3583
vn 0.3754 0.1939 -0.9063
vn 0.0769 -0.9796 -0.1856
vn 0.3827 0.0000 -0.9239
vn 0.0769 0.9796 -0.1856
vn 0.3754 -0.1939 -0.9063
vn 0.1484 0.9217 -0.3583
vn 0.3539 -0.3805 -0.8544
vn 0.2142 0.8286 -0.5171
vn 0.3189 -0.5528 -0.7699
vn 0.5556 0.0000 -0.8314
vn 0.5450 -0.1939 -0.8157
vn 0.1116 0.9796 -0.1671
vn 0.2155 0.9217 -0.3225
vn 0.5137 -0.3805 -0.7689
vn 0.3110 0.8286 -0.4654
vn 0.4630 -0.5528 -0.6929
vn 0.3945 0.7040 -0.5904
vn 0.3945 -0.7040 -0.5904
vn 0.4630 0.5528 -0.6929
vn 0.3110 -0.8286 -0.4654
vn 0.5137 0.3805 -0.7689
vn 0.2155 -0.9217 -0.3225
vn 0.5450 0.1939 -0.8157
vn 0.1116 -0.9796 -0.1671
vn 0.5021 -0.7040 -0.5021
vn 0.3958 -0.8286 -0.3958
vn 0.5893 0.5528 -0.5893
vn 0.6539 0.3805 -0.6539
vn 0.2743 -0.9217 -0.2743
vn 0.6937 0.1939 -0.6937
vn 0.1421 -0.9796 -0.1421
vn 0.7071 0.0000 -0.7071
vn 0.1421 0.9796 -0.1421
vn 0.6937 -0.1939 -0.6937
vn 0.2743 0.9217 -0.2743
vn 0.6539 -0.3805 -0.6539
vn 0.3958 0.8286 -0.3958
vn 0.5893 -0.5528 -0.5893
vn 0.5021 0.7040 -0.5021
vn 0.1671 0.9796 -0.1116
vn 0.3225 0.9217 -0.2155
vn 0.8157 -0.1939 -0.5450
vn 0.7689 -0.3805 -0.5137
vn 0.4654 0.8286 -0.3110
vn 0.6929 -0.5528 -0.4630
vn 0.5904 0.7040 -0.3945
vn 0.5904 -0.7040 -0.3945
vn 0.6929 0.5528 -0.4630
vn 0.4654 -0.8286 -0.3110
vn 0.7689 0.3805 -0.5137
vn 0.3225 -0.9217 -0.2155
vn 0.8157 0.1939 -0.5450
vn 0.1671 -0.9796 -0.1116
vn 0.8314 0.0000 -0.5556
vn 0.7699 0.5528 -0.3189
vn 0.8544 0.3805 -0.3539
vn 0.5171 -0.8286 -0.2142
vn 0.3583 -0.9217 -0.1484
vn 0.9063 0.1939 -0.3754
vn 0.1856 -0.9796 -0.0769
vn 0.9239 0.0000 -0.3827
vn 0.1856 0.9796 -0.0769
vn 0.9063 -0.1939 -0.3754
vn 0.3583 0.9217 -0.1484
vn 0.8544 -0.3805 -0.3539
vn 0.5171 0.8286 -0.2142
vn 0.7699 -0.5528 -0.3189
vn 0.6561 0.7040 -0.2717
vn 0.6561 -0.7040 -0.2717
vn 0.9622 -0.1939 -0.1914
vn 0.9070 -0.3805 -0.1804
vn 0.3804 0.9217 -0.0757
vn 0.5490 0.8286 -0.1092
vn 0.8173 -0.5528 -0.1626
vn 0.6965 0.7040 -0.1385
vn 0.6965 -0.7040 -0.1385
vn 0.8173 0.5528 -0.1626
vn 0.5490 -0.8286 -0.1092
vn 0.9070 0.3805 -0.1804
vn 0.3804 -0.9217 -0.0757
vn 0.9622 0.1939 -0.1914
vn 0.1971 -0.9796 -0.0392
vn 0.9808 0.0000 -0.1951
vn 0.1971 0.9796 -0.0392
vn 0.5598 -0.8286 0.0000
vn 0.3879 -0.9217 0.0000
vn 0.9247 0.3805 0.0000
vn 0.9810 0.1939 0.0000
vn 0.2010 -0.9796 0.0000
vn 0.2010 0.9796 0.0000
vn 0.9810 -0.1939 0.0000
vn 0.3879 0.9217 0.0000
vn 0.9247 -0.3805 0.0000
vn 0.5598 0.8286 0.0000
vn 0.8333 -0.5528 0.0000
vn 0.7101 0.7040 0.0000
vn 0.7101 -0.7040 0.0000
vn 0.8333 0.5528 0.0000
vn 0.9070 -0.3805 0.1804
vn 0.8173 -0.5528 0.1626
vn 0.5490 0.8286 0.1092
vn 0.6965 0.7040 0.1385
vn 0.6965 -0.7040 0.1385
vn 0.8173 0.5528 0.1626
vn 0.5490 -0.8286 0.1092
vn 0.9070 0.3805 0.1804
vn 0.3804 -0.9217 0.0757
vn 0.9622 0.1939 0.1914
vn 0.1971 -0.9796 0.0392
vn 0.9808 0.0000 0.1951
vn 0.1971 0.9796 0.0392
vn 0.9622 -0.1939 0.1914
vn 0.3804 0.9217 0.0757
vn 0.3583 -0.9217 0.1484
vn 0.1856 -0.9796 0.0769
vn 0.9063 0.1939 0.3754
vn 0.9239 0.0000 0.3827
vn 0.1856 0.9796 0.0769
vn 0.9063 -0.1939 0.3754
vn 0.3583 0.9217 0.1484
vn 0.8544 -0.3805 0.3539
vn 0.5171 0.8286 0.2142
vn 0.7699 -0.5528 0.3189
vn 0.6561 0.7040 0.2717
vn 0.6561 -0.7040 0.2717
vn 0.7699 0.5528 0.3189
vn 0.5171 -0.8286 0.2142
vn 0.8544 0.3805 0.3539
vn 0.4654 0.8286 0.3110
vn 0.5904 0.7040 0.3945
vn 0.6929 -0.5528 0.4630
vn 0.5904 -0.7040 0.3945
vn 0.6929 0.5528 0.4630
vn 0.4654 -0.8286 0.3110
vn 0.7689 0.3805 0.5137
vn 0.3225 -0.9217 0.2155
vn 0.8157 0.1939 0.5450
vn 0.1671 -0.9796 0.1116
vn 0.8314 0.0000 0.5556
vn 0.1671 0.9796 0.1116
vn 0.8157 -0.1939 0.5450
vn 0.3225 0.9217 0.2155
vn 0.7689 -0.3805 0.5137
vn 0.7500 0.2422 0.6155
vn 0.7693 0.0975 0.6314
vn 0.7730 0.0000 0.6344
vn 0.1421 0.9796 0.1421
vn 0.1421 -0.9796 0.1421
vn 0.7693 -0.0975 0.6313
vn 0.7500 -0.2422 0.6155
vn 0.2743 0.9217 0.2743
vn 0.7400 -0.2890 0.6073
vn 0.7024 -0.2901 0.6500
vn 0.6539 -0.3805 0.6539
vn 0.3958 0.8286 0.3958
vn 0.5893 -0.5528 0.5893
vn 0.5021 0.7040 0.5021
vn 0.5021 -0.7040 0.5021
vn 0.5893 0.5528 0.5893
vn 0.3958 -0.8286 0.3958
vn 0.6539 0.3805 0.6539
vn 0.2743 -0.9217 0.2743
vn 0.7024 0.2901 0.6500
vn 0.7400 0.2890 0.6073
vn 0.4630 -0.5528 0.6929
vn 0.3945 -0.7040 0.5904
vn 0.3945 0.7040 0.5904
vn 0.4630 0.5528 0.6929
vn 0.3110 -0.8286 0.4654
vn 0.5137 0.3805 0.7689
vn 0.2155 -0.9217 0.3225
vn 0.1116 -0.9796 0.1671
vn 0.1116 0.9796 0.1671
vn 0.2155 0.9217 0.3225
vn 0.6073 -0.2890 0.7400
vn 0.5375 -0.2903 0.7917
vn 0.5137 -0.3805 0.7689
vn 0.3110 0.8286 0.4654
vn 0.0769 0.9796 0.1856
vn 0.0769 -0.9796 0.1856
vn 0.1484 0.9217 0.3583
vn 0.4513 -0.2890 0.8443
vn 0.3592 -0.2903 0.8870
vn 0.3539 -0.3805 0.8544
vn 0.2142 0.8286 0.5171
vn 0.3189 -0.5528 0.7699
vn 0.2717 0.7040 0.6561
vn 0.2717 -0.7040 0.6561
vn 0.3189 0.5528 0.7699
vn 0.2142 -0.8286 0.5171
vn 0.3539 0.3805 0.8544
vn 0.1484 -0.9217 0.3583
vn 0.1385 0.7040 0.6965
vn 0.1626 0.5528 0.8173
vn 0.1385 -0.7040 0.6965
vn 0.1092 -0.8286 0.5490
vn 0.1804 0.3805 0.9070
vn 0.0757 -0.9217 0.3804
vn 0.0392 -0.9796 0.1971
vn 0.0392 0.9796 0.1971
vn 0.0757 0.9217 0.3804
vn 0.2779 -0.2890 0.9161
vn 0.1340 -0.2899 0.9476
vn 0.1804 -0.3805 0.9070
vn 0.1092 0.8286 0.5490
vn 0.1626 -0.5528 0.8173
vn 0.1508 -0.6344 0.7581
vn 0.2248 -0.6326 0.7411
vn 0.0000 0.9796 0.2010
vn 0.0000 0.9217 0.3879
vn 0.0953 -0.2343 0.9675
vn 0.0000 -0.1939 0.9810
vn 0.0000 -0.3805 0.9247
vn 0.0000 0.8286 0.5598
vn 0.0000 -0.5528 0.8333
vn 0.0000 0.7040 0.7101
vn 0.0759 -0.6325 0.7708
vn 0.0000 -0.6344 0.7730
vn 0.0000 -0.7040 0.7101
vn 0.0000 0.5528 0.8333
vn 0.0000 -0.8286 0.5598
vn 0.0000 0.3805 0.9247
vn 0.0000 -0.9217 0.3879
vn 0.0000 -0.9796 0.2010
vn -0.1385 -0.7040 0.6965
vn -0.1092 -0.8286 0.5490
vn -0.1626 0.5528 0.8173
vn -0.1804 0.3805 0.9070
vn -0.0757 -0.9217 0.3804
vn 0.0000 0.1939 0.9810
vn -0.1340 0.2899 0.9476
vn -0.0953 0.2343 0.9675
vn -0.0392 -0.9796 0.1971
vn 0.0000 0.0000 1.0000
vn -0.0975 0.0975 0.9904
vn -0.0980 0.0000 0.9952
vn -0.0392 0.9796 0.1971
vn -0.0975 -0.0975 0.9904
vn -0.0953 -0.2343 0.9675
vn -0.0757 0.9217 0.3804
vn -0.1340 -0.2899 0.9476
vn -0.1804 -0.3805 0.9070
vn -0.1092 0.8286 0.5490
vn -0.1626 -0.5528 0.8173
vn -0.1385 0.7040 0.6965
vn -0.0759 -0.6325 0.7708
vn -0.1508 -0.6344 0.7581
vn -0.2779 -0.2890 0.9161
vn -0.3592 -0.2903 0.8870
vn -0.3539 -0.3805 0.8544
vn -0.1484 0.9217 0.3583
vn -0.2142 0.8286 0.5171
vn -0.3189 -0.5528 0.7699
vn -0.2717 0.7040 0.6561
vn -0.2248 -0.6326 0.7411
vn -0.2717 -0.7040 0.6561
vn -0.3189 0.5528 0.7699
vn -0.2142 -0.8286 0.5171
vn -0.3539 0.3805 0.8544
vn -0.1484 -0.9217 0.3583
vn -0.0769 -0.9796 0.1856
vn -0.0769 0.9796 0.1856
vn -0.3110 -0.8286 0.4654
vn -0.2155 -0.9217 0.3225
vn -0.1116 -0.9796 0.1671
vn -0.1116 0.9796 0.1671
vn -0.2155 0.9217 0.3225
vn -0.4513 -0.2890 0.8443
vn -0.5375 -0.2903 0.7917
vn -0.5137 -0.3805 0.7689
vn -0.3110 0.8286 0.4654
vn -0.4630 -0.5528 0.6929
vn -0.3945 0.7040 0.5904
vn -0.3945 -0.7040 0.5904
vn -0.4630 0.5528 0.6929
vn -0.5137 0.3805 0.7689
vn -0.2743 0.9217 0.2743
vn -0.3958 0.8286 0.3958
vn -0.6539 -0.3805 0.6539
vn -0.5893 -0.5528 0.5893
vn -0.5021 0.7040 0.5021
vn -0.5021 -0.7040 0.5021
vn -0.5893 0.5528 0.5893
vn -0.3958 -0.8286 0.3958
vn -0.6539 0.3805 0.6539
vn -0.2743 -0.9217 0.2743
vn -0.1421 -0.9796 0.1421
vn -0.1421 0.9796 0.1421
vn -0.6073 -0.2890 0.7400
vn -0.7024 -0.2901 0.6500
vn -0.3225 -0.9217 0.2155
vn -0.1671 -0.9796 0.1116
vn -0.1671 0.9796 0.1116
vn -0.3225 0.9217 0.2155
vn -0.7400 -0.2890 0.6073
vn -0.7500 -0.2422 0.6155
vn -0.8157 -0.1939 0.5450
vn -0.7689 -0.3805 0.5137
vn -0.4654 0.8286 0.3110
vn -0.6929 -0.5528 0.4630
vn -0.5904 0.7040 0.3945
vn -0.5904 -0.7040 0.3945
vn -0.6929 0.5528 0.4630
vn -0.4654 -0.8286 0.3110
vn -0.7689 0.3805 0.5137
vn -0.8544 -0.3805 0.3539
vn -0.7699 -0.5528 0.3189
vn -0.5171 0.8286 0.2142
vn -0.6561 0.7040 0.2717
vn -0.6561 -0.7040 0.2717
vn -0.7699 0.5528 0.3189
vn -0.5171 -0.8286 0.2142
vn -0.8544 0.3805 0.3539
vn -0.3583 -0.9217 0.1484
vn -0.8157 0.1939 0.5450
vn -0.9063 0.1939 0.3754
vn -0.1856 -0.9796 0.0769
vn -0.8314 0.0000 0.5556
vn -0.9239 0.0000 0.3827
vn -0.1856 0.9796 0.0769
vn -0.9063 -0.1939 0.3754
vn -0.3583 0.9217 0.1484
vn -0.3804 -0.9217 0.0757
vn -0.1971 -0.9796 0.0392
vn -0.9622 0.1939 0.1914
vn -0.9808 0.0000 0.1951
vn -0.1971 0.9796 0.0392
vn -0.9622 -0.1939 0.1914
vn -0.3804 0.9217 0.0757
vn -0.9070 -0.3805 0.1804
vn -0.5490 0.8286 0.1092
vn -0.8173 -0.5528 0.1626
vn -0.6965 0.7040 0.1385
vn -0.6965 -0.7040 0.1385
vn -0.8173 0.5528 0.1626
vn -0.5490 -0.8286 0.1092
vn -0.9070 0.3805 0.1804
vn -0.5598 0.8286 0.0000
vn -0.7101 0.7040 0.0000
vn -0.8333 -0.5528 0.0000
vn -0.7101 -0.7040 0.0000
vn -0.8333 0.5528 0.0000
vn -0.5598 -0.8286 0.0000
vn -0.9247 0.3805 0.0000
vn -0.3879 -0.9217 0.0000
vn -0.9810 0.1939 0.0000
vn -0.2010 -0.9796 0.0000
vn -0.2010 0.9796 0.0000
vn -0.9810 -0.1939 0.0000
vn -0.3879 0.9217 0.0000
vn -0.9247 -0.3805 0.0000
vn -0.9622 0.1939 -0.1914
vn -0.9808 0.0000 -0.1951
vn -0.1971 0.9796 -0.0392
vn -0.1971 -0.9796 -0.0392
vn -0.9622 -0.1939 -0.1914
vn -0.3804 0.9217 -0.0757
vn -0.9070 -0.3805 -0.1804
vn -0.5490 0.8286 -0.1092
vn -0.8173 -0.5528 -0.1626
vn -0.6965 0.7040 -0.1385
vn -0.6965 -0.7040 -0.1385
vn -0.8173 0.5528 -0.1626
vn -0.5490 -0.8286 -0.1092
vn -0.9070 0.3805 -0.1804
vn -0.3804 -0.9217 -0.0757
vn -0.7699 -0.5528 -0.3189
vn -0.6561 -0.7040 -0.2717
vn -0.6561 0.7040 -0.2717
vn -0.7699 0.5528 -0.3189
vn -0.5171 -0.8286 -0.2142
vn -0.8544 0.3805 -0.3539
vn -0.3583 -0.9217 -0.1484
vn -0.9063 0.1939 -0.3754
vn -0.1856 -0.9796 -0.0769
vn -0.9239 0.0000 -0.3827
vn -0.1856 0.9796 -0.0769
vn -0.9063 -0.1939 -0.3754
vn -0.3583 0.9217 -0.1484
vn -0.8544 -0.3805 -0.3539
vn -0.5171 0.8286 -0.2142
vn -0.1671 -0.9796 -0.1116
vn -0.8314 0.0000 -0.5556
vn -0.8157 -0.1939 -0.5450
vn -0.1671 0.9796 -0.1116
vn -0.3225 0.9217 -0.2155
vn -0.7689 -0.3805 -0.5137
vn -0.4654 0.8286 -0.3110
vn -0.6929 -0.5528 -0.4630
vn -0.5904 0.7040 -0.3945
vn -0.5904 -0.7040 -0.3945
vn -0.6929 0.5528 -0.4630
vn -0.4654 -0.8286 -0.3110
vn -0.7689 0.3805 -0.5137
vn -0.3225 -0.9217 -0.2155
vn -0.8157 0.1939 -0.5450
vn -0.5021 -0.7040 -0.5021
vn -0.3958 -0.8286 -0.3958
vn -0.5893 0.5528 -0.5893
vn -0.6539 0.3805 -0.6539
vn -0.2743 -0.9217 -0.2743
vn -0.6937 0.1939 -0.6937
vn -0.1421 -0.9796 -0.1421
vn -0.7071 0.0000 -0.7071
vn -0.1421 0.9796 -0.1421
vn -0.6937 -0.1939 -0.6937
vn -0.2743 0.9217 -0.2743
vn -0.6539 -0.3805 -0.6539
vn -0.3958 0.8286 -0.3958
vn -0.5893 -0.5528 -0.5893
vn -0.5021 0.7040 -0.5021
vn -0.1116 0.9796 -0.1671
vn -0.2155 0.9217 -0.3225
vn -0.5450 -0.1939 -0.8157
vn -0.5137 -0.3805 -0.7689
vn -0.3110 0.8286 -0.4654
vn -0.4630 -0.5528 -0.6929
vn -0.3945 0.7040 -0.5904
vn -0.3945 -0.7040 -0.5904
vn -0.4630 0.5528 -0.6929
vn -0.3110 -0.8286 -0.4654
vn -0.5137 0.3805 -0.7689
vn -0.2155 -0.9217 -0.3225
vn -0.5450 0.1939 -0.8157
vn -0.1116 -0.9796 -0.1671
vn -0.5556 0.0000 -0.8314
vn -0.3189 0.5528 -0.7699
vn -0.3539 0.3805 -0.8544
vn -0.2142 -0.8286 -0.5171
vn -0.1484 -0.9217 -0.3583
vn -0.3754 0.1939 -0.9063
vn -0.0769 -0.9796 -0.1856
vn -0.3827 0.0000 -0.9239
vn -0.0769 0.9796 -0.1856
vn -0.3754 -0.1939 -0.9063
vn -0.1484 0.9217 -0.3583
vn -0.3539 -0.3805 -0.8544
vn -0.2142 0.8286 -0.5171
vn -0.3189 -0.5528 -0.7699
vn -0.2717 0.7040 -0.6561
vn -0.2717 -0.7040 -0.6561
vn -0.1914 -0.1939 -0.9622
vn -0.1804 -0.3805 -0.9070
vn -0.0757 0.9217 -0.3804
vn -0.1092 0.8286 -0.5490
vn -0.1626 -0.5528 -0.8173
vn -0.1385 0.7040 -0.6965
vn -0.1385 -0.7040 -0.6965
vn -0.1626 0.5528 -0.8173
vn -0.1092 -0.8286 -0.5490
vn -0.1804 0.3805 -0.9070
vn -0.0757 -0.9217 -0.3804
vn -0.1914 0.1939 -0.9622
vn -0.0392 -0.9796 -0.1971
vn -0.1951 0.0000 -0.9808
vn -0.0392 0.9796 -0.1971
vn 0.0980 0.0000 0.9952
vn 0.0975 0.0975 0.9904
vn 0.0953 0.2343 0.9675
vn 0.1340 0.2899 0.9476
vn 0.2779 0.2890 0.9161
vn 0.3592 0.2903 0.8870
vn 0.5375 0.2903 0.7917
vn 0.6073 0.2890 0.7400
vn 0.0975 -0.0975 0.9904
vn -0.3592 0.2903 0.8870
vn -0.2779 0.2890 0.9161
vn 0.4513 0.2890 0.8443
vn -0.5375 0.2903 0.7917
vn -0.4513 0.2890 0.8443
vn 0.0759 -0.6326 0.7708
vn -0.7024 0.2901 0.6500
vn -0.6073 0.2890 0.7400
vn -0.0759 -0.6326 0.7708
vn -0.7730 0.0000 0.6344
vn -0.7693 0.0975 0.6313
vn -0.7500 0.2422 0.6155
vn -0.7400 0.2890 0.6073
vn -0.7693 -0.0975 0.6314
vn -0.2184 -0.6302 0.7450
vn -0.2225 -0.6317 0.7426
vn -0.1547 -0.6348 0.7570
vn -0.1421 -0.6330 0.7609
vn 0.1421 -0.6330 0.7609
vn 0.1547 -0.6348 0.7570
vn 0.2225 -0.6317 0.7426
vn 0.2184 -0.6302 0.7450
vn -0.0825 -0.6344 0.7685
vn -0.0777 -0.6333 0.7700
vn -0.0380 -0.6339 0.7724
vn -0.0372 -0.6339 0.7725
vn 0.0380 -0.6339 0.7724
vn 0.0372 -0.6339 0.7725
vn 0.0825 -0.6344 0.7685
vn 0.0777 -0.6333 0.7700
vn -0.0884 -0.6358 0.7667
vn -0.0387 -0.6339 0.7724
vn 0.0387 -0.6339 0.7724
vn 0.0884 -0.6358 0.7667
vn -0.1681 -0.6366 0.7526
vn 0.1681 -0.6366 0.7526
vn 0.2903 0.1459 0.9457
vn 0.3263 0.1896 0.9260
vn 0.2846 0.2697 0.9199
vn 0.2459 0.2089 0.9465
vn 0.4049 0.2119 0.8894
vn 0.4637 0.2220 0.8577
vn 0.4612 0.2956 0.8366
vn 0.3788 0.2883 0.8794
vn 0.2594 0.1036 0.9602
vn 0.1927 0.1326 0.9722
vn 0.2360 0.0945 0.9671
vn 0.1456 0.1047 0.9838
vn 0.2258 0.0000 0.9742
vn 0.1278 0.0000 0.9918
vn 0.2360 -0.0945 0.9671
vn 0.1456 -0.1047 0.9838
vn 0.2594 -0.1036 0.9602
vn 0.1927 -0.1326 0.9722
vn 0.2903 -0.1459 0.9457
vn 0.2459 -0.2089 0.9465
vn 0.3263 -0.1896 0.9260
vn 0.2846 -0.2697 0.9199
vn 0.4049 -0.2119 0.8894
vn 0.3788 -0.2883 0.8794
vn 0.4637 -0.2220 0.8577
vn 0.4612 -0.2956 0.8366
vn 0.4998 -0.2178 0.8383
vn 0.5339 -0.2928 0.7932
vn 0.5765 -0.1831 0.7963
vn 0.6151 -0.2633 0.7431
vn 0.6273 -0.1348 0.7670
vn 0.6716 -0.1958 0.7145
vn 0.6533 -0.0985 0.7506
vn 0.7158 -0.1278 0.6865
vn 0.6678 -0.0919 0.7386
vn 0.7405 -0.1028 0.6641
vn 0.6700 0.0000 0.7423
vn 0.7516 0.0000 0.6596
vn 0.6678 0.0919 0.7386
vn 0.7405 0.1028 0.6641
vn 0.6533 0.0985 0.7506
vn 0.7158 0.1278 0.6865
vn 0.6273 0.1348 0.7670
vn 0.6716 0.1958 0.7145
vn 0.5765 0.1831 0.7963
vn 0.6151 0.2633 0.7431
vn 0.4998 0.2178 0.8383
vn 0.5339 0.2928 0.7932
vn 0.4494 0.0674 0.8908
vn 0.4636 0.0741 0.8829
vn 0.4124 0.0522 0.9095
vn 0.5183 0.0000 0.8552
vn 0.5187 -0.0409 0.8540
vn 0.4494 -0.0674 0.8908
vn 0.4124 -0.0522 0.9095
vn 0.3948 -0.0383 0.9180
vn 0.3922 -0.0366 0.9192
vn 0.4657 0.0699 0.8822
vn 0.5231 -0.0272 0.8518
vn 0.3922 0.0366 0.9192
vn 0.3948 0.0383 0.9180
vn 0.5187 0.0409 0.8540
vn 0.4636 -0.0741 0.8829
vn 0.3949 0.0439 0.9177
vn 0.5231 0.0272 0.8518
vn 0.4657 -0.0699 0.8822
vn 0.3957 0.0000 0.9183
vn 0.5238 0.0243 0.8515
vn 0.4996 -0.0467 0.8650
vn 0.3949 -0.0439 0.9177
vn 0.4996 0.0467 0.8650
vn 0.5238 -0.0243 0.8515
vn -0.3263 0.1896 0.9260
vn -0.4124 0.0522 0.9095
vn -0.3948 0.0383 0.9180
vn -0.2903 0.1459 0.9457
vn -0.2459 0.2089 0.9465
vn -0.2846 0.2697 0.9199
vn -0.4049 0.2119 0.8894
vn -0.3788 0.2883 0.8794
vn -0.4612 0.2956 0.8366
vn -0.4637 0.2220 0.8577
vn -0.2594 0.1036 0.9602
vn -0.1927 0.1326 0.9722
vn -0.2360 0.0945 0.9671
vn -0.1456 0.1047 0.9838
vn -0.2258 0.0000 0.9742
vn -0.1278 0.0000 0.9918
vn -0.2360 -0.0945 0.9671
vn -0.1456 -0.1047 0.9838
vn -0.2594 -0.1036 0.9602
vn -0.1927 -0.1326 0.9722
vn -0.2903 -0.1459 0.9457
vn -0.2459 -0.2089 0.9465
vn -0.3263 -0.1896 0.9260
vn -0.2846 -0.2697 0.9199
vn -0.4049 -0.2119 0.8894
vn -0.3788 -0.2883 0.8794
vn -0.4637 -0.2220 0.8577
vn -0.4612 -0.2956 0.8366
vn -0.4998 -0.2178 0.8383
vn -0.5339 -0.2928 0.7932
vn -0.5765 -0.1831 0.7963
vn -0.6151 -0.2633 0.7431
vn -0.6273 -0.1348 0.7670
vn -0.6716 -0.1958 0.7145
vn -0.6533 -0.0985 0.7506
vn -0.7158 -0.1278 0.6865
vn -0.6678 -0.0919 0.7386
vn -0.7405 -0.1028 0.6641
vn -0.6700 0.0000 0.7423
vn -0.7516 0.0000 0.6596
vn -0.6678 0.0919 0.7386
vn -0.7405 0.1028 0.6641
vn -0.6533 0.0985 0.7506
vn -0.7158 0.1278 0.6865
vn -0.6273 0.1348 0.7670
vn -0.6716 0.1958 0.7145
vn -0.5765 0.1831 0.7963
vn -0.6151 0.2633 0.7431
vn -0.4998 0.2178 0.8383
vn -0.5339 0.2928 0.7932
vn -0.3949 -0.0439 0.9177
vn -0.3922 -0.0366 0.9192
vn -0.4996 0.0467 0.8650
vn -0.4657 0.0699 0.8822
vn -0.3948 -0.0383 0.9180
vn -0.5238 -0.0243 0.8515
vn -0.5231 -0.0272 0.8518
vn -0.5187 -0.0409 0.8540
vn -0.5183 0.0000 0.8552
vn -0.4124 -0.0522 0.9095
vn -0.4494 -0.0674 0.8908
vn -0.3922 0.0366 0.9192
vn -0.5187 0.0409 0.8540
vn -0.4636 -0.0741 0.8829
vn -0.3949 0.0439 0.9177
vn -0.5231 0.0272 0.8518
vn -0.4657 -0.0699 0.8822
vn -0.3957 0.0000 0.9183
vn -0.5238 0.0243 0.8515
vn -0.4996 -0.0467 0.8650
vn -0.4494 0.0674 0.8908
vn -0.4636 0.0741 0.8829
usemtl Yellow
s 1
f 5471/5624/4604 6336/5625/4604 6334/5626/4605 5456/5627/4606
f 5509/5628/4607 6296/5629/4608 6053/5630/4609 5510/5631/4609
f 5541/5632/4610 6370/5633/4611 6382/5634/4612 6379/5635/4613 5540/5636/4614
f 5477/5637/4615 6343/5638/4615 6348/5639/4615 5478/5640/4615
f 5456/5627/4606 6334/5626/4605 6320/5641/4616 5459/5642/4617
f 5510/5631/4609 6053/5630/4609 6294/5643/4618 5511/5644/4619
f 5542/5645/4620 6371/5646/4621 6370/5633/4611 5541/5632/4610
f 5478/5640/4615 6348/5639/4615 6364/5647/4615 5479/5648/4615
f 5459/5642/4617 6320/5641/4616 6319/5649/4622 5458/5650/4623
f 5511/5644/4619 6294/5643/4618 6293/5651/4624 5512/5652/4625
f 5543/5653/4626 6354/5654/4627 6371/5646/4621 5542/5645/4620
f 5458/5650/4623 6319/5649/4622 6321/5655/4628 5457/5656/4629
f 5512/5652/4625 6293/5651/4624 6292/5657/4630 6288/5658/4631 5513/5659/4632
f 5544/5660/4633 6357/5661/4634 6115/5662/4630 6355/5663/4630 6354/5654/4627 5543/5653/4626
f 5457/5656/4629 6321/5655/4628 6318/5664/4635 5455/5665/4636
f 5513/5659/4632 6288/5658/4631 6289/5666/4637 6291/5667/4638 5514/5668/4639
f 5545/5669/4640 6340/5670/4641 6357/5661/4634 5544/5660/4633
f 5514/5668/4639 6291/5667/4638 6290/5671/4642 5515/5672/4643
f 5546/5673/4609 6341/5674/4609 6340/5670/4641 5545/5669/4640
f 5464/5675/4644 6374/5676/4645 6377/5677/4646 5451/5678/4647
f 5515/5672/4643 6290/5671/4642 6302/5679/4612 6303/5680/4648 5492/5681/4649
f 5547/5682/4650 6342/5683/4651 6341/5674/4609 5546/5673/4609
f 5469/5684/4652 6315/5685/4653 6316/5686/4654 5468/5687/4655
f 5548/5688/4656 6358/5689/4657 6342/5683/4651 5547/5682/4650
f 5468/5687/4655 6316/5686/4654 6317/5690/4658 5467/5691/4659
f 5549/5692/4660 6361/5693/4661 6119/5694/4662 6118/5695/4662 6358/5689/4657 5548/5688/4656
f 5467/5691/4659 6317/5690/4658 6332/5696/4663 5465/5697/4664
f 5492/5681/4649 6303/5680/4648 6304/5698/4665 6305/5699/4666 5493/5700/4667
f 5550/5701/4668 6372/5702/4669 6361/5693/4661 5549/5692/4660
f 5479/5648/4615 6364/5647/4615 6365/5703/4615 6363/5704/4670 5460/5705/4671
f 5493/5700/4667 6305/5699/4666 6311/5706/4672 5494/5707/4673
f 5551/5708/4674 6373/5709/4675 6372/5702/4669 5550/5701/4668
f 5460/5705/4671 6363/5704/4670 6362/5710/4676 5462/5711/4677
f 5494/5707/4673 6311/5706/4672 6312/5712/4678 5495/5713/4679
f 5552/5714/4680 6397/5715/4681 6157/5716/4682 6373/5709/4675 5551/5708/4674
f 5462/5711/4677 6362/5710/4676 6375/5717/4683 5463/5718/4684
f 5495/5713/4679 6312/5712/4678 6322/5719/4685 6324/5720/4685 6323/5721/4686 5496/5722/4687
f 5553/5723/4688 6396/5724/4689 6155/5725/4690 6397/5715/4681 5552/5714/4680
f 5463/5718/4684 6375/5717/4683 6374/5676/4645 5464/5675/4644
f 5496/5722/4687 6323/5721/4686 6325/5726/4691 5497/5727/4692
f 5554/5728/4693 6394/5729/4694 6396/5724/4689 5553/5723/4688
f 5497/5727/4692 6325/5726/4691 6097/5730/4695 5498/5731/4695
f 5555/5732/4696 6393/5733/4697 6151/5734/4698 6394/5729/4694 5554/5728/4693
f 5466/5735/4604 6350/5736/4604 6349/5737/4604 5449/5738/4604
f 5498/5731/4695 6097/5730/4695 6327/5739/4699 5499/5740/4700
f 5556/5741/4701 6391/5742/4702 6392/5743/4703 6393/5733/4697 5555/5732/4696
f 5449/5738/4604 6349/5737/4604 6351/5744/4604 5448/5745/4604
f 5499/5740/4700 6327/5739/4699 6326/5746/4704 5500/5747/4705
f 5557/5748/4706 6390/5749/4707 6391/5742/4702 5556/5741/4701
f 5448/5745/4604 6351/5744/4604 6109/5750/4604 6352/5751/4604 5447/5752/4604
f 5461/5753/4604 6368/5754/4604 6128/5755/4604 6350/5736/4604 5466/5735/4604
f 5500/5747/4705 6326/5746/4704 6328/5756/4703 6087/5757/4703 6314/5758/4708 5501/5759/4709
f 5558/5760/4695 6389/5761/4695 6390/5749/4707 5557/5748/4706
f 5447/5752/4604 6352/5751/4604 6338/5762/4604 5446/5763/4604
f 5450/5764/4710 6366/5765/4711 6368/5754/4604 5461/5753/4604
f 5501/5759/4709 6314/5758/4708 6313/5766/4712 5502/5767/4713
f 5559/5768/4714 6388/5769/4715 6389/5761/4695 5558/5760/4695
f 5446/5763/4604 6338/5762/4604 6337/5770/4604 5470/5771/4604
f 5502/5767/4713 6313/5766/4712 6310/5772/4716 5503/5773/4717
f 5560/5774/4718 6387/5775/4719 6388/5769/4715 5559/5768/4714
f 5470/5771/4604 6337/5770/4604 6094/5776/4604 6336/5625/4604 5471/5624/4604
f 5455/5665/4636 6318/5664/4635 6315/5685/4653 5469/5684/4652
f 5503/5773/4717 6310/5772/4716 6067/5777/4690 6308/5778/4720 5504/5779/4721
f 5561/5780/4722 6385/5781/4723 6386/5782/4685 6387/5775/4719 5560/5774/4718
f 5465/5697/4664 6332/5696/4663 6331/5783/4615 6330/5784/4615 5472/5785/4615
f 5504/5779/4721 6308/5778/4720 6065/5786/4682 6306/5787/4724 5505/5788/4725
f 5562/5789/4726 6383/5790/4727 6384/5791/4728 6385/5781/4723 5561/5780/4722
f 5472/5785/4615 6330/5784/4615 6333/5792/4615 5473/5793/4615
f 5451/5678/4647 6377/5677/4646 6376/5794/4729 5454/5795/4730
f 5505/5788/4725 6306/5787/4724 6301/5796/4731 5506/5797/4732
f 5563/5798/4733 6381/5799/4734 6383/5790/4727 5562/5789/4726
f 5473/5793/4615 6333/5792/4615 6347/5800/4615 5474/5801/4615
f 5454/5795/4730 6376/5794/4729 6378/5802/4735 5453/5803/4736
f 5506/5797/4732 6301/5796/4731 6058/5804/4737 6299/5805/4738 5507/5806/4739
f 5540/5636/4614 6379/5635/4613 6380/5807/4665 6381/5799/4734 5563/5798/4733
f 5474/5801/4615 6347/5800/4615 6345/5808/4615 5475/5809/4615
f 5453/5803/4736 6378/5802/4735 6367/5810/4740 5452/5811/4741
f 5507/5806/4739 6299/5805/4738 6056/5812/4662 6297/5813/4742 5508/5814/4743
f 5475/5809/4615 6345/5808/4615 6346/5815/4615 6344/5816/4615 5476/5817/4615
f 5452/5811/4741 6367/5810/4740 6366/5765/4711 5450/5764/4710
f 5508/5814/4743 6297/5813/4742 6296/5629/4608 5509/5628/4607
f 5476/5817/4615 6344/5816/4615 6343/5638/4615 5477/5637/4615
f 5593/5818/4744 5592/5819/4745 5602/5820/4746 5603/5821/4747
f 6043/5822/4748 5597/5823/4749 5610/5824/4750 5611/5825/4751
f 5594/5826/4752 5593/5818/4744 5603/5821/4747 5604/5827/4753
f 6044/5828/4754 6043/5822/4748 5611/5825/4751 5612/5829/4755
f 6040/5830/4756 5594/5826/4752 5604/5827/4753 5605/5831/4757
f 5588/5832/4758 5889/5833/4604 5598/5834/4759
f 6045/5835/4615 6044/5828/4754 5612/5829/4755
f 6041/5836/4760 6040/5830/4756 5605/5831/4757 5606/5837/4761
f 5589/5838/4762 5588/5832/4758 5598/5834/4759 5599/5839/4763
f 6042/5840/4764 6041/5836/4760 5606/5837/4761 5607/5841/4765
f 5590/5842/4766 5589/5838/4762 5599/5839/4763 5600/5843/4767
f 5595/5844/4768 6042/5840/4764 5607/5841/4765 5608/5845/4769
f 5591/5846/4770 5590/5842/4766 5600/5843/4767 5601/5847/4771
f 5596/5848/4772 5595/5844/4768 5608/5845/4769 5609/5849/4773
f 5592/5819/4745 5591/5846/4770 5601/5847/4771 5602/5820/4746
f 5597/5823/4749 5596/5848/4772 5609/5849/4773 5610/5824/4750
f 5602/5820/4746 5601/5847/4771 5616/5850/4774 5617/5851/4775
f 5610/5824/4750 5609/5849/4773 5624/5852/4776 5625/5853/4777
f 5603/5821/4747 5602/5820/4746 5617/5851/4775 5618/5854/4778
f 5611/5825/4751 5610/5824/4750 5625/5853/4777 5626/5855/4779
f 5604/5827/4753 5603/5821/4747 5618/5854/4778 5619/5856/4780
f 5612/5829/4755 5611/5825/4751 5626/5855/4779 5627/5857/4781
f 5605/5831/4757 5604/5827/4753 5619/5856/4780 5620/5858/4782
f 5598/5834/4759 5889/5833/4604 5613/5859/4783
f 6045/5835/4615 5612/5829/4755 5627/5857/4781
f 5606/5837/4761 5605/5831/4757 5620/5858/4782 5621/5860/4784
f 5599/5839/4763 5598/5834/4759 5613/5859/4783 5614/5861/4785
f 5607/5841/4765 5606/5837/4761 5621/5860/4784 5622/5862/4786
f 5600/5843/4767 5599/5839/4763 5614/5861/4785 5615/5863/4787
f 5608/5845/4769 5607/5841/4765 5622/5862/4786 5623/5864/4788
f 5601/5847/4771 5600/5843/4767 5615/5863/4787 5616/5850/4774
f 5609/5849/4773 5608/5845/4769 5623/5864/4788 5624/5852/4776
f 5621/5860/4784 5620/5858/4782 5635/5865/4789 5636/5866/4790
f 5614/5861/4785 5613/5859/4783 5628/5867/4791 5629/5868/4792
f 5622/5862/4786 5621/5860/4784 5636/5866/4790 5637/5869/4793
f 5615/5863/4787 5614/5861/4785 5629/5868/4792 5630/5870/4794
f 5623/5864/4788 5622/5862/4786 5637/5869/4793 5638/5871/4795
f 5616/5850/4774 5615/5863/4787 5630/5870/4794 5631/5872/4796
f 5624/5852/4776 5623/5864/4788 5638/5871/4795 5639/5873/4797
f 5617/5851/4775 5616/5850/4774 5631/5872/4796 5632/5874/4798
f 5625/5853/4777 5624/5852/4776 5639/5873/4797 5640/5875/4799
f 5618/5854/4778 5617/5851/4775 5632/5874/4798 5633/5876/4800
f 5626/5855/4779 5625/5853/4777 5640/5875/4799 5641/5877/4801
f 5619/5856/4780 5618/5854/4778 5633/5876/4800 5634/5878/4802
f 5627/5857/4781 5626/5855/4779 5641/5877/4801 5642/5879/4803
f 5620/5858/4782 5619/5856/4780 5634/5878/4802 5635/5865/4789
f 5613/5859/4783 5889/5833/4604 5628/5867/4791
f 6045/5835/4615 5627/5857/4781 5642/5879/4803
f 5640/5875/4799 5639/5873/4797 5654/5880/4804 5655/5881/4805
f 5633/5876/4800 5632/5874/4798 5647/5882/4806 5648/5883/4807
f 5641/5877/4801 5640/5875/4799 5655/5881/4805 5656/5884/4808
f 5634/5878/4802 5633/5876/4800 5648/5883/4807 5649/5885/4809
f 5642/5879/4803 5641/5877/4801 5656/5884/4808 5657/5886/4810
f 5635/5865/4789 5634/5878/4802 5649/5885/4809 5650/5887/4811
f 5628/5867/4791 5889/5833/4604 5643/5888/4812
f 6045/5835/4615 5642/5879/4803 5657/5886/4810
f 5636/5866/4790 5635/5865/4789 5650/5887/4811 5651/5889/4813
f 5629/5868/4792 5628/5867/4791 5643/5888/4812 5644/5890/4814
f 5637/5869/4793 5636/5866/4790 5651/5889/4813 5652/5891/4815
f 5630/5870/4794 5629/5868/4792 5644/5890/4814 5645/5892/4816
f 5638/5871/4795 5637/5869/4793 5652/5891/4815 5653/5893/4817
f 5631/5872/4796 5630/5870/4794 5645/5892/4816 5646/5894/4818
f 5639/5873/4797 5638/5871/4795 5653/5893/4817 5654/5880/4804
f 5632/5874/4798 5631/5872/4796 5646/5894/4818 5647/5882/4806
f 5644/5890/4814 5643/5888/4812 5658/5895/4819 5659/5896/4820
f 5652/5891/4815 5651/5889/4813 5666/5897/4821 5667/5898/4822
f 5645/5892/4816 5644/5890/4814 5659/5896/4820 5660/5899/4823
f 5653/5893/4817 5652/5891/4815 5667/5898/4822 5668/5900/4824
f 5646/5894/4818 5645/5892/4816 5660/5899/4823 5661/5901/4825
f 5654/5880/4804 5653/5893/4817 5668/5900/4824 5669/5902/4826
f 5647/5882/4806 5646/5894/4818 5661/5901/4825 5662/5903/4827
f 5655/5881/4805 5654/5880/4804 5669/5902/4826 5670/5904/4828
f 5648/5883/4807 5647/5882/4806 5662/5903/4827 5663/5905/4829
f 5656/5884/4808 5655/5881/4805 5670/5904/4828 5671/5906/4830
f 5649/5885/4809 5648/5883/4807 5663/5905/4829 5664/5907/4831
f 5657/5886/4810 5656/5884/4808 5671/5906/4830 5672/5908/4832
f 5650/5887/4811 5649/5885/4809 5664/5907/4831 5665/5909/4833
f 5643/5888/4812 5889/5833/4604 5658/5895/4819
f 6045/5835/4615 5657/5886/4810 5672/5908/4832
f 5651/5889/4813 5650/5887/4811 5665/5909/4833 5666/5897/4821
f 5663/5905/4829 5662/5903/4827 5677/5910/4834 5678/5911/4835
f 5671/5906/4830 5670/5904/4828 5685/5912/4836 5686/5913/4837
f 5664/5907/4831 5663/5905/4829 5678/5911/4835 5679/5914/4838
f 5672/5908/4832 5671/5906/4830 5686/5913/4837 5687/5915/4839
f 5665/5909/4833 5664/5907/4831 5679/5914/4838 5680/5916/4840
f 5658/5895/4819 5889/5833/4604 5673/5917/4841
f 6045/5835/4615 5672/5908/4832 5687/5915/4839
f 5666/5897/4821 5665/5909/4833 5680/5916/4840 5681/5918/4842
f 5659/5896/4820 5658/5895/4819 5673/5917/4841 5674/5919/4843
f 5667/5898/4822 5666/5897/4821 5681/5918/4842 5682/5920/4844
f 5660/5899/4823 5659/5896/4820 5674/5919/4843 5675/5921/4845
f 5668/5900/4824 5667/5898/4822 5682/5920/4844 5683/5922/4846
f 5661/5901/4825 5660/5899/4823 5675/5921/4845 5676/5923/4847
f 5669/5902/4826 5668/5900/4824 5683/5922/4846 5684/5924/4848
f 5662/5903/4827 5661/5901/4825 5676/5923/4847 5677/5910/4834
f 5670/5904/4828 5669/5902/4826 5684/5924/4848 5685/5912/4836
f 5682/5920/4844 5681/5918/4842 5696/5925/4849 5697/5926/4850
f 5675/5921/4845 5674/5919/4843 5689/5927/4851 5690/5928/4852
f 5683/5922/4846 5682/5920/4844 5697/5926/4850 5698/5929/4853
f 5676/5923/4847 5675/5921/4845 5690/5928/4852 5691/5930/4854
f 5684/5924/4848 5683/5922/4846 5698/5929/4853 5699/5931/4855
f 5677/5910/4834 5676/5923/4847 5691/5930/4854 5692/5932/4856
f 5685/5912/4836 5684/5924/4848 5699/5931/4855 5700/5933/4857
f 5678/5911/4835 5677/5910/4834 5692/5932/4856 5693/5934/4858
f 5686/5913/4837 5685/5912/4836 5700/5933/4857 5701/5935/4859
f 5679/5914/4838 5678/5911/4835 5693/5934/4858 5694/5936/4860
f 5687/5915/4839 5686/5913/4837 5701/5935/4859 5702/5937/4861
f 5680/5916/4840 5679/5914/4838 5694/5936/4860 5695/5938/4862
f 5673/5917/4841 5889/5833/4604 5688/5939/4863
f 6045/5835/4615 5687/5915/4839 5702/5937/4861
f 5681/5918/4842 5680/5916/4840 5695/5938/4862 5696/5925/4849
f 5674/5919/4843 5673/5917/4841 5688/5939/4863 5689/5927/4851
f 5701/5935/4859 5700/5933/4857 5715/5940/4864 5716/5941/4865
f 5694/5936/4860 5693/5934/4858 5708/5942/4866 5709/5943/4867
f 5702/5937/4861 5701/5935/4859 5716/5941/4865 5717/5944/4868
f 5695/5938/4862 5694/5936/4860 5709/5943/4867 5710/5945/4695
f 5688/5939/4863 5889/5833/4604 5703/5946/4869
f 6045/5835/4615 5702/5937/4861 5717/5944/4868
f 5696/5925/4849 5695/5938/4862 5710/5945/4695 5711/5947/4870
f 5689/5927/4851 5688/5939/4863 5703/5946/4869 5704/5948/4871
f 5697/5926/4850 5696/5925/4849 5711/5947/4870 5712/5949/4872
f 5690/5928/4852 5689/5927/4851 5704/5948/4871 5705/5950/4873
f 5698/5929/4853 5697/5926/4850 5712/5949/4872 5713/5951/4874
f 5691/5930/4854 5690/5928/4852 5705/5950/4873 5706/5952/4875
f 5699/5931/4855 5698/5929/4853 5713/5951/4874 5714/5953/4876
f 5692/5932/4856 5691/5930/4854 5706/5952/4875 5707/5954/4877
f 5700/5933/4857 5699/5931/4855 5714/5953/4876 5715/5940/4864
f 5693/5934/4858 5692/5932/4856 5707/5954/4877 5708/5942/4866
f 5713/5955/4874 5712/5956/4872 5727/5957/4878 5728/5958/4879
f 5706/5959/4875 5705/5960/4873 5720/5961/4880 5721/5962/4881
f 5714/5963/4876 5713/5955/4874 5728/5958/4879 5729/5964/4882
f 5707/5965/4877 5706/5959/4875 5721/5962/4881 5722/5966/4883
f 5715/5967/4864 5714/5963/4876 5729/5964/4882 5730/5968/4884
f 5708/5969/4866 5707/5965/4877 5722/5966/4883 5723/5970/4885
f 5716/5971/4865 5715/5967/4864 5730/5968/4884 5731/5972/4886
f 5709/5973/4867 5708/5969/4866 5723/5970/4885 5724/5974/4887
f 5717/5975/4868 5716/5971/4865 5731/5972/4886 5732/5976/4888
f 5710/5977/4695 5709/5973/4867 5724/5974/4887 5725/5978/4889
f 5703/5979/4869 5889/5980/4604 5718/5981/4890
f 6045/5982/4615 5717/5975/4868 5732/5976/4888
f 5711/5983/4870 5710/5977/4695 5725/5978/4889 5726/5984/4891
f 5704/5985/4871 5703/5979/4869 5718/5981/4890 5719/5986/4892
f 5712/5956/4872 5711/5983/4870 5726/5984/4891 5727/5957/4878
f 5705/5960/4873 5704/5985/4871 5719/5986/4892 5720/5961/4880
f 5732/5976/4888 5731/5972/4886 5746/5987/4893 5747/5988/4894
f 5725/5978/4889 5724/5974/4887 5739/5989/4895 5740/5990/4896
f 5718/5981/4890 5889/5980/4604 5733/5991/4897
f 6045/5982/4615 5732/5976/4888 5747/5988/4894
f 5726/5984/4891 5725/5978/4889 5740/5990/4896 5741/5992/4898
f 5719/5986/4892 5718/5981/4890 5733/5991/4897 5734/5993/4899
f 5727/5957/4878 5726/5984/4891 5741/5992/4898 5742/5994/4900
f 5720/5961/4880 5719/5986/4892 5734/5993/4899 5735/5995/4901
f 5728/5958/4879 5727/5957/4878 5742/5994/4900 5743/5996/4902
f 5721/5962/4881 5720/5961/4880 5735/5995/4901 5736/5997/4903
f 5729/5964/4882 5728/5958/4879 5743/5996/4902 5744/5998/4904
f 5722/5966/4883 5721/5962/4881 5736/5997/4903 5737/5999/4905
f 5730/5968/4884 5729/5964/4882 5744/5998/4904 5745/6000/4906
f 5723/5970/4885 5722/5966/4883 5737/5999/4905 5738/6001/4907
f 5731/5972/4886 5730/5968/4884 5745/6000/4906 5746/5987/4893
f 5724/5974/4887 5723/5970/4885 5738/6001/4907 5739/5989/4895
f 5736/5997/4903 5735/5995/4901 5750/6002/4908 5751/6003/4909
f 5744/5998/4904 5743/5996/4902 5758/6004/4910 5759/6005/4911
f 5737/5999/4905 5736/5997/4903 5751/6003/4909 5752/6006/4912
f 5745/6000/4906 5744/5998/4904 5759/6005/4911 5760/6007/4913
f 5738/6001/4907 5737/5999/4905 5752/6006/4912 5753/6008/4914
f 5746/5987/4893 5745/6000/4906 5760/6007/4913 5761/6009/4915
f 5739/5989/4895 5738/6001/4907 5753/6008/4914 5754/6010/4916
f 5747/5988/4894 5746/5987/4893 5761/6009/4915 5762/6011/4917
f 5740/5990/4896 5739/5989/4895 5754/6010/4916 5755/6012/4918
f 5733/5991/4897 5889/5980/4604 5748/6013/4919
f 6045/5982/4615 5747/5988/4894 5762/6011/4917
f 5741/5992/4898 5740/5990/4896 5755/6012/4918 5756/6014/4920
f 5734/5993/4899 5733/5991/4897 5748/6013/4919 5749/6015/4921
f 5742/5994/4900 5741/5992/4898 5756/6014/4920 5757/6016/4922
f 5735/5995/4901 5734/5993/4899 5749/6015/4921 5750/6002/4908
f 5743/5996/4902 5742/5994/4900 5757/6016/4922 5758/6004/4910
f 5755/6012/4918 5754/6010/4916 6050/6017/4923 6051/6018/4924 6052/6019/4924 6295/6020/4925
f 5748/6013/4919 5889/5980/4604 5763/6021/4926
f 6045/5982/4615 5762/6011/4917 5774/6022/4927
f 5756/6014/4920 5755/6012/4918 6295/6020/4925 6054/6023/4928 6055/6024/4928 6298/6025/4929
f 5749/6015/4921 5748/6013/4919 5763/6021/4926 5764/6026/4930
f 5757/6016/4922 5756/6014/4920 6298/6025/4929 6057/6027/4931 6300/6028/4932 5769/6029/4933
f 5750/6002/4908 5749/6015/4921 5764/6026/4930 5765/6030/4934
f 5758/6004/4910 5757/6016/4922 5769/6029/4933 5770/6031/4935
f 5751/6003/4909 5750/6002/4908 5765/6030/4934 5766/6032/4936
f 5759/6005/4911 5758/6004/4910 5770/6031/4935 5771/6033/4937
f 5752/6006/4912 5751/6003/4909 5766/6032/4936 5767/6034/4938
f 5760/6007/4913 5759/6005/4911 5771/6033/4937 5772/6035/4939
f 5753/6008/4914 5752/6006/4912 5767/6034/4938 5768/6036/4940
f 5761/6009/4915 5760/6007/4913 5772/6035/4939 5773/6037/4941
f 5754/6010/4916 5753/6008/4914 5768/6036/4940 6047/6038/4942 6046/6039/4943 6050/6017/4923
f 5762/6011/4917 5761/6009/4915 5773/6037/4941 5774/6022/4927
f 5771/6033/4937 5770/6031/4935 5782/6040/4944 5783/6041/4945
f 5767/6034/4938 5766/6032/4936 5778/6042/4946 5779/6043/4947
f 5772/6035/4939 5771/6033/4937 5783/6041/4945 5784/6044/4948
f 5768/6036/4940 5767/6034/4938 5779/6043/4947 5780/6045/4949
f 5773/6037/4941 5772/6035/4939 5784/6044/4948 5785/6046/4950
f 5774/6022/4927 5773/6037/4941 5785/6046/4950 5786/6047/4951
f 5763/6021/4926 5889/5980/4604 5775/6048/4952
f 6045/5982/4615 5774/6022/4927 5786/6047/4951
f 5764/6026/4930 5763/6021/4926 5775/6048/4952 5776/6049/4953
f 5769/6029/4933 6300/6028/4932 6059/6050/4954 6064/6051/4954 6307/6052/4955 5781/6053/4956
f 5765/6030/4934 5764/6026/4930 5776/6049/4953 5777/6054/4957
f 5770/6031/4935 5769/6029/4933 5781/6053/4956 5782/6040/4944
f 5766/6032/4936 5765/6030/4934 5777/6054/4957 5778/6042/4946
f 5775/6048/4952 5889/5980/4604 5787/6055/4958
f 6045/5982/4615 5786/6047/4951 5798/6056/4959
f 5776/6049/4953 5775/6048/4952 5787/6055/4958 5788/6057/4960
f 5781/6053/4956 6307/6052/4955 6066/6058/4961 6309/6059/4962 5793/6060/4963
f 5777/6054/4957 5776/6049/4953 5788/6057/4960 5789/6061/4964
f 5782/6040/4944 5781/6053/4956 5793/6060/4963 5794/6062/4965
f 5778/6042/4946 5777/6054/4957 5789/6061/4964 5790/6063/4966
f 5783/6041/4945 5782/6040/4944 5794/6062/4965 5795/6064/4967
f 5779/6043/4947 5778/6042/4946 5790/6063/4966 5791/6065/4968
f 5784/6044/4948 5783/6041/4945 5795/6064/4967 5796/6066/4969
f 5780/6045/4949 5779/6043/4947 5791/6065/4968 5792/6067/4970
f 5785/6046/4950 5784/6044/4948 5796/6066/4969 5797/6068/4971
f 5786/6047/4951 5785/6046/4950 5797/6068/4971 5798/6056/4959
f 5791/6065/4968 5790/6063/4966 5802/6069/4972 5803/6070/4973
f 5796/6066/4969 5795/6064/4967 5807/6071/4974 5808/6072/4975
f 5792/6067/4970 5791/6065/4968 5803/6070/4973 5804/6073/4976
f 5797/6068/4971 5796/6066/4969 5808/6072/4975 5809/6074/4977
f 5798/6056/4959 5797/6068/4971 5809/6074/4977 5810/6075/4978
f 5787/6055/4958 5889/5980/4604 5799/6076/4979
f 6045/5982/4615 5798/6056/4959 5810/6075/4978
f 5788/6057/4960 5787/6055/4958 5799/6076/4979 5800/6077/4980
f 5793/6060/4963 6309/6059/4962 6068/6078/4981 6071/6079/4981 6072/6080/4981 6329/6081/4982 5805/6082/4983
f 5789/6061/4964 5788/6057/4960 5800/6077/4980 5801/6083/4984
f 5794/6062/4965 5793/6060/4963 5805/6082/4983 5806/6084/4985
f 5790/6063/4966 5789/6061/4964 5801/6083/4984 5802/6069/4972
f 5795/6064/4967 5794/6062/4965 5806/6084/4985 6088/6085/4986 6090/6086/4987 6075/6087/4987 6074/6088/4987 6073/6089/4987 6076/6090/4987 6079/6091/4987 6078/6092/4987 6077/6093/4987 6092/6094/4987 6093/6095/4987 6335/6096/4986 5807/6071/4974
f 5800/6077/4980 5799/6076/4979 5811/6097/4988 5812/6098/4989
f 5805/6082/4983 6329/6081/4982 6086/6099/4990 5819/6100/4991 5820/6101/4992
f 5801/6083/4984 5800/6077/4980 5812/6098/4989 5813/6102/4993
f 5806/6084/4985 5805/6082/4983 5820/6101/4992 5821/6103/4994
f 5802/6069/4972 5801/6083/4984 5813/6102/4993 5814/6104/4995
f 5807/6071/4974 6335/6096/4986 6095/6105/4996 6096/6106/4996 6111/6107/4996 6353/6108/4997 5822/6109/4998
f 5803/6070/4973 5802/6069/4972 5814/6104/4995 5815/6110/4999
f 5808/6072/4975 5807/6071/4974 5822/6109/4998 5823/6111/5000
f 5804/6073/4976 5803/6070/4973 5815/6110/4999 5816/6112/5001
f 5809/6074/4977 5808/6072/4975 5823/6111/5000 5824/6113/5002
f 5810/6075/4978 5809/6074/4977 5824/6113/5002 5825/6114/5003
f 5799/6076/4979 5889/5980/4604 5811/6097/4988
f 6045/5982/4615 5810/6075/4978 5825/6114/5003
f 5823/6111/5000 5822/6109/4998 5834/6115/5004 5835/6116/5005
f 5816/6112/5001 5815/6110/4999 5830/6117/5006 5831/6118/5007
f 5824/6113/5002 5823/6111/5000 5835/6116/5005 5836/6119/5008
f 5817/6120/5009 5816/6112/5001 5831/6118/5007 6113/6121/5010 6356/6122/5011
f 5825/6114/5003 5824/6113/5002 5836/6119/5008 5837/6123/5012
f 5818/6124/5013 5817/6120/5009 6356/6122/5011 6116/6125/5014 6098/6126/5014 6099/6127/5015
f 5811/6097/4988 5889/5980/4604 5826/6128/5016
f 6045/5982/4615 5825/6114/5003 5837/6123/5012
f 5819/6100/4991 5818/6124/5013 6099/6127/5015 6100/6129/5017 6117/6130/5017 6359/6131/5018
f 5812/6098/4989 5811/6097/4988 5826/6128/5016 5827/6132/5019
f 5820/6101/4992 5819/6100/4991 6359/6131/5018 6360/6133/5020 5832/6134/5021
f 5813/6102/4993 5812/6098/4989 5827/6132/5019 5828/6135/5022
f 5821/6103/4994 5820/6101/4992 5832/6134/5021 5833/6136/5023
f 5814/6104/4995 5813/6102/4993 5828/6135/5022 5829/6137/5024
f 5822/6109/4998 6353/6108/4997 6110/6138/5025 6108/6139/5025 6107/6140/5025 6369/6141/5026 5834/6115/5004
f 5815/6110/4999 5814/6104/4995 5829/6137/5024 5830/6117/5006
f 5832/6134/5021 6360/6133/5020 6120/6142/5027 6131/6143/5027 6130/6144/5027 6399/6145/5028 5844/6146/5029
f 5828/6135/5022 5827/6132/5019 5839/6147/5030 5840/6148/5031
f 5833/6136/5023 5832/6134/5021 5844/6146/5029 5845/6149/5032
f 5829/6137/5024 5828/6135/5022 5840/6148/5031 5841/6150/5033
f 5834/6115/5004 6369/6141/5026 6127/6151/5034 6126/6152/5034 6125/6153/5034 6136/6154/5034 6134/6155/5034 6135/6156/5034 6132/6157/5034 6133/6158/5034 6122/6159/5034 6123/6160/5034 6124/6161/5026 5833/6136/5023 5845/6149/5032 5846/6162/5035
f 5830/6117/5006 5829/6137/5024 5841/6150/5033 5842/6163/5036
f 5835/6116/5005 5834/6115/5004 5846/6162/5035 5847/6164/5037
f 5831/6118/5007 5830/6117/5006 5842/6163/5036 5843/6165/5038
f 5836/6119/5008 5835/6116/5005 5847/6164/5037 5848/6166/5039
f 5837/6123/5012 5836/6119/5008 5848/6166/5039 5849/6167/5040
f 5826/6128/5016 5889/5980/4604 5838/6168/5041
f 6045/5982/4615 5837/6123/5012 5849/6167/5040
f 5827/6132/5019 5826/6128/5016 5838/6168/5041 5839/6147/5030
f 5848/6166/5039 5847/6164/5037 5859/6169/5042 5860/6170/5043
f 5849/6167/5040 5848/6166/5039 5860/6170/5043 5861/6171/5044
f 5838/6168/5041 5889/5980/4604 5850/6172/5045
f 6045/5982/4615 5849/6167/5040 5861/6171/5044
f 5839/6147/5030 5838/6168/5041 5850/6172/5045 5851/6173/5046
f 5844/6146/5029 6399/6145/5028 6156/6174/5047 6398/6175/5048 5856/6176/5049
f 5840/6148/5031 5839/6147/5030 5851/6173/5046 5852/6177/5050
f 5845/6149/5032 5844/6146/5029 5856/6176/5049 5857/6178/5051
f 5841/6150/5033 5840/6148/5031 5852/6177/5050 5853/6179/5052
f 5846/6162/5035 5845/6149/5032 5857/6178/5051 5858/6180/5053
f 5842/6163/5036 5841/6150/5033 5853/6179/5052 5854/6181/5054
f 5847/6164/5037 5846/6162/5035 5858/6180/5053 5859/6169/5042
f 5843/6165/5038 5842/6163/5036 5854/6181/5054 5855/6182/5055
f 5852/6177/5050 5851/6173/5046 5863/6183/5056 5864/6184/5057
f 5857/6178/5051 5856/6176/5049 5868/6185/5058 5869/6186/5059
f 5853/6179/5052 5852/6177/5050 5864/6184/5057 5865/6187/5060
f 5858/6180/5053 5857/6178/5051 5869/6186/5059 5870/6188/5061
f 5854/6181/5054 5853/6179/5052 5865/6187/5060 5866/6189/5062
f 5859/6169/5042 5858/6180/5053 5870/6188/5061 5871/6190/5063
f 5855/6182/5055 5854/6181/5054 5866/6189/5062 5867/6191/5064
f 5860/6170/5043 5859/6169/5042 5871/6190/5063 5872/6192/5065
f 5861/6171/5044 5860/6170/5043 5872/6192/5065 5873/6193/5066
f 5850/6172/5045 5889/5980/4604 5862/6194/5067
f 6045/5982/4615 5861/6171/5044 5873/6193/5066
f 5851/6173/5046 5850/6172/5045 5862/6194/5067 5863/6183/5056
f 5856/6176/5049 6398/6175/5048 6154/6195/5068 6153/6196/5068 6395/6197/5069 5868/6185/5058
f 5873/6193/5066 5872/6192/5065 5887/6198/5070 5888/6199/5071
f 5862/6194/5067 5889/5980/4604 5874/6200/5072
f 6045/5982/4615 5873/6193/5066 5888/6199/5071
f 5863/6183/5056 5862/6194/5067 5874/6200/5072 5875/6201/5073
f 5868/6185/5058 6395/6197/5069 6152/6202/5074 6150/6203/5075 5882/6204/5076 5883/6205/5077
f 5864/6184/5057 5863/6183/5056 5875/6201/5073 5876/6206/5078
f 5869/6186/5059 5868/6185/5058 5883/6205/5077 5884/6207/5079
f 5865/6187/5060 5864/6184/5057 5876/6206/5078 5877/6208/5080
f 5870/6188/5061 5869/6186/5059 5884/6207/5079 5885/6209/5081
f 5866/6189/5062 5865/6187/5060 5877/6208/5080 5878/6210/5082
f 5871/6190/5063 5870/6188/5061 5885/6209/5081 5886/6211/5083
f 5867/6191/5064 5866/6189/5062 5878/6210/5082 5879/6212/5084
f 5872/6192/5065 5871/6190/5063 5886/6211/5083 5887/6198/5070
f 5884/6207/5079 5883/6205/5077 5899/6213/5085 5900/6214/5086
f 5877/6208/5080 5876/6206/5078 5892/6215/5087 5893/6216/5088
f 5885/6209/5081 5884/6207/5079 5900/6214/5086 5901/6217/5089
f 5878/6210/5082 5877/6208/5080 5893/6216/5088 5894/6218/5090
f 5886/6211/5083 5885/6209/5081 5901/6217/5089 5902/6219/5091
f 5879/6212/5084 5878/6210/5082 5894/6218/5090 5895/6220/5092
f 5887/6198/5070 5886/6211/5083 5902/6219/5091 5903/6221/5093
f 5880/6222/5094 5879/6212/5084 5895/6220/5092 5896/6223/5095
f 5888/6199/5071 5887/6198/5070 5903/6221/5093 5904/6224/5096
f 5881/6225/5097 5880/6222/5094 5896/6223/5095 5897/6226/5098
f 5874/6200/5072 5889/5980/4604 5890/6227/5099
f 6045/5982/4615 5888/6199/5071 5904/6224/5096
f 5882/6204/5076 5881/6225/5097 5897/6226/5098 5898/6228/5100
f 5875/6201/5073 5874/6200/5072 5890/6227/5099 5891/6229/5101
f 5883/6205/5077 5882/6204/5076 5898/6228/5100 5899/6213/5085
f 5876/6206/5078 5875/6201/5073 5891/6229/5101 5892/6215/5087
f 5904/6224/5096 5903/6221/5093 5918/6230/5102 5919/6231/5103
f 5897/6226/5098 5896/6223/5095 5911/6232/5104 5912/6233/5105
f 5890/6227/5099 5889/5980/4604 5905/6234/5106
f 6045/5982/4615 5904/6224/5096 5919/6231/5103
f 5898/6228/5100 5897/6226/5098 5912/6233/5105 5913/6235/5107
f 5891/6229/5101 5890/6227/5099 5905/6234/5106 5906/6236/5108
f 5899/6213/5085 5898/6228/5100 5913/6235/5107 5914/6237/5109
f 5892/6215/5087 5891/6229/5101 5906/6236/5108 5907/6238/5110
f 5900/6214/5086 5899/6213/5085 5914/6237/5109 5915/6239/5111
f 5893/6216/5088 5892/6215/5087 5907/6238/5110 5908/6240/5112
f 5901/6217/5089 5900/6214/5086 5915/6239/5111 5916/6241/5113
f 5894/6218/5090 5893/6216/5088 5908/6240/5112 5909/6242/5114
f 5902/6219/5091 5901/6217/5089 5916/6241/5113 5917/6243/5115
f 5895/6220/5092 5894/6218/5090 5909/6242/5114 5910/6244/5116
f 5903/6221/5093 5902/6219/5091 5917/6243/5115 5918/6230/5102
f 5896/6223/5095 5895/6220/5092 5910/6244/5116 5911/6232/5104
f 5908/6240/5112 5907/6238/5110 5922/6245/5117 5923/6246/5118
f 5916/6241/5113 5915/6239/5111 5930/6247/5119 5931/6248/5120
f 5909/6242/5114 5908/6240/5112 5923/6246/5118 5924/6249/5121
f 5917/6243/5115 5916/6241/5113 5931/6248/5120 5932/6250/5122
f 5910/6244/5116 5909/6242/5114 5924/6249/5121 5925/6251/5123
f 5918/6230/5102 5917/6243/5115 5932/6250/5122 5933/6252/5124
f 5911/6232/5104 5910/6244/5116 5925/6251/5123 5926/6253/5125
f 5919/6231/5103 5918/6230/5102 5933/6252/5124 5934/6254/5126
f 5912/6233/5105 5911/6232/5104 5926/6253/5125 5927/6255/4609
f 5905/6234/5106 5889/5980/4604 5920/6256/5127
f 6045/5982/4615 5919/6231/5103 5934/6254/5126
f 5913/6235/5107 5912/6233/5105 5927/6255/4609 5928/6257/5128
f 5906/6236/5108 5905/6234/5106 5920/6256/5127 5921/6258/5129
f 5914/6237/5109 5913/6235/5107 5928/6257/5128 5929/6259/5130
f 5907/6238/5110 5906/6236/5108 5921/6258/5129 5922/6245/5117
f 5915/6239/5111 5914/6237/5109 5929/6259/5130 5930/6247/5119
f 5927/6260/4609 5926/6261/5125 5941/6262/5131 5942/6263/5132
f 5920/6264/5127 5889/5833/4604 5935/6265/5133
f 6045/5835/4615 5934/6266/5126 5949/6267/5134
f 5928/6268/5128 5927/6260/4609 5942/6263/5132 5943/6269/5135
f 5921/6270/5129 5920/6264/5127 5935/6265/5133 5936/6271/5136
f 5929/6272/5130 5928/6268/5128 5943/6269/5135 5944/6273/5137
f 5922/6274/5117 5921/6270/5129 5936/6271/5136 5937/6275/5138
f 5930/6276/5119 5929/6272/5130 5944/6273/5137 5945/6277/5139
f 5923/6278/5118 5922/6274/5117 5937/6275/5138 5938/6279/5140
f 5931/6280/5120 5930/6276/5119 5945/6277/5139 5946/6281/5141
f 5924/6282/5121 5923/6278/5118 5938/6279/5140 5939/6283/5142
f 5932/6284/5122 5931/6280/5120 5946/6281/5141 5947/6285/5143
f 5925/6286/5123 5924/6282/5121 5939/6283/5142 5940/6287/5144
f 5933/6288/5124 5932/6284/5122 5947/6285/5143 5948/6289/5145
f 5926/6261/5125 5925/6286/5123 5940/6287/5144 5941/6262/5131
f 5934/6266/5126 5933/6288/5124 5948/6289/5145 5949/6267/5134
f 5946/6281/5141 5945/6277/5139 5960/6290/5146 5961/6291/5147
f 5939/6283/5142 5938/6279/5140 5953/6292/5148 5954/6293/5149
f 5947/6285/5143 5946/6281/5141 5961/6291/5147 5962/6294/5150
f 5940/6287/5144 5939/6283/5142 5954/6293/5149 5955/6295/5151
f 5948/6289/5145 5947/6285/5143 5962/6294/5150 5963/6296/5152
f 5941/6262/5131 5940/6287/5144 5955/6295/5151 5956/6297/5153
f 5949/6267/5134 5948/6289/5145 5963/6296/5152 5964/6298/5154
f 5942/6263/5132 5941/6262/5131 5956/6297/5153 5957/6299/5155
f 5935/6265/5133 5889/5833/4604 5950/6300/5156
f 6045/5835/4615 5949/6267/5134 5964/6298/5154
f 5943/6269/5135 5942/6263/5132 5957/6299/5155 5958/6301/5157
f 5936/6271/5136 5935/6265/5133 5950/6300/5156 5951/6302/5158
f 5944/6273/5137 5943/6269/5135 5958/6301/5157 5959/6303/5159
f 5937/6275/5138 5936/6271/5136 5951/6302/5158 5952/6304/5160
f 5945/6277/5139 5944/6273/5137 5959/6303/5159 5960/6290/5146
f 5938/6279/5140 5937/6275/5138 5952/6304/5160 5953/6292/5148
f 6045/5835/4615 5964/6298/5154 5979/6305/5161
f 5958/6301/5157 5957/6299/5155 5972/6306/5162 5973/6307/5163
f 5951/6302/5158 5950/6300/5156 5965/6308/5164 5966/6309/5165
f 5959/6303/5159 5958/6301/5157 5973/6307/5163 5974/6310/5166
f 5952/6304/5160 5951/6302/5158 5966/6309/5165 5967/6311/5167
f 5960/6290/5146 5959/6303/5159 5974/6310/5166 5975/6312/5168
f 5953/6292/5148 5952/6304/5160 5967/6311/5167 5968/6313/5169
f 5961/6291/5147 5960/6290/5146 5975/6312/5168 5976/6314/5170
f 5954/6293/5149 5953/6292/5148 5968/6313/5169 5969/6315/5171
f 5962/6294/5150 5961/6291/5147 5976/6314/5170 5977/6316/5172
f 5955/6295/5151 5954/6293/5149 5969/6315/5171 5970/6317/5173
f 5963/6296/5152 5962/6294/5150 5977/6316/5172 5978/6318/5174
f 5956/6297/5153 5955/6295/5151 5970/6317/5173 5971/6319/5175
f 5964/6298/5154 5963/6296/5152 5978/6318/5174 5979/6305/5161
f 5957/6299/5155 5956/6297/5153 5971/6319/5175 5972/6306/5162
f 5950/6300/5156 5889/5833/4604 5965/6308/5164
f 5977/6316/5172 5976/6314/5170 5991/6320/5176 5992/6321/5177
f 5970/6317/5173 5969/6315/5171 5984/6322/5178 5985/6323/5179
f 5978/6318/5174 5977/6316/5172 5992/6321/5177 5993/6324/5180
f 5971/6319/5175 5970/6317/5173 5985/6323/5179 5986/6325/5181
f 5979/6305/5161 5978/6318/5174 5993/6324/5180 5994/6326/5182
f 5972/6306/5162 5971/6319/5175 5986/6325/5181 5987/6327/5183
f 5965/6308/5164 5889/5833/4604 5980/6328/5184
f 6045/5835/4615 5979/6305/5161 5994/6326/5182
f 5973/6307/5163 5972/6306/5162 5987/6327/5183 5988/6329/5185
f 5966/6309/5165 5965/6308/5164 5980/6328/5184 5981/6330/5186
f 5974/6310/5166 5973/6307/5163 5988/6329/5185 5989/6331/5187
f 5967/6311/5167 5966/6309/5165 5981/6330/5186 5982/6332/5188
f 5975/6312/5168 5974/6310/5166 5989/6331/5187 5990/6333/5189
f 5968/6313/5169 5967/6311/5167 5982/6332/5188 5983/6334/5190
f 5976/6314/5170 5975/6312/5168 5990/6333/5189 5991/6320/5176
f 5969/6315/5171 5968/6313/5169 5983/6334/5190 5984/6322/5178
f 5981/6330/5186 5980/6328/5184 5995/6335/5191 5996/6336/5192
f 5989/6331/5187 5988/6329/5185 6003/6337/5193 6004/6338/5194
f 5982/6332/5188 5981/6330/5186 5996/6336/5192 5997/6339/5195
f 5990/6333/5189 5989/6331/5187 6004/6338/5194 6005/6340/5196
f 5983/6334/5190 5982/6332/5188 5997/6339/5195 5998/6341/5197
f 5991/6320/5176 5990/6333/5189 6005/6340/5196 6006/6342/5198
f 5984/6322/5178 5983/6334/5190 5998/6341/5197 5999/6343/5199
f 5992/6321/5177 5991/6320/5176 6006/6342/5198 6007/6344/5200
f 5985/6323/5179 5984/6322/5178 5999/6343/5199 6000/6345/5201
f 5993/6324/5180 5992/6321/5177 6007/6344/5200 6008/6346/5202
f 5986/6325/5181 5985/6323/5179 6000/6345/5201 6001/6347/5203
f 5994/6326/5182 5993/6324/5180 6008/6346/5202 6009/6348/5204
f 5987/6327/5183 5986/6325/5181 6001/6347/5203 6002/6349/5205
f 5980/6328/5184 5889/5833/4604 5995/6335/5191
f 6045/5835/4615 5994/6326/5182 6009/6348/5204
f 5988/6329/5185 5987/6327/5183 6002/6349/5205 6003/6337/5193
f 6000/6345/5201 5999/6343/5199 6014/6350/5206 6015/6351/5207
f 6008/6346/5202 6007/6344/5200 6022/6352/5208 6023/6353/5209
f 6001/6347/5203 6000/6345/5201 6015/6351/5207 6016/6354/5210
f 6009/6348/5204 6008/6346/5202 6023/6353/5209 6024/6355/5211
f 6002/6349/5205 6001/6347/5203 6016/6354/5210 6017/6356/5212
f 5995/6335/5191 5889/5833/4604 6010/6357/5213
f 6045/5835/4615 6009/6348/5204 6024/6355/5211
f 6003/6337/5193 6002/6349/5205 6017/6356/5212 6018/6358/5214
f 5996/6336/5192 5995/6335/5191 6010/6357/5213 6011/6359/5215
f 6004/6338/5194 6003/6337/5193 6018/6358/5214 6019/6360/5216
f 5997/6339/5195 5996/6336/5192 6011/6359/5215 6012/6361/5217
f 6005/6340/5196 6004/6338/5194 6019/6360/5216 6020/6362/5218
f 5998/6341/5197 5997/6339/5195 6012/6361/5217 6013/6363/5219
f 6006/6342/5198 6005/6340/5196 6020/6362/5218 6021/6364/5220
f 5999/6343/5199 5998/6341/5197 6013/6363/5219 6014/6350/5206
f 6007/6344/5200 6006/6342/5198 6021/6364/5220 6022/6352/5208
f 6019/6360/5216 6018/6358/5214 6033/6365/5221 6034/6366/5222
f 6012/6361/5217 6011/6359/5215 6026/6367/5223 6027/6368/5224
f 6020/6362/5218 6019/6360/5216 6034/6366/5222 6035/6369/5225
f 6013/6363/5219 6012/6361/5217 6027/6368/5224 6028/6370/5226
f 6021/6364/5220 6020/6362/5218 6035/6369/5225 6036/6371/5227
f 6014/6350/5206 6013/6363/5219 6028/6370/5226 6029/6372/5228
f 6022/6352/5208 6021/6364/5220 6036/6371/5227 6037/6373/5229
f 6015/6351/5207 6014/6350/5206 6029/6372/5228 6030/6374/5230
f 6023/6353/5209 6022/6352/5208 6037/6373/5229 6038/6375/5231
f 6016/6354/5210 6015/6351/5207 6030/6374/5230 6031/6376/5232
f 6024/6355/5211 6023/6353/5209 6038/6375/5231 6039/6377/5233
f 6017/6356/5212 6016/6354/5210 6031/6376/5232 6032/6378/5234
f 6010/6357/5213 5889/5833/4604 6025/6379/5235
f 6045/5835/4615 6024/6355/5211 6039/6377/5233
f 6018/6358/5214 6017/6356/5212 6032/6378/5234 6033/6365/5221
f 6011/6359/5215 6010/6357/5213 6025/6379/5235 6026/6367/5223
f 6038/6375/5231 6037/6373/5229 5597/5823/4749 6043/5822/4748
f 6031/6376/5232 6030/6374/5230 5593/5818/4744 5594/5826/4752
f 6039/6377/5233 6038/6375/5231 6043/5822/4748 6044/5828/4754
f 6032/6378/5234 6031/6376/5232 5594/5826/4752 6040/5830/4756
f 6025/6379/5235 5889/5833/4604 5588/5832/4758
f 6045/5835/4615 6039/6377/5233 6044/5828/4754
f 6033/6365/5221 6032/6378/5234 6040/5830/4756 6041/5836/4760
f 6026/6367/5223 6025/6379/5235 5588/5832/4758 5589/5838/4762
f 6034/6366/5222 6033/6365/5221 6041/5836/4760 6042/5840/4764
f 6027/6368/5224 6026/6367/5223 5589/5838/4762 5590/5842/4766
f 6035/6369/5225 6034/6366/5222 6042/5840/4764 5595/5844/4768
f 6028/6370/5226 6027/6368/5224 5590/5842/4766 5591/5846/4770
f 6036/6371/5227 6035/6369/5225 5595/5844/4768 5596/5848/4772
f 6029/6372/5228 6028/6370/5226 5591/5846/4770 5592/5819/4745
f 6037/6373/5229 6036/6371/5227 5596/5848/4772 5597/5823/4749
f 6030/6374/5230 6029/6372/5228 5592/5819/4745 5593/5818/4744
f 6339/6380/5236 6083/6381/5237 6081/6382/5237 6082/6383/5238 5817/6120/5009 5818/6124/5013
f 6080/6384/5239 6070/6385/5240 6069/6386/5240 6063/6387/5240 6062/6388/5241 5792/6067/4970 5804/6073/4976
f 6060/6389/5242 6049/6390/5243 6048/6391/5243 6047/6038/4942 5768/6036/4940 5780/6045/4949
f 6086/6099/4990 6084/6392/5244 6085/6393/5244 6339/6380/5236 5818/6124/5013 5819/6100/4991
f 6141/6394/5245 6129/6395/5246 6112/6396/5246 6114/6397/5246 6113/6121/5010 5831/6118/5007 5843/6165/5038
f 6062/6388/5241 6061/6398/5247 6060/6389/5242 5780/6045/4949 5792/6067/4970
f 6137/6399/5248 6139/6400/5249 6141/6394/5245 5843/6165/5038 5855/6182/5055
f 6103/6401/4997 6105/6402/5250 6101/6403/5250 6091/6404/5250 6089/6405/5250 6088/6085/4986 5806/6084/4985 5821/6103/4994
f 6142/6406/5251 6140/6407/5252 6138/6408/5252 6137/6399/5248 5855/6182/5055 5867/6191/5064
f 6124/6161/5026 6121/6409/5253 6106/6410/5253 6102/6411/5253 6104/6412/5253 6103/6401/4997 5821/6103/4994 5833/6136/5023
f 6147/6413/5254 6146/6414/5255 6145/6415/5255 6144/6416/5256 5880/6222/5094 5881/6225/5097
f 6144/6416/5256 6143/6417/5257 6142/6406/5251 5867/6191/5064 5879/6212/5084 5880/6222/5094
f 6082/6383/5238 6080/6384/5239 5804/6073/4976 5816/6112/5001 5817/6120/5009
f 6150/6203/5075 6149/6418/5258 6148/6419/5258 6147/6413/5254 5881/6225/5097 5882/6204/5076
usemtl Brown
f 6225/6420/5259 5484/6421/5260 5488/6422/5261 6224/6423/5262
f 6211/6424/5034 5491/6425/5034 6226/6426/5034 6227/6427/5034 6220/6428/5034
f 6233/6429/5263 5490/6430/5264 5482/6431/5265 6223/6432/5266
f 6223/6432/5266 5482/6431/5265 5489/6433/4987 6222/6434/4987
f 6222/6434/4987 5489/6433/4987 6209/6435/4987 6210/6436/4987 6221/6437/4987
f 6226/6426/5034 5491/6425/5034 5484/6421/5260 6225/6420/5259
f 6224/6423/5262 5488/6422/5261 5480/6438/5267 6239/6439/5268
f 6239/6439/5268 5480/6438/5267 5481/6440/5253 6238/6441/5253
f 6238/6441/5253 5481/6440/5253 5483/6442/5269 6237/6443/5270
f 6237/6443/5270 5483/6442/5269 5485/6444/5271 6236/6445/5272
f 6236/6445/5272 5485/6444/5271 5486/6446/5250 6235/6447/5250
f 6235/6447/5250 5486/6446/5250 5487/6448/5273 6234/6449/5274
f 6234/6449/5274 5487/6448/5273 5490/6430/5264 6233/6429/5263
f 5491/6425/5034 6211/6424/5034 6212/6450/5034 6213/6451/5034 6214/6452/5034
f 5489/6433/4987 5482/6431/5265 6216/6453/4987 6217/6454/4987
f 5484/6421/5260 5491/6425/5034 6214/6452/5034 6208/6455/5034
f 5481/6440/5253 5480/6438/5267 6207/6456/5275 6228/6457/5253
f 5485/6444/5271 5483/6442/5269 6229/6458/5276 6230/6459/5277
f 5487/6448/5273 5486/6446/5250 6231/6460/5250 6232/6461/5278
f 5488/6422/5261 5484/6421/5260 6208/6455/5034 6206/6462/5279
f 5482/6431/5265 5490/6430/5264 6215/6463/5280 6216/6453/4987
f 6209/6435/4987 5489/6433/4987 6217/6454/4987 6218/6464/4987 6219/6465/4987
f 5480/6438/5267 5488/6422/5261 6206/6462/5279 6207/6456/5275
f 5483/6442/5269 5481/6440/5253 6228/6457/5253 6229/6458/5276
f 5486/6446/5250 5485/6444/5271 6230/6459/5277 6231/6460/5250
f 5490/6430/5264 5487/6448/5273 6232/6461/5278 6215/6463/5280
usemtl White
f 5517/6466/5281 5516/6467/5282 6242/6468/5283 6243/6469/5284
f 5539/6470/5285 5538/6471/5286 6241/6472/5287 6240/6473/5288
f 5518/6474/5289 5517/6466/5281 6243/6469/5284 6244/6475/5290
f 5519/6476/5291 5518/6474/5289 6244/6475/5290 6245/6477/5292
f 5520/6478/5293 5519/6476/5291 6245/6477/5292 6246/6479/5294
f 5521/6480/5295 5520/6478/5293 6246/6479/5294 6247/6481/5296
f 5522/6482/5297 5521/6480/5295 6247/6481/5296 6248/6483/5298
f 5523/6484/5299 5522/6482/5297 6248/6483/5298 6249/6485/5300
f 5524/6486/5301 5523/6484/5299 6249/6485/5300 6250/6487/5302
f 5525/6488/5303 5524/6486/5301 6250/6487/5302 6251/6489/5304
f 5526/6490/5305 5525/6488/5303 6251/6489/5304 6252/6491/5306
f 5527/6492/5307 5526/6490/5305 6252/6491/5306 6253/6493/5308
f 5528/6494/5309 5527/6492/5307 6253/6493/5308 6254/6495/5310
f 5529/6496/5311 5528/6494/5309 6254/6495/5310 6255/6497/5312
f 5530/6498/5313 5529/6496/5311 6255/6497/5312 6256/6499/5314
f 5531/6500/5315 5530/6498/5313 6256/6499/5314 6257/6501/5316
f 5532/6502/5317 5531/6500/5315 6257/6501/5316 6258/6503/5318
f 5533/6504/5319 5532/6502/5317 6258/6503/5318 6259/6505/5320
f 5534/6506/5321 5533/6504/5319 6259/6505/5320 6260/6507/5322
f 5535/6508/5323 5534/6506/5321 6260/6507/5322 6261/6509/5324
f 5536/6510/5325 5535/6508/5323 6261/6509/5324 6262/6511/5326
f 5537/6512/5327 5536/6510/5325 6262/6511/5326 6263/6513/5328
f 5538/6471/5286 5537/6512/5327 6263/6513/5328 6241/6472/5287
f 5538/6471/5286 5539/6470/5285 6180/6514/5329 6179/6515/5330
f 5516/6467/5282 5539/6470/5285 6240/6473/5288 6242/6468/5283
f 5539/6470/5285 5516/6467/5282 6181/6516/5331 6180/6514/5329
f 5531/6500/5315 5532/6502/5317 6173/6517/5332 6172/6518/5333
f 5524/6486/5301 5525/6488/5303 6166/6519/5334 6165/6520/5335
f 5522/6482/5297 5523/6484/5299 6164/6521/5336 6163/6522/5337
f 5537/6512/5327 5538/6471/5286 6179/6515/5330 6178/6523/5338
f 5523/6484/5299 5524/6486/5301 6165/6520/5335 6164/6521/5336
f 5530/6498/5313 5531/6500/5315 6172/6518/5333 6171/6524/5339
f 5517/6466/5281 5518/6474/5289 6159/6525/5340 6158/6526/5341
f 5532/6502/5317 5533/6504/5319 6174/6527/5342 6173/6517/5332
f 5525/6488/5303 5526/6490/5305 6167/6528/5343 6166/6519/5334
f 5518/6474/5289 5519/6476/5291 6160/6529/5344 6159/6525/5340
f 5533/6504/5319 5534/6506/5321 6175/6530/5345 6174/6527/5342
f 5526/6490/5305 5527/6492/5307 6168/6531/5346 6167/6528/5343
f 5519/6476/5291 5520/6478/5293 6161/6532/5347 6160/6529/5344
f 5534/6506/5321 5535/6508/5323 6176/6533/5348 6175/6530/5345
f 5527/6492/5307 5528/6494/5309 6169/6534/5349 6168/6531/5346
f 5520/6478/5293 5521/6480/5295 6162/6535/5350 6161/6532/5347
f 5535/6508/5323 5536/6510/5325 6177/6536/5351 6176/6533/5348
f 5528/6494/5309 5529/6496/5311 6170/6537/5352 6169/6534/5349
f 5521/6480/5295 5522/6482/5297 6163/6522/5337 6162/6535/5350
f 5536/6510/5325 5537/6512/5327 6178/6523/5338 6177/6536/5351
f 5529/6496/5311 5530/6498/5313 6171/6524/5339 6170/6537/5352
f 5564/6538/5353 6182/6539/5354 6205/6540/5355 5565/6541/5356
f 5565/6541/5356 6267/6542/5357 6266/6543/5358 5564/6538/5353
f 5587/6544/5359 6264/6545/5360 6265/6546/5361 5586/6547/5362
f 5566/6548/5363 6268/6549/5364 6267/6542/5357 5565/6541/5356
f 5567/6550/5365 6269/6551/5366 6268/6549/5364 5566/6548/5363
f 5568/6552/5367 6270/6553/5368 6269/6551/5366 5567/6550/5365
f 5569/6554/5369 6271/6555/5370 6270/6553/5368 5568/6552/5367
f 5570/6556/5371 6272/6557/5372 6271/6555/5370 5569/6554/5369
f 5571/6558/5373 6273/6559/5374 6272/6557/5372 5570/6556/5371
f 5572/6560/5375 6274/6561/5376 6273/6559/5374 5571/6558/5373
f 5573/6562/5377 6275/6563/5378 6274/6561/5376 5572/6560/5375
f 5574/6564/5379 6276/6565/5380 6275/6563/5378 5573/6562/5377
f 5575/6566/5381 6277/6567/5382 6276/6565/5380 5574/6564/5379
f 5576/6568/5383 6278/6569/5384 6277/6567/5382 5575/6566/5381
f 5577/6570/5385 6279/6571/5386 6278/6569/5384 5576/6568/5383
f 5578/6572/5387 6280/6573/5388 6279/6571/5386 5577/6570/5385
f 5579/6574/5389 6281/6575/5390 6280/6573/5388 5578/6572/5387
f 5580/6576/5391 6282/6577/5392 6281/6575/5390 5579/6574/5389
f 5581/6578/5393 6283/6579/5394 6282/6577/5392 5580/6576/5391
f 5582/6580/5395 6284/6581/5396 6283/6579/5394 5581/6578/5393
f 5583/6582/5397 6285/6583/5398 6284/6581/5396 5582/6580/5395
f 5584/6584/5399 6286/6585/5400 6285/6583/5398 5583/6582/5397
f 5585/6586/5401 6287/6587/5402 6286/6585/5400 5584/6584/5399
f 5586/6547/5362 6265/6546/5361 6287/6587/5402 5585/6586/5401
f 5569/6554/5369 6201/6588/5403 6200/6589/5404 5570/6556/5371
f 5564/6538/5353 6266/6543/5358 6264/6545/5360 5587/6544/5359
f 5584/6584/5399 6186/6590/5405 6185/6591/5406 5585/6586/5401
f 5570/6556/5371 6200/6589/5404 6199/6592/5407 5571/6558/5373
f 5577/6570/5385 6193/6593/5408 6192/6594/5409 5578/6572/5387
f 5578/6572/5387 6192/6594/5409 6191/6595/5410 5579/6574/5389
f 5579/6574/5389 6191/6595/5410 6190/6596/5411 5580/6576/5391
f 5572/6560/5375 6198/6597/5412 6197/6598/5413 5573/6562/5377
f 5565/6541/5356 6205/6540/5355 6204/6599/5414 5566/6548/5363
f 5580/6576/5391 6190/6596/5411 6189/6600/5415 5581/6578/5393
f 5573/6562/5377 6197/6598/5413 6196/6601/5416 5574/6564/5379
f 5566/6548/5363 6204/6599/5414 6203/6602/5417 5567/6550/5365
f 5581/6578/5393 6189/6600/5415 6188/6603/5418 5582/6580/5395
f 5574/6564/5379 6196/6601/5416 6195/6604/5419 5575/6566/5381
f 5567/6550/5365 6203/6602/5417 6202/6605/5420 5568/6552/5367
f 5582/6580/5395 6188/6603/5418 6187/6606/5421 5583/6582/5397
f 5575/6566/5381 6195/6604/5419 6194/6607/5422 5576/6568/5383
f 5568/6552/5367 6202/6605/5420 6201/6588/5403 5569/6554/5369
f 5583/6582/5397 6187/6606/5421 6186/6590/5405 5584/6584/5399
f 5576/6568/5383 6194/6607/5422 6193/6593/5408 5577/6570/5385
f 5587/6544/5359 6183/6608/5423 6182/6539/5354 5564/6538/5353
f 5585/6586/5401 6185/6591/5406 6184/6609/5424 5586/6547/5362
f 5586/6547/5362 6184/6609/5424 6183/6608/5423 5587/6544/5359
f 5571/6558/5373 6199/6592/5407 6198/6597/5412 5572/6560/5375
f 5516/6467/5282 5517/6466/5281 6158/6526/5341 6181/6516/5331
usemtl Black
f 6158/6526/5341 6159/6525/5340 6160/6529/5344 6161/6532/5347 6162/6535/5350 6163/6522/5337 6164/6521/5336 6165/6520/5335 6166/6519/5334 6167/6528/5343 6168/6531/5346 6169/6534/5349 6170/6537/5352 6171/6524/5339 6172/6518/5333 6173/6517/5332 6174/6527/5342 6175/6530/5345 6176/6533/5348 6177/6536/5351 6178/6523/5338 6179/6515/5330 6180/6514/5329 6181/6516/5331
f 6182/6539/5354 6183/6608/5423 6184/6609/5424 6185/6591/5406 6186/6590/5405 6187/6606/5421 6188/6603/5418 6189/6600/5415 6190/6596/5411 6191/6595/5410 6192/6594/5409 6193/6593/5408 6194/6607/5422 6195/6604/5419 6196/6601/5416 6197/6598/5413 6198/6597/5412 6199/6592/5407 6200/6589/5404 6201/6588/5403 6202/6605/5420 6203/6602/5417 6204/6599/5414 6205/6540/5355
o Sphere.006
v 0.721421 1.923935 0.533327
v 0.722309 1.831049 0.531591
v 0.723156 1.743036 0.531178
v 0.723954 1.661100 0.533175
v 0.724697 1.586275 0.538548
v 0.725381 1.519406 0.548088
v 0.726002 1.461139 0.562378
v 0.727879 1.313497 0.672862
v 0.728223 1.295106 0.713388
v 0.728499 1.284975 0.756724
v 0.730060 1.924394 0.534055
v 0.739257 1.831950 0.533019
v 0.747760 1.744344 0.533251
v 0.755269 1.662764 0.535814
v 0.761520 1.588232 0.541650
v 0.766296 1.521581 0.551536
v 0.769437 1.463447 0.566038
v 0.770842 1.414261 0.585489
v 0.770477 1.374248 0.609959
v 0.768396 1.341615 0.640150
v 0.764702 1.315454 0.675964
v 0.759538 1.296770 0.716027
v 0.753103 1.286283 0.758797
v 0.745644 1.284393 0.802632
v 0.737447 1.291175 0.845848
v 0.738367 1.925588 0.536282
v 0.755551 1.834291 0.537388
v 0.771416 1.747743 0.539593
v 0.785377 1.667090 0.543886
v 0.796923 1.593318 0.551142
v 0.805634 1.527233 0.562082
v 0.811198 1.469447 0.577234
v 0.813422 1.420379 0.596904
v 0.812239 1.380248 0.621155
v 0.807734 1.347267 0.650696
v 0.800105 1.320540 0.685456
v 0.789647 1.301096 0.724099
v 0.776759 1.289681 0.765139
v 0.761938 1.286734 0.807001
v 0.745754 1.292369 0.848075
v 0.746022 1.927469 0.539922
v 0.770566 1.837983 0.544529
v 0.793214 1.753102 0.549960
v 0.813121 1.673911 0.557081
v 0.829547 1.601339 0.566657
v 0.841884 1.536145 0.579322
v 0.849680 1.478908 0.595536
v 0.852658 1.430025 0.615564
v 0.850721 1.389709 0.639457
v 0.843983 1.356178 0.667936
v 0.832729 1.328561 0.700971
v 0.817391 1.307917 0.737293
v 0.798558 1.295040 0.775506
v 0.776953 1.290426 0.814142
v 0.753409 1.294251 0.851715
v 0.752730 1.929967 0.544836
v 0.783725 1.842882 0.554168
v 0.812317 1.760215 0.563954
v 0.837435 1.682964 0.574891
v 0.858137 1.611985 0.587601
v 0.873652 1.547974 0.602593
v 0.883405 1.491466 0.620240
v 0.887043 1.442828 0.640753
v 0.884445 1.402266 0.664161
v 0.875751 1.368008 0.691207
v 0.861319 1.339207 0.721915
v 0.841705 1.316970 0.755104
v 0.817661 1.302154 0.789500
v 0.790112 1.295326 0.823781
v 0.760117 1.296749 0.856629
v 0.758234 1.932985 0.550835
v 0.794521 1.848802 0.565935
v 0.827992 1.768810 0.581037
v 0.857385 1.693903 0.596634
v 0.881595 1.624847 0.613167
v 0.899717 1.562266 0.631001
v 0.911076 1.506638 0.650398
v 0.915256 1.458298 0.671501
v 0.912116 1.417439 0.694319
v 0.901816 1.382299 0.719615
v 0.884777 1.352069 0.747481
v 0.861654 1.327909 0.776847
v 0.833335 1.310748 0.806583
v 0.800909 1.301245 0.835548
v 0.765621 1.299766 0.862628
v 0.762322 1.936407 0.557688
v 0.802541 1.855515 0.579377
v 0.839634 1.778555 0.600552
v 0.872203 1.706306 0.621472
v 0.899020 1.639432 0.642374
v 0.919078 1.578471 0.663454
v 0.931629 1.523841 0.684850
v 0.936212 1.475838 0.706628
v 0.932670 1.434642 0.728771
v 0.921177 1.398505 0.752068
v 0.902202 1.366654 0.776688
v 0.876472 1.340312 0.801685
v 0.844978 1.320493 0.826099
v 0.808928 1.307958 0.848990
v 0.769709 1.303188 0.869481
v 0.764838 1.940102 0.565132
v 0.807475 1.862762 0.593979
v 0.846798 1.789076 0.621750
v 0.881321 1.719697 0.648452
v 0.909741 1.655178 0.674099
v 0.930991 1.595967 0.698705
v 0.944276 1.542415 0.722272
v 0.949106 1.494776 0.744783
v 0.945316 1.453216 0.766193
v 0.933090 1.416001 0.787319
v 0.912923 1.382400 0.808413
v 0.885590 1.353703 0.828665
v 0.852141 1.331014 0.847297
v 0.813863 1.315205 0.863592
v 0.772225 1.306883 0.876924
v 0.765684 1.943927 0.572880
v 0.809135 1.870265 0.609178
v 0.849207 1.799969 0.643816
v 0.884387 1.733562 0.676537
v 0.913347 1.671481 0.707123
v 0.934997 1.614082 0.735399
v 0.948529 1.561646 0.761226
v 0.953443 1.514383 0.784501
v 0.949570 1.472447 0.805147
v 0.937097 1.434116 0.824013
v 0.916529 1.398703 0.841437
v 0.888657 1.367568 0.856750
v 0.854551 1.341908 0.869363
v 0.815522 1.322708 0.878791
v 0.773071 1.310708 0.884673
v 0.764828 1.947736 0.580636
v 0.807456 1.877737 0.624391
v 0.846770 1.810816 0.665902
v 0.881285 1.747367 0.704646
v 0.909699 1.687713 0.740176
v 0.930944 1.632119 0.772126
v 0.944226 1.580794 0.800216
v 0.949056 1.533906 0.824254
v 0.945267 1.491595 0.844137
v 0.933043 1.452153 0.860740
v 0.912881 1.414935 0.874491
v 0.885554 1.381373 0.884859
v 0.852113 1.352754 0.891448
v 0.813843 1.330180 0.894004
v 0.772215 1.314517 0.892428
v 0.762303 1.951382 0.588100
v 0.802503 1.884889 0.639033
v 0.839579 1.821199 0.687159
v 0.872133 1.760581 0.731701
v 0.898937 1.703253 0.771990
v 0.918987 1.649385 0.807475
v 0.931532 1.599123 0.837742
v 0.936113 1.552595 0.862516
v 0.932573 1.509924 0.881663
v 0.921086 1.469419 0.896089
v 0.902120 1.430475 0.906304
v 0.876402 1.394588 0.911914
v 0.844923 1.363137 0.912705
v 0.808890 1.337332 0.908646
v 0.769690 1.318163 0.899893
v 0.758206 1.954725 0.594987
v 0.794466 1.891446 0.652541
v 0.827912 1.830719 0.706770
v 0.857283 1.772699 0.756662
v 0.881476 1.717501 0.801340
v 0.899584 1.665217 0.840087
v 0.910935 1.615930 0.872363
v 0.915112 1.569731 0.897815
v 0.911975 1.526731 0.916284
v 0.901684 1.485251 0.928702
v 0.884658 1.444723 0.935654
v 0.861553 1.406705 0.936875
v 0.833255 1.372657 0.932317
v 0.800854 1.343889 0.922155
v 0.765593 1.321506 0.906779
v 0.752694 1.957637 0.601031
v 0.783655 1.897158 0.664397
v 0.812216 1.839011 0.723982
v 0.837306 1.783252 0.778569
v 0.857985 1.729911 0.827100
v 0.873483 1.679006 0.868710
v 0.883226 1.630569 0.902748
v 0.886860 1.584656 0.928796
v 0.884266 1.541369 0.946670
v 0.875582 1.499040 0.957324
v 0.861167 1.457132 0.961414
v 0.841575 1.417258 0.958781
v 0.817559 1.380949 0.949528
v 0.790042 1.349601 0.934010
v 0.760081 1.324418 0.912823
v 0.745980 1.960005 0.606000
v 0.770484 1.901804 0.674145
v 0.793095 1.845756 0.738133
v 0.812969 1.791837 0.796579
v 0.829368 1.740005 0.848278
v 0.841685 1.690222 0.892242
v 0.849470 1.642476 0.927730
v 0.852443 1.596797 0.954267
v 0.850510 1.553277 0.971651
v 0.843785 1.510256 0.980856
v 0.832550 1.467227 0.982592
v 0.817239 1.425843 0.976792
v 0.798438 1.387694 0.963680
v 0.776871 1.354247 0.943758
v 0.753367 1.326786 0.917793
v 0.738321 1.961739 0.609704
v 0.755460 1.905205 0.681409
v 0.771283 1.850694 0.748680
v 0.785208 1.798122 0.810003
v 0.796725 1.747396 0.864062
v 0.805414 1.698435 0.909780
v 0.810964 1.651194 0.946349
v 0.813183 1.605686 0.973250
v 0.812004 1.561995 0.990270
v 0.807513 1.518469 0.998395
v 0.799907 1.474618 0.998376
v 0.789478 1.432128 0.990216
v 0.776626 1.392633 0.974226
v 0.761847 1.357648 0.951022
v 0.745707 1.328520 0.921496
v 0.730011 1.962773 0.611999
v 0.739160 1.907232 0.685912
v 0.747619 1.853637 0.755216
v 0.755090 1.801867 0.818322
v 0.761309 1.751800 0.873845
v 0.766062 1.703328 0.920650
v 0.769188 1.656389 0.957888
v 0.770589 1.610982 0.985016
v 0.770229 1.567190 1.001809
v 0.768161 1.523362 1.009264
v 0.764491 1.479022 1.008159
v 0.759359 1.435874 0.998535
v 0.752962 1.395575 0.980763
v 0.745547 1.359675 0.955525
v 0.737398 1.329554 0.923791
v 0.721370 1.963065 0.612798
v 0.722210 1.907806 0.687479
v 0.723012 1.854470 0.757492
v 0.723771 1.802928 0.821218
v 0.724482 1.753047 0.877250
v 0.725142 1.704714 0.924434
v 0.725748 1.657860 0.961905
v 0.726297 1.612482 0.989111
v 0.726789 1.568661 1.005826
v 0.727242 1.524748 1.013049
v 0.727664 1.480269 1.011564
v 0.728041 1.436934 1.001431
v 0.728356 1.396408 0.983038
v 0.728598 1.360249 0.957092
v 0.728757 1.329846 0.924591
v 0.712730 1.962606 0.612070
v 0.705262 1.906906 0.686051
v 0.698408 1.853162 0.755419
v 0.692456 1.801264 0.818580
v 0.687660 1.751090 0.874148
v 0.684227 1.702539 0.920987
v 0.682313 1.655551 0.958246
v 0.682011 1.610128 0.985380
v 0.683353 1.566352 1.002167
v 0.686327 1.522573 1.009601
v 0.690842 1.478312 1.008462
v 0.696726 1.435270 0.998793
v 0.703752 1.395101 0.980965
v 0.711650 1.359349 0.955664
v 0.720117 1.329387 0.923863
v 0.704424 1.961413 0.609843
v 0.688968 1.904564 0.681683
v 0.674752 1.849764 0.749077
v 0.662348 1.796938 0.810508
v 0.652256 1.746003 0.864656
v 0.644889 1.696887 0.910441
v 0.640552 1.649551 0.947050
v 0.639432 1.604011 0.973964
v 0.641592 1.560352 0.990971
v 0.646989 1.516921 0.999055
v 0.655438 1.473225 0.998970
v 0.666617 1.430944 0.990721
v 0.680096 1.391702 0.974623
v 0.695356 1.357008 0.951296
v 0.711810 1.328194 0.921636
v 0.696769 1.959531 0.606202
v 0.673953 1.900873 0.674542
v 0.652954 1.844405 0.738710
v 0.634604 1.790117 0.797313
v 0.619633 1.737983 0.849141
v 0.608640 1.687976 0.893201
v 0.602070 1.640091 0.928748
v 0.600196 1.594365 0.955304
v 0.603110 1.550892 0.972669
v 0.610739 1.508009 0.981815
v 0.622815 1.465205 0.983455
v 0.638873 1.424123 0.977526
v 0.658297 1.386343 0.964256
v 0.680341 1.353316 0.944155
v 0.704156 1.326312 0.917995
v 0.690061 1.957033 0.601288
v 0.660794 1.895973 0.664902
v 0.633850 1.837291 0.724716
v 0.610290 1.781064 0.779502
v 0.591043 1.727337 0.828197
v 0.576872 1.676147 0.869930
v 0.568345 1.627533 0.904043
v 0.565811 1.581561 0.930116
v 0.569386 1.538334 0.947964
v 0.578971 1.496180 0.958544
v 0.594225 1.454559 0.962511
v 0.614559 1.415070 0.959715
v 0.639194 1.379230 0.950262
v 0.667182 1.348416 0.934516
v 0.697448 1.323814 0.913081
v 0.684557 1.954015 0.595290
v 0.649998 1.890053 0.653135
v 0.618176 1.828697 0.707633
v 0.590340 1.770125 0.757760
v 0.567585 1.714475 0.802631
v 0.550807 1.661855 0.841522
v 0.540674 1.612361 0.873886
v 0.537598 1.566092 0.899367
v 0.541715 1.523162 0.917807
v 0.552906 1.481888 0.930136
v 0.570767 1.441697 0.936945
v 0.594610 1.404131 0.937973
v 0.623520 1.370635 0.933179
v 0.656385 1.342497 0.922749
v 0.691944 1.320796 0.907082
v 0.720499 2.020344 0.535225
v 0.680468 1.950593 0.588437
v 0.641978 1.883341 0.639693
v 0.606534 1.818952 0.688117
v 0.575522 1.757722 0.732921
v 0.550160 1.699890 0.773424
v 0.531446 1.645649 0.809069
v 0.520121 1.595157 0.839434
v 0.516642 1.548551 0.864240
v 0.521161 1.505958 0.883355
v 0.533545 1.465683 0.897683
v 0.553342 1.427112 0.907738
v 0.579792 1.391728 0.913134
v 0.611877 1.360890 0.913664
v 0.648366 1.335784 0.909306
v 0.687855 1.317374 0.900229
v 0.677953 1.946898 0.580993
v 0.637044 1.876094 0.625092
v 0.599370 1.808431 0.666919
v 0.566404 1.744331 0.705941
v 0.539439 1.684144 0.741699
v 0.519533 1.628153 0.773818
v 0.507474 1.576583 0.802012
v 0.503748 1.529613 0.826085
v 0.508515 1.487384 0.845933
v 0.521632 1.448187 0.862432
v 0.542621 1.411366 0.876013
v 0.570674 1.378337 0.886154
v 0.604713 1.350369 0.892466
v 0.643431 1.328537 0.894705
v 0.685340 1.313679 0.892786
v 0.677107 1.943073 0.573245
v 0.635384 1.868591 0.609892
v 0.596961 1.797537 0.644853
v 0.563338 1.730467 0.677857
v 0.535833 1.667841 0.708675
v 0.515526 1.610038 0.737124
v 0.503221 1.557353 0.763057
v 0.499411 1.510006 0.786368
v 0.504261 1.468154 0.806978
v 0.517626 1.430072 0.825738
v 0.539015 1.395063 0.842989
v 0.567607 1.364473 0.858070
v 0.602304 1.339476 0.870400
v 0.641772 1.321033 0.879506
v 0.684494 1.309854 0.885037
v 0.677963 1.939264 0.565489
v 0.637063 1.861119 0.594679
v 0.599398 1.786691 0.622768
v 0.566440 1.716662 0.649747
v 0.539481 1.651608 0.675622
v 0.519580 1.592001 0.700396
v 0.507524 1.538205 0.724068
v 0.503798 1.490483 0.746614
v 0.508564 1.449006 0.767989
v 0.521679 1.412035 0.789011
v 0.542663 1.378830 0.809936
v 0.570710 1.350668 0.829960
v 0.604742 1.328629 0.848314
v 0.643451 1.313562 0.864293
v 0.685349 1.306046 0.877282
v 0.680488 1.935618 0.558025
v 0.642016 1.853967 0.580037
v 0.606589 1.776308 0.601511
v 0.575592 1.703447 0.622692
v 0.550242 1.636069 0.643808
v 0.531537 1.574735 0.665047
v 0.520218 1.519875 0.686542
v 0.516741 1.471794 0.708353
v 0.521259 1.430676 0.730463
v 0.533637 1.394769 0.753661
v 0.553424 1.363291 0.778122
v 0.579862 1.337453 0.802905
v 0.611932 1.318246 0.827057
v 0.648404 1.306410 0.849651
v 0.687874 1.302400 0.869817
v 0.684585 1.932275 0.551138
v 0.650053 1.847409 0.566529
v 0.618256 1.766788 0.581899
v 0.590442 1.691330 0.597732
v 0.567704 1.621821 0.614458
v 0.550939 1.558903 0.632435
v 0.540815 1.503068 0.651920
v 0.537742 1.454658 0.673054
v 0.541856 1.413869 0.695842
v 0.553039 1.378937 0.721049
v 0.570886 1.349043 0.748772
v 0.594711 1.325336 0.777945
v 0.623600 1.308726 0.807446
v 0.656440 1.299853 0.836142
v 0.691972 1.299056 0.862931
v 0.690096 1.929364 0.545094
v 0.660864 1.841698 0.554673
v 0.633952 1.758496 0.564688
v 0.610419 1.680776 0.575825
v 0.591195 1.609411 0.588698
v 0.577041 1.545114 0.603813
v 0.568524 1.488430 0.621535
v 0.565994 1.439733 0.642073
v 0.569565 1.399231 0.665456
v 0.579140 1.365148 0.692427
v 0.594377 1.336633 0.723013
v 0.614689 1.314782 0.756038
v 0.639296 1.300434 0.790234
v 0.667252 1.294141 0.824286
v 0.697483 1.296145 0.856887
v 0.696811 1.926995 0.540125
v 0.674035 1.837052 0.544926
v 0.653073 1.751751 0.550536
v 0.634756 1.672192 0.557814
v 0.619811 1.599317 0.567520
v 0.608838 1.533898 0.580280
v 0.602280 1.476523 0.596553
v 0.600411 1.427593 0.616602
v 0.603321 1.387324 0.640474
v 0.610938 1.353932 0.668894
v 0.622994 1.326539 0.701834
v 0.639025 1.306197 0.738027
v 0.658417 1.293689 0.776083
v 0.680423 1.289495 0.814539
v 0.704198 1.293776 0.851918
v 0.704470 1.925261 0.536421
v 0.689059 1.833650 0.537661
v 0.674885 1.746812 0.539990
v 0.662517 1.665906 0.544391
v 0.652455 1.591926 0.551736
v 0.645110 1.525685 0.562742
v 0.640786 1.467805 0.577935
v 0.639671 1.418704 0.597619
v 0.641827 1.378605 0.621856
v 0.647209 1.345719 0.651356
v 0.655637 1.319148 0.686050
v 0.666786 1.299912 0.724604
v 0.680228 1.288751 0.765536
v 0.695447 1.286093 0.807274
v 0.711857 1.292042 0.848214
v 0.712780 1.924228 0.534126
v 0.705360 1.831624 0.533159
v 0.698549 1.743870 0.533453
v 0.692635 1.662161 0.536071
v 0.687871 1.587522 0.541953
v 0.684462 1.520792 0.551872
v 0.682562 1.462610 0.566395
v 0.682265 1.413407 0.585853
v 0.683602 1.373411 0.610317
v 0.686561 1.340826 0.640486
v 0.691053 1.314744 0.676267
v 0.696905 1.296167 0.716284
v 0.703892 1.285808 0.759000
v 0.711747 1.284067 0.802772
v 0.720167 1.291009 0.845919
v 0.726556 1.411907 0.581757
v 0.727042 1.371939 0.606299
v 0.727481 1.339440 0.636702
v 0.728696 1.283493 0.801205
v 0.728807 1.290716 0.845120
v 0.728828 1.306368 0.886782
vt 0.750000 0.875000
vt 0.750000 0.937500
vt 0.718750 0.937500
vt 0.718750 0.875000
vt 0.750000 0.375000
vt 0.750000 0.437500
vt 0.718750 0.437500
vt 0.718750 0.375000
vt 0.750000 0.812500
vt 0.718750 0.812500
vt 0.750000 0.312500
vt 0.718750 0.312500
vt 0.750000 0.750000
vt 0.718750 0.750000
vt 0.750000 0.250000
vt 0.718750 0.250000
vt 0.750000 0.687500
vt 0.718750 0.687500
vt 0.750000 0.187500
vt 0.718750 0.187500
vt 0.750000 0.625000
vt 0.718750 0.625000
vt 0.750000 0.125000
vt 0.718750 0.125000
vt 0.750000 0.562500
vt 0.718750 0.562500
vt 0.750000 0.062500
vt 0.718750 0.062500
vt 0.750000 0.500000
vt 0.718750 0.500000
vt 0.734375 1.000000
vt 0.734375 0.000000
vt 0.703125 1.000000
vt 0.687500 0.937500
vt 0.703125 0.000000
vt 0.687500 0.062500
vt 0.687500 0.500000
vt 0.687500 0.437500
vt 0.687500 0.875000
vt 0.687500 0.375000
vt 0.687500 0.812500
vt 0.687500 0.312500
vt 0.687500 0.750000
vt 0.687500 0.250000
vt 0.687500 0.687500
vt 0.687500 0.187500
vt 0.687500 0.625000
vt 0.687500 0.125000
vt 0.687500 0.562500
vt 0.656250 0.750000
vt 0.656250 0.687500
vt 0.656250 0.250000
vt 0.656250 0.187500
vt 0.656250 0.625000
vt 0.656250 0.125000
vt 0.656250 0.562500
vt 0.656250 0.062500
vt 0.656250 0.500000
vt 0.671875 1.000000
vt 0.656250 0.937500
vt 0.671875 0.000000
vt 0.656250 0.437500
vt 0.656250 0.875000
vt 0.656250 0.375000
vt 0.656250 0.812500
vt 0.656250 0.312500
vt 0.625000 0.500000
vt 0.625000 0.437500
vt 0.625000 0.937500
vt 0.625000 0.875000
vt 0.625000 0.375000
vt 0.625000 0.812500
vt 0.625000 0.312500
vt 0.625000 0.750000
vt 0.625000 0.250000
vt 0.625000 0.687500
vt 0.625000 0.187500
vt 0.625000 0.625000
vt 0.625000 0.125000
vt 0.625000 0.562500
vt 0.625000 0.062500
vt 0.640625 1.000000
vt 0.640625 0.000000
vt 0.593750 0.250000
vt 0.593750 0.187500
vt 0.593750 0.687500
vt 0.593750 0.625000
vt 0.593750 0.125000
vt 0.593750 0.562500
vt 0.593750 0.062500
vt 0.593750 0.500000
vt 0.609375 1.000000
vt 0.593750 0.937500
vt 0.609375 0.000000
vt 0.593750 0.437500
vt 0.593750 0.875000
vt 0.593750 0.375000
vt 0.593750 0.812500
vt 0.593750 0.312500
vt 0.593750 0.750000
vt 0.562500 0.937500
vt 0.562500 0.875000
vt 0.562500 0.437500
vt 0.562500 0.375000
vt 0.562500 0.812500
vt 0.562500 0.312500
vt 0.562500 0.750000
vt 0.562500 0.250000
vt 0.562500 0.687500
vt 0.562500 0.187500
vt 0.562500 0.625000
vt 0.562500 0.125000
vt 0.562500 0.562500
vt 0.562500 0.062500
vt 0.562500 0.500000
vt 0.578125 1.000000
vt 0.578125 0.000000
vt 0.531250 0.687500
vt 0.531250 0.625000
vt 0.531250 0.187500
vt 0.531250 0.125000
vt 0.531250 0.562500
vt 0.531250 0.062500
vt 0.531250 0.500000
vt 0.546875 1.000000
vt 0.531250 0.937500
vt 0.546875 0.000000
vt 0.531250 0.437500
vt 0.531250 0.875000
vt 0.531250 0.375000
vt 0.531250 0.812500
vt 0.531250 0.312500
vt 0.531250 0.750000
vt 0.531250 0.250000
vt 0.500000 0.437500
vt 0.500000 0.375000
vt 0.500000 0.875000
vt 0.500000 0.812500
vt 0.500000 0.312500
vt 0.500000 0.750000
vt 0.500000 0.250000
vt 0.500000 0.687500
vt 0.500000 0.187500
vt 0.500000 0.625000
vt 0.500000 0.125000
vt 0.500000 0.562500
vt 0.500000 0.062500
vt 0.500000 0.500000
vt 0.515625 1.000000
vt 0.500000 0.937500
vt 0.515625 0.000000
vt 0.468750 0.187500
vt 0.468750 0.125000
vt 0.468750 0.625000
vt 0.468750 0.562500
vt 0.468750 0.062500
vt 0.468750 0.500000
vt 0.484375 1.000000
vt 0.468750 0.937500
vt 0.484375 0.000000
vt 0.468750 0.437500
vt 0.468750 0.875000
vt 0.468750 0.375000
vt 0.468750 0.812500
vt 0.468750 0.312500
vt 0.468750 0.750000
vt 0.468750 0.250000
vt 0.468750 0.687500
vt 0.437500 0.375000
vt 0.437500 0.312500
vt 0.437500 0.812500
vt 0.437500 0.750000
vt 0.437500 0.250000
vt 0.437500 0.687500
vt 0.437500 0.187500
vt 0.437500 0.625000
vt 0.437500 0.125000
vt 0.437500 0.562500
vt 0.437500 0.062500
vt 0.437500 0.500000
vt 0.453125 1.000000
vt 0.437500 0.937500
vt 0.453125 0.000000
vt 0.437500 0.437500
vt 0.437500 0.875000
vt 0.406250 0.125000
vt 0.406250 0.062500
vt 0.406250 0.562500
vt 0.406250 0.500000
vt 0.421875 1.000000
vt 0.406250 0.937500
vt 0.421875 0.000000
vt 0.406250 0.437500
vt 0.406250 0.875000
vt 0.406250 0.375000
vt 0.406250 0.812500
vt 0.406250 0.312500
vt 0.406250 0.750000
vt 0.406250 0.250000
vt 0.406250 0.687500
vt 0.406250 0.187500
vt 0.406250 0.625000
vt 0.375000 0.812500
vt 0.375000 0.750000
vt 0.375000 0.312500
vt 0.375000 0.250000
vt 0.375000 0.687500
vt 0.375000 0.187500
vt 0.375000 0.625000
vt 0.375000 0.125000
vt 0.375000 0.562500
vt 0.375000 0.062500
vt 0.375000 0.500000
vt 0.390625 1.000000
vt 0.375000 0.937500
vt 0.390625 0.000000
vt 0.375000 0.437500
vt 0.375000 0.875000
vt 0.375000 0.375000
vt 0.343750 0.562500
vt 0.343750 0.500000
vt 0.359375 1.000000
vt 0.343750 0.937500
vt 0.359375 0.000000
vt 0.343750 0.062500
vt 0.343750 0.437500
vt 0.343750 0.875000
vt 0.343750 0.375000
vt 0.343750 0.812500
vt 0.343750 0.312500
vt 0.343750 0.750000
vt 0.343750 0.250000
vt 0.343750 0.687500
vt 0.343750 0.187500
vt 0.343750 0.625000
vt 0.343750 0.125000
vt 0.312500 0.312500
vt 0.312500 0.250000
vt 0.312500 0.750000
vt 0.312500 0.687500
vt 0.312500 0.187500
vt 0.312500 0.625000
vt 0.312500 0.125000
vt 0.312500 0.562500
vt 0.312500 0.062500
vt 0.312500 0.500000
vt 0.328125 1.000000
vt 0.312500 0.937500
vt 0.328125 0.000000
vt 0.312500 0.437500
vt 0.312500 0.875000
vt 0.312500 0.375000
vt 0.312500 0.812500
vt 0.296875 1.000000
vt 0.281250 0.937500
vt 0.296875 0.000000
vt 0.281250 0.062500
vt 0.281250 0.500000
vt 0.281250 0.437500
vt 0.281250 0.875000
vt 0.281250 0.375000
vt 0.281250 0.812500
vt 0.281250 0.312500
vt 0.281250 0.750000
vt 0.281250 0.250000
vt 0.281250 0.687500
vt 0.281250 0.187500
vt 0.281250 0.625000
vt 0.281250 0.125000
vt 0.281250 0.562500
vt 0.250000 0.750000
vt 0.250000 0.687500
vt 0.250000 0.250000
vt 0.250000 0.187500
vt 0.250000 0.625000
vt 0.250000 0.125000
vt 0.250000 0.562500
vt 0.250000 0.062500
vt 0.250000 0.500000
vt 0.265625 1.000000
vt 0.250000 0.937500
vt 0.265625 0.000000
vt 0.250000 0.437500
vt 0.250000 0.875000
vt 0.250000 0.375000
vt 0.250000 0.812500
vt 0.250000 0.312500
vt 0.218750 0.500000
vt 0.218750 0.437500
vt 0.218750 0.937500
vt 0.218750 0.875000
vt 0.218750 0.375000
vt 0.218750 0.812500
vt 0.218750 0.312500
vt 0.218750 0.750000
vt 0.218750 0.250000
vt 0.218750 0.687500
vt 0.218750 0.187500
vt 0.218750 0.625000
vt 0.218750 0.125000
vt 0.218750 0.562500
vt 0.218750 0.062500
vt 0.234375 1.000000
vt 0.234375 0.000000
vt 0.187500 0.250000
vt 0.187500 0.187500
vt 0.187500 0.687500
vt 0.187500 0.625000
vt 0.187500 0.125000
vt 0.187500 0.562500
vt 0.187500 0.062500
vt 0.187500 0.500000
vt 0.203125 1.000000
vt 0.187500 0.937500
vt 0.203125 0.000000
vt 0.187500 0.437500
vt 0.187500 0.875000
vt 0.187500 0.375000
vt 0.187500 0.812500
vt 0.187500 0.312500
vt 0.187500 0.750000
vt 0.156250 0.437500
vt 0.156250 0.375000
vt 0.156250 0.875000
vt 0.156250 0.812500
vt 0.156250 0.312500
vt 0.156250 0.750000
vt 0.156250 0.250000
vt 0.156250 0.687500
vt 0.156250 0.187500
vt 0.156250 0.625000
vt 0.156250 0.125000
vt 0.156250 0.562500
vt 0.156250 0.062500
vt 0.156250 0.500000
vt 0.171875 1.000000
vt 0.156250 0.937500
vt 0.171875 0.000000
vt 0.125000 0.187500
vt 0.125000 0.125000
vt 0.125000 0.625000
vt 0.125000 0.562500
vt 0.125000 0.062500
vt 0.125000 0.500000
vt 0.140625 1.000000
vt 0.125000 0.937500
vt 0.140625 0.000000
vt 0.125000 0.437500
vt 0.125000 0.875000
vt 0.125000 0.375000
vt 0.125000 0.812500
vt 0.125000 0.312500
vt 0.125000 0.750000
vt 0.125000 0.250000
vt 0.125000 0.687500
vt 0.093750 0.875000
vt 0.093750 0.812500
vt 0.093750 0.375000
vt 0.093750 0.312500
vt 0.093750 0.750000
vt 0.093750 0.250000
vt 0.093750 0.687500
vt 0.093750 0.187500
vt 0.093750 0.625000
vt 0.093750 0.125000
vt 0.093750 0.562500
vt 0.093750 0.062500
vt 0.093750 0.500000
vt 0.109375 1.000000
vt 0.093750 0.937500
vt 0.109375 0.000000
vt 0.093750 0.437500
vt 0.062500 0.625000
vt 0.062500 0.562500
vt 0.062500 0.125000
vt 0.062500 0.062500
vt 0.062500 0.500000
vt 0.078125 1.000000
vt 0.062500 0.937500
vt 0.078125 0.000000
vt 0.062500 0.437500
vt 0.062500 0.875000
vt 0.062500 0.375000
vt 0.062500 0.812500
vt 0.062500 0.312500
vt 0.062500 0.750000
vt 0.062500 0.250000
vt 0.062500 0.687500
vt 0.062500 0.187500
vt 0.031250 0.375000
vt 0.031250 0.312500
vt 0.031250 0.812500
vt 0.031250 0.750000
vt 0.031250 0.250000
vt 0.031250 0.687500
vt 0.031250 0.187500
vt 0.031250 0.625000
vt 0.031250 0.125000
vt 0.031250 0.562500
vt 0.031250 0.062500
vt 0.031250 0.500000
vt 0.046875 1.000000
vt 0.031250 0.937500
vt 0.046875 0.000000
vt 0.031250 0.437500
vt 0.031250 0.875000
vt 0.000000 0.125000
vt 0.000000 0.062500
vt 0.000000 0.562500
vt 0.000000 0.500000
vt 0.015625 1.000000
vt 0.000000 0.937500
vt 0.015625 0.000000
vt 0.000000 0.437500
vt 0.000000 0.875000
vt 0.000000 0.375000
vt 0.000000 0.812500
vt 0.000000 0.312500
vt 0.000000 0.750000
vt 0.000000 0.250000
vt 0.000000 0.687500
vt 0.000000 0.187500
vt 0.000000 0.625000
vt 1.000000 0.750000
vt 1.000000 0.812500
vt 0.968750 0.812500
vt 0.968750 0.750000
vt 1.000000 0.250000
vt 1.000000 0.312500
vt 0.968750 0.312500
vt 0.968750 0.250000
vt 1.000000 0.687500
vt 0.968750 0.687500
vt 1.000000 0.187500
vt 0.968750 0.187500
vt 1.000000 0.625000
vt 0.968750 0.625000
vt 1.000000 0.125000
vt 0.968750 0.125000
vt 1.000000 0.562500
vt 0.968750 0.562500
vt 1.000000 0.062500
vt 0.968750 0.062500
vt 1.000000 0.500000
vt 0.968750 0.500000
vt 1.000000 0.937500
vt 0.984375 1.000000
vt 0.968750 0.937500
vt 0.984375 0.000000
vt 1.000000 0.437500
vt 0.968750 0.437500
vt 1.000000 0.875000
vt 0.968750 0.875000
vt 1.000000 0.375000
vt 0.968750 0.375000
vt 0.937500 0.562500
vt 0.937500 0.500000
vt 0.953125 1.000000
vt 0.937500 0.937500
vt 0.953125 0.000000
vt 0.937500 0.062500
vt 0.937500 0.437500
vt 0.937500 0.875000
vt 0.937500 0.375000
vt 0.937500 0.812500
vt 0.937500 0.312500
vt 0.937500 0.750000
vt 0.937500 0.250000
vt 0.937500 0.687500
vt 0.937500 0.187500
vt 0.937500 0.625000
vt 0.937500 0.125000
vt 0.906250 0.312500
vt 0.906250 0.250000
vt 0.906250 0.750000
vt 0.906250 0.687500
vt 0.906250 0.187500
vt 0.906250 0.625000
vt 0.906250 0.125000
vt 0.906250 0.562500
vt 0.906250 0.062500
vt 0.906250 0.500000
vt 0.921875 1.000000
vt 0.906250 0.937500
vt 0.921875 0.000000
vt 0.906250 0.437500
vt 0.906250 0.875000
vt 0.906250 0.375000
vt 0.906250 0.812500
vt 0.890625 0.000000
vt 0.875000 0.062500
vt 0.875000 0.500000
vt 0.875000 0.437500
vt 0.875000 0.937500
vt 0.875000 0.875000
vt 0.875000 0.375000
vt 0.875000 0.812500
vt 0.875000 0.312500
vt 0.875000 0.750000
vt 0.875000 0.250000
vt 0.875000 0.687500
vt 0.875000 0.187500
vt 0.875000 0.625000
vt 0.875000 0.125000
vt 0.875000 0.562500
vt 0.890625 1.000000
vt 0.843750 0.250000
vt 0.843750 0.187500
vt 0.843750 0.687500
vt 0.843750 0.625000
vt 0.843750 0.125000
vt 0.843750 0.562500
vt 0.843750 0.062500
vt 0.843750 0.500000
vt 0.859375 1.000000
vt 0.843750 0.937500
vt 0.859375 0.000000
vt 0.843750 0.437500
vt 0.843750 0.875000
vt 0.843750 0.375000
vt 0.843750 0.812500
vt 0.843750 0.312500
vt 0.843750 0.750000
vt 0.812500 0.937500
vt 0.812500 0.875000
vt 0.812500 0.437500
vt 0.812500 0.375000
vt 0.812500 0.812500
vt 0.812500 0.312500
vt 0.812500 0.750000
vt 0.812500 0.250000
vt 0.812500 0.687500
vt 0.812500 0.187500
vt 0.812500 0.625000
vt 0.812500 0.125000
vt 0.812500 0.562500
vt 0.812500 0.062500
vt 0.812500 0.500000
vt 0.828125 1.000000
vt 0.828125 0.000000
vt 0.781250 0.687500
vt 0.781250 0.625000
vt 0.781250 0.187500
vt 0.781250 0.125000
vt 0.781250 0.562500
vt 0.781250 0.062500
vt 0.781250 0.500000
vt 0.796875 1.000000
vt 0.781250 0.937500
vt 0.796875 0.000000
vt 0.781250 0.437500
vt 0.781250 0.875000
vt 0.781250 0.375000
vt 0.781250 0.812500
vt 0.781250 0.312500
vt 0.781250 0.750000
vt 0.781250 0.250000
vt 0.765625 1.000000
vt 0.765625 0.000000
vn -0.0042 0.0114 -0.9999
vn -0.0043 0.0191 -0.9998
vn 0.1690 0.0283 -0.9852
vn 0.1698 0.0207 -0.9853
vn 0.0045 -0.7499 -0.6615
vn 0.0025 -0.6053 -0.7960
vn 0.1940 -0.5951 -0.7798
vn 0.1849 -0.7403 -0.6464
vn -0.0040 -0.0103 -0.9999
vn 0.1718 -0.0009 -0.9851
vn 0.0063 -0.8640 -0.5034
vn 0.1688 -0.8553 -0.4898
vn -0.0036 -0.0486 -0.9988
vn 0.1753 -0.0391 -0.9837
vn 0.0078 -0.9453 -0.3261
vn 0.1463 -0.9379 -0.3144
vn -0.0031 -0.1072 -0.9942
vn 0.1802 -0.0975 -0.9788
vn 0.0090 -0.9906 -0.1361
vn 0.1182 -0.9848 -0.1270
vn -0.0022 -0.1907 -0.9816
vn 0.1860 -0.1807 -0.9658
vn 0.0099 -0.9982 0.0591
vn 0.0855 -0.9942 0.0655
vn -0.0010 -0.3035 -0.9528
vn 0.1919 -0.2933 -0.9366
vn 0.0103 -0.9676 0.2524
vn 0.0496 -0.9655 0.2557
vn 0.0006 -0.4465 -0.8948
vn 0.1957 -0.4361 -0.8784
vn -0.0104 0.8971 -0.4417
vn 0.0104 -0.8971 0.4417
vn 0.3356 0.0523 -0.9405
vn 0.0873 -0.9601 0.2658
vn 0.3832 -0.4091 -0.8281
vn 0.3781 -0.5687 -0.7305
vn 0.3371 0.0447 -0.9404
vn 0.3583 -0.7154 -0.5998
vn 0.3410 0.0233 -0.9398
vn 0.3251 -0.8329 -0.4479
vn 0.3474 -0.0144 -0.9376
vn 0.2795 -0.9188 -0.2787
vn 0.3563 -0.0722 -0.9315
vn 0.2232 -0.9698 -0.0988
vn 0.3670 -0.1547 -0.9172
vn 0.1583 -0.9837 0.0850
vn 0.3774 -0.2666 -0.8868
vn 0.5060 0.0246 -0.8621
vn 0.5187 -0.0323 -0.8543
vn 0.4022 -0.8886 -0.2203
vn 0.3199 -0.9460 -0.0528
vn 0.5337 -0.1137 -0.8379
vn 0.2253 -0.9672 0.1169
vn 0.5483 -0.2246 -0.8056
vn 0.1220 -0.9515 0.2823
vn 0.5560 -0.3666 -0.7459
vn 0.4892 0.0900 -0.8675
vn 0.5477 -0.5270 -0.6498
vn 0.4912 0.0826 -0.8671
vn 0.5181 -0.6761 -0.5238
vn 0.4968 0.0617 -0.8657
vn 0.4691 -0.7975 -0.3793
vn 0.7075 -0.3103 -0.6349
vn 0.6964 -0.4716 -0.5409
vn 0.6238 0.1401 -0.7689
vn 0.6263 0.1329 -0.7681
vn 0.6582 -0.6239 -0.4212
vn 0.6333 0.1125 -0.7656
vn 0.5953 -0.7505 -0.2869
vn 0.6450 0.0763 -0.7604
vn 0.5098 -0.8486 -0.1415
vn 0.6610 0.0207 -0.7501
vn 0.4047 -0.9144 0.0093
vn 0.6799 -0.0593 -0.7309
vn 0.2840 -0.9453 0.1599
vn 0.6980 -0.1688 -0.6958
vn 0.1524 -0.9402 0.3046
vn 0.5980 -0.8002 -0.0454
vn 0.4743 -0.8762 0.0851
vn 0.7777 0.0847 -0.6229
vn 0.7998 0.0064 -0.6002
vn 0.3323 -0.9189 0.2125
vn 0.8209 -0.1014 -0.5619
vn 0.1774 -0.9265 0.3318
vn 0.8318 -0.2421 -0.4995
vn 0.7342 0.2007 -0.6485
vn 0.8184 -0.4047 -0.4080
vn 0.7372 0.1937 -0.6473
vn 0.7731 -0.5609 -0.2960
vn 0.7454 0.1740 -0.6435
vn 0.6989 -0.6937 -0.1740
vn 0.7590 0.1389 -0.6361
vn 0.8162 0.2693 -0.5111
vn 0.8195 0.2626 -0.5093
vn 0.9089 -0.3289 -0.2561
vn 0.8585 -0.4895 -0.1529
vn 0.8286 0.2436 -0.5040
vn 0.7758 -0.6293 -0.0451
vn 0.8437 0.2098 -0.4941
vn 0.6636 -0.7453 0.0645
vn 0.8644 0.1572 -0.4776
vn 0.5259 -0.8330 0.1717
vn 0.8889 0.0809 -0.4509
vn 0.3681 -0.8889 0.2725
vn 0.9122 -0.0250 -0.4089
vn 0.1959 -0.9109 0.3629
vn 0.9241 -0.1649 -0.3448
vn 0.9178 0.2356 -0.3197
vn 0.9437 0.1614 -0.2887
vn 0.5577 -0.7863 0.2658
vn 0.3901 -0.8566 0.3377
vn 0.9684 0.0574 -0.2427
vn 0.2073 -0.8942 0.3967
vn 0.9809 -0.0814 -0.1767
vn 0.8667 0.3434 -0.3618
vn 0.9647 -0.2470 -0.0912
vn 0.8702 0.3370 -0.3594
vn 0.9110 -0.4123 0.0025
vn 0.8798 0.3188 -0.3525
vn 0.8231 -0.5598 0.0949
vn 0.8958 0.2863 -0.3399
vn 0.7039 -0.6861 0.1838
vn 0.9834 -0.1623 0.0805
vn 0.9287 -0.3324 0.1643
vn 0.8872 0.4141 -0.2033
vn 0.8970 0.3967 -0.1947
vn 0.8391 -0.4878 0.2407
vn 0.9133 0.3655 -0.1794
vn 0.7175 -0.6247 0.3081
vn 0.9357 0.3167 -0.1553
vn 0.5684 -0.7380 0.3637
vn 0.9621 0.2448 -0.1199
vn 0.3975 -0.8231 0.4055
vn 0.9873 0.1428 -0.0697
vn 0.2112 -0.8768 0.4319
vn 1.0000 0.0049 -0.0018
vn 0.8837 0.4202 -0.2063
vn 0.5576 -0.6898 0.4617
vn 0.3900 -0.7898 0.4734
vn 0.9435 0.3277 0.0490
vn 0.9682 0.2279 0.1034
vn 0.2073 -0.8596 0.4671
vn 0.9807 0.0909 0.1733
vn 0.8665 0.4966 -0.0507
vn 0.9645 -0.0779 0.2524
vn 0.8700 0.4908 -0.0471
vn 0.9108 -0.2529 0.3262
vn 0.8796 0.4742 -0.0369
vn 0.8230 -0.4162 0.3866
vn 0.8956 0.4444 -0.0187
vn 0.7037 -0.5637 0.4324
vn 0.9175 0.3975 0.0091
vn 0.8581 -0.1768 0.4820
vn 0.7754 -0.3476 0.5271
vn 0.8282 0.5484 0.1151
vn 0.8433 0.5199 0.1359
vn 0.6633 -0.5052 0.5521
vn 0.8640 0.4748 0.1674
vn 0.5257 -0.6438 0.5561
vn 0.8885 0.4072 0.2116
vn 0.3679 -0.7578 0.5388
vn 0.9118 0.3093 0.2701
vn 0.1959 -0.8430 0.5009
vn 0.9236 0.1732 0.3418
vn 0.8158 0.5697 0.0990
vn 0.9085 0.0029 0.4178
vn 0.8191 0.5642 0.1032
vn 0.3320 -0.7285 0.5991
vn 0.1773 -0.8278 0.5322
vn 0.8203 0.3839 0.4238
vn 0.8311 0.2487 0.4973
vn 0.7336 0.6368 0.2371
vn 0.8177 0.0770 0.5704
vn 0.7366 0.6316 0.2419
vn 0.7725 -0.1070 0.6258
vn 0.7448 0.6165 0.2552
vn 0.6984 -0.2847 0.6567
vn 0.7584 0.5892 0.2785
vn 0.5976 -0.4516 0.6625
vn 0.7771 0.5457 0.3135
vn 0.4739 -0.6015 0.6431
vn 0.7992 0.4800 0.3617
vn 0.6326 0.6758 0.3783
vn 0.6442 0.6495 0.4038
vn 0.5947 -0.2299 0.7704
vn 0.5092 -0.4049 0.7594
vn 0.6602 0.6075 0.4417
vn 0.4042 -0.5647 0.7195
vn 0.6791 0.5434 0.4934
vn 0.2837 -0.7030 0.6521
vn 0.6973 0.4489 0.5588
vn 0.1523 -0.8146 0.5596
vn 0.7067 0.3144 0.6338
vn 0.6231 0.6952 0.3584
vn 0.6956 0.1415 0.7043
vn 0.6256 0.6902 0.3636
vn 0.6575 -0.0462 0.7520
vn 0.5473 0.5018 0.6698
vn 0.5551 0.3679 0.7460
vn 0.4884 0.7427 0.4581
vn 0.1218 -0.8039 0.5821
vn 0.5468 0.1940 0.8144
vn 0.4904 0.7379 0.4637
vn 0.5173 0.0032 0.8558
vn 0.4959 0.7240 0.4794
vn 0.4683 -0.1853 0.8639
vn 0.5051 0.6986 0.5067
vn 0.4015 -0.3670 0.8391
vn 0.5178 0.6577 0.5470
vn 0.3194 -0.5347 0.7823
vn 0.5329 0.5950 0.6016
vn 0.2249 -0.6823 0.6956
vn 0.3242 -0.1527 0.9336
vn 0.2787 -0.3392 0.8985
vn 0.3464 0.7345 0.5834
vn 0.3554 0.6945 0.6256
vn 0.2226 -0.5128 0.8291
vn 0.3660 0.6328 0.6823
vn 0.1578 -0.6671 0.7280
vn 0.3763 0.5405 0.7524
vn 0.0870 -0.7960 0.5990
vn 0.3822 0.4071 0.8296
vn 0.3347 0.7775 0.5324
vn 0.3771 0.2324 0.8965
vn 0.3361 0.7728 0.5383
vn 0.3573 0.0394 0.9331
vn 0.3400 0.7593 0.5548
vn 0.1680 0.7982 0.5784
vn 0.0493 -0.7913 0.6094
vn 0.1946 0.4304 0.8814
vn 0.1929 0.2553 0.9474
vn 0.1688 0.7936 0.5845
vn 0.1838 0.0610 0.9810
vn 0.1708 0.7803 0.6016
vn 0.1679 -0.1332 0.9767
vn 0.1743 0.7559 0.6310
vn 0.1455 -0.3226 0.9353
vn 0.1791 0.7164 0.6743
vn 0.1176 -0.4998 0.8581
vn 0.1849 0.6554 0.7323
vn 0.0851 -0.6581 0.7481
vn 0.1908 0.5636 0.8037
vn -0.0047 0.7620 0.6475
vn -0.0041 0.7226 0.6912
vn 0.0070 -0.3179 0.9481
vn 0.0083 -0.4961 0.8682
vn -0.0033 0.6617 0.7497
vn 0.0094 -0.6555 0.7551
vn -0.0021 0.5701 0.8215
vn 0.0101 -0.7900 0.6130
vn -0.0005 0.4370 0.8994
vn -0.0053 0.8041 0.5944
vn 0.0014 0.2618 0.9651
vn -0.0052 0.7995 0.6006
vn 0.0034 0.0671 0.9977
vn -0.0050 0.7863 0.6178
vn 0.0053 -0.1278 0.9918
vn -0.1956 0.4266 0.8830
vn -0.1900 0.2516 0.9490
vn -0.1786 0.7949 0.5798
vn -0.1792 0.7903 0.5859
vn -0.1769 0.0575 0.9825
vn -0.1809 0.7769 0.6030
vn -0.1572 -0.1364 0.9781
vn -0.1837 0.7525 0.6324
vn -0.1315 -0.3253 0.9364
vn -0.1874 0.7129 0.6758
vn -0.1008 -0.5019 0.8590
vn -0.1915 0.6517 0.7338
vn -0.0662 -0.6595 0.7487
vn -0.1950 0.5599 0.8053
vn -0.0291 -0.7921 0.6097
vn -0.2647 -0.3444 0.9007
vn -0.2058 -0.5170 0.8309
vn -0.3635 0.6876 0.6285
vn -0.3725 0.6257 0.6853
vn -0.1390 -0.6700 0.7292
vn -0.3805 0.5332 0.7555
vn -0.0667 -0.7975 0.5996
vn -0.3831 0.3997 0.8327
vn -0.3453 0.7710 0.5351
vn -0.3741 0.2252 0.8996
vn -0.3465 0.7662 0.5411
vn -0.3504 0.0326 0.9360
vn -0.3500 0.7526 0.5577
vn -0.3135 -0.1588 0.9362
vn -0.3558 0.7278 0.5863
vn -0.5437 0.1835 0.8189
vn -0.5102 -0.0067 0.8600
vn -0.5007 0.7283 0.4678
vn -0.5058 0.7143 0.4835
vn -0.4575 -0.1943 0.8677
vn -0.5143 0.6888 0.5109
vn -0.3875 -0.3746 0.8423
vn -0.5259 0.6476 0.5513
vn -0.3026 -0.5408 0.7848
vn -0.5392 0.5847 0.6060
vn -0.2060 -0.6865 0.6973
vn -0.5514 0.4912 0.6743
vn -0.1015 -0.8060 0.5831
vn -0.5559 0.3572 0.7505
vn -0.4988 0.7332 0.4621
vn -0.3873 -0.5723 0.7227
vn -0.2647 -0.7083 0.6543
vn -0.6854 0.5303 0.4990
vn -0.7012 0.4354 0.5646
vn -0.1319 -0.8174 0.5608
vn -0.7074 0.3008 0.6396
vn -0.6334 0.6831 0.3635
vn -0.6924 0.1281 0.7100
vn -0.6358 0.6780 0.3688
vn -0.6503 -0.0588 0.7574
vn -0.6424 0.6635 0.3835
vn -0.5838 -0.2412 0.7752
vn -0.6533 0.6370 0.4091
vn -0.4950 -0.4146 0.7635
vn -0.6681 0.5947 0.4471
vn -0.7466 0.6172 0.2480
vn -0.7544 0.6020 0.2614
vn -0.7652 -0.1218 0.6322
vn -0.6873 -0.2980 0.6624
vn -0.7673 0.5745 0.2848
vn -0.5833 -0.4630 0.6674
vn -0.7849 0.5307 0.3199
vn -0.4569 -0.6105 0.6469
vn -0.8053 0.4646 0.3683
vn -0.3130 -0.7348 0.6018
vn -0.8240 0.3681 0.4306
vn -0.1569 -0.8310 0.5336
vn -0.8317 0.2326 0.5042
vn -0.7438 0.6225 0.2432
vn -0.8143 0.0613 0.5771
vn -0.8944 0.3900 0.2190
vn -0.9153 0.2917 0.2776
vn -0.3488 -0.7647 0.5418
vn -0.1755 -0.8466 0.5025
vn -0.9240 0.1554 0.3494
vn -0.8258 0.5539 0.1057
vn -0.9049 -0.0146 0.4252
vn -0.8290 0.5483 0.1100
vn -0.8505 -0.1933 0.4891
vn -0.8376 0.5324 0.1219
vn -0.7642 -0.3624 0.5334
vn -0.8520 0.5036 0.1429
vn -0.6488 -0.5179 0.5575
vn -0.8716 0.4581 0.1746
vn -0.5086 -0.6537 0.5603
vn -0.9030 -0.2704 0.3337
vn -0.8116 -0.4319 0.3934
vn -0.8889 0.4572 -0.0296
vn -0.9041 0.4271 -0.0113
vn -0.6892 -0.5771 0.4381
vn -0.9249 0.3797 0.0167
vn -0.5404 -0.7004 0.4662
vn -0.9492 0.3095 0.0568
vn -0.3708 -0.7971 0.4766
vn -0.9715 0.2092 0.1114
vn -0.1869 -0.8634 0.4687
vn -0.9808 0.0720 0.1814
vn -0.8763 0.4798 -0.0436
vn -0.9607 -0.0964 0.2603
vn -0.8796 0.4739 -0.0399
vn -0.3782 -0.8306 0.4087
vn -0.1907 -0.8807 0.4335
vn -0.9904 0.1238 -0.0616
vn -0.9998 -0.0143 0.0064
vn -0.8932 0.4030 -0.1990
vn -0.9794 -0.1812 0.0886
vn -0.8967 0.3969 -0.1960
vn -0.9207 -0.3503 0.1719
vn -0.9061 0.3793 -0.1873
vn -0.8275 -0.5039 0.2476
vn -0.9217 0.3478 -0.1718
vn -0.7027 -0.6384 0.3139
vn -0.9429 0.2986 -0.1476
vn -0.5510 -0.7487 0.3683
vn -0.9676 0.2262 -0.1120
vn -0.8887 0.3018 -0.3452
vn -0.9039 0.2689 -0.3325
vn -0.8114 -0.5755 0.1017
vn -0.6890 -0.6995 0.1896
vn -0.9247 0.2178 -0.3121
vn -0.5402 -0.7969 0.2703
vn -0.9490 0.1432 -0.2809
vn -0.3707 -0.8639 0.3408
vn -0.9713 0.0387 -0.2347
vn -0.1868 -0.8980 0.3983
vn -0.9805 -0.1003 -0.1686
vn -0.8761 0.3266 -0.3546
vn -0.9605 -0.2656 -0.0833
vn -0.8795 0.3202 -0.3522
vn -0.9029 -0.4298 0.0099
vn -0.9149 -0.0426 -0.4014
vn -0.9235 -0.1827 -0.3372
vn -0.8254 0.2535 -0.5043
vn -0.1754 -0.9145 0.3645
vn -0.9045 -0.3464 -0.2487
vn -0.8286 0.2467 -0.5025
vn -0.8501 -0.5059 -0.1459
vn -0.8372 0.2275 -0.4972
vn -0.7639 -0.6442 -0.0388
vn -0.8516 0.1934 -0.4871
vn -0.6485 -0.7580 0.0699
vn -0.8712 0.1405 -0.4704
vn -0.5083 -0.8430 0.1760
vn -0.8939 0.0638 -0.4436
vn -0.3486 -0.8959 0.2754
vn -0.6868 -0.7071 -0.1683
vn -0.5828 -0.8115 -0.0405
vn -0.7667 0.1241 -0.6298
vn -0.7843 0.0696 -0.6165
vn -0.4566 -0.8852 0.0889
vn -0.8047 -0.0090 -0.5936
vn -0.3127 -0.9251 0.2151
vn -0.8234 -0.1173 -0.5551
vn -0.1568 -0.9297 0.3332
vn -0.8310 -0.2582 -0.4927
vn -0.7432 0.1864 -0.6425
vn -0.8137 -0.4205 -0.4013
vn -0.7461 0.1794 -0.6412
vn -0.7646 -0.5757 -0.2897
vn -0.7539 0.1595 -0.6373
vn -0.1317 -0.9429 0.3058
vn -0.7066 -0.3239 -0.6291
vn -0.6916 -0.4850 -0.5352
vn -0.6327 0.1280 -0.7637
vn -0.6351 0.1208 -0.7629
vn -0.6495 -0.6365 -0.4158
vn -0.6417 0.1002 -0.7604
vn -0.5831 -0.7618 -0.2821
vn -0.6525 0.0638 -0.7550
vn -0.4945 -0.8582 -0.1374
vn -0.6674 0.0078 -0.7447
vn -0.3869 -0.9220 0.0125
vn -0.6846 -0.0725 -0.7253
vn -0.2644 -0.9507 0.1622
vn -0.7004 -0.1823 -0.6901
vn -0.3868 -0.8962 -0.2171
vn -0.3020 -0.9520 -0.0502
vn -0.5250 -0.0424 -0.8500
vn -0.5383 -0.1241 -0.8335
vn -0.2056 -0.9714 0.1187
vn -0.5504 -0.2352 -0.8010
vn -0.1013 -0.9537 0.2832
vn -0.5550 -0.3774 -0.7413
vn -0.4980 0.0805 -0.8634
vn -0.5428 -0.5375 -0.6453
vn -0.4998 0.0731 -0.8630
vn -0.5093 -0.6860 -0.5196
vn -0.5050 0.0520 -0.8615
vn -0.4568 -0.8064 -0.3755
vn -0.5134 0.0147 -0.8580
vn -0.3443 0.0457 -0.9377
vn -0.3456 0.0381 -0.9376
vn -0.3731 -0.5759 -0.7274
vn -0.3494 -0.7222 -0.5969
vn -0.3490 0.0167 -0.9369
vn -0.3127 -0.8390 -0.4452
vn -0.3548 -0.0211 -0.9347
vn -0.2640 -0.9240 -0.2765
vn -0.3625 -0.0791 -0.9286
vn -0.2052 -0.9739 -0.0970
vn -0.3715 -0.1619 -0.9142
vn -0.1386 -0.9866 0.0862
vn -0.3794 -0.2739 -0.8837
vn -0.0665 -0.9615 0.2664
vn -0.3821 -0.4165 -0.8249
vn -0.1863 -0.1010 -0.9773
vn -0.1904 -0.1844 -0.9642
vn -0.1002 -0.9869 -0.1260
vn -0.0658 -0.9956 0.0661
vn -0.1939 -0.2970 -0.9350
vn -0.0288 -0.9662 0.2560
vn -0.1944 -0.4398 -0.8767
vn -0.1776 0.0250 -0.9838
vn -0.1889 -0.5988 -0.7783
vn -0.1782 0.0173 -0.9838
vn -0.1759 -0.7438 -0.6449
vn -0.1799 -0.0043 -0.9837
vn -0.1563 -0.8585 -0.4884
vn -0.1826 -0.0425 -0.9822
vn -0.1307 -0.9406 -0.3133
usemtl Blue
s 1
f 6401/6610/5425 6400/6611/5426 6410/6612/5427 6411/6613/5428
f 6878/6614/5429 6877/6615/5430 6418/6616/5431 6419/6617/5432
f 6402/6618/5433 6401/6610/5425 6411/6613/5428 6412/6619/5434
f 6407/6620/5435 6878/6614/5429 6419/6617/5432 6420/6621/5436
f 6403/6622/5437 6402/6618/5433 6412/6619/5434 6413/6623/5438
f 6408/6624/5439 6407/6620/5435 6420/6621/5436 6421/6625/5440
f 6404/6626/5441 6403/6622/5437 6413/6623/5438 6414/6627/5442
f 6409/6628/5443 6408/6624/5439 6421/6625/5440 6422/6629/5444
f 6405/6630/5445 6404/6626/5441 6414/6627/5442 6415/6631/5446
f 6879/6632/5447 6409/6628/5443 6422/6629/5444 6423/6633/5448
f 6406/6634/5449 6405/6630/5445 6415/6631/5446 6416/6635/5450
f 6880/6636/5451 6879/6632/5447 6423/6633/5448 6424/6637/5452
f 6876/6638/5453 6406/6634/5449 6416/6635/5450 6417/6639/5454
f 6400/6611/5426 6725/6640/5455 6410/6612/5427
f 6881/6641/5456 6880/6636/5451 6424/6637/5452
f 6877/6615/5430 6876/6638/5453 6417/6639/5454 6418/6616/5431
f 6410/6612/5427 6725/6642/5455 6425/6643/5457
f 6881/6644/5456 6424/6637/5452 6439/6645/5458
f 6418/6616/5431 6417/6639/5454 6432/6646/5459 6433/6647/5460
f 6411/6613/5428 6410/6612/5427 6425/6643/5457 6426/6648/5461
f 6419/6617/5432 6418/6616/5431 6433/6647/5460 6434/6649/5462
f 6412/6619/5434 6411/6613/5428 6426/6648/5461 6427/6650/5463
f 6420/6621/5436 6419/6617/5432 6434/6649/5462 6435/6651/5464
f 6413/6623/5438 6412/6619/5434 6427/6650/5463 6428/6652/5465
f 6421/6625/5440 6420/6621/5436 6435/6651/5464 6436/6653/5466
f 6414/6627/5442 6413/6623/5438 6428/6652/5465 6429/6654/5467
f 6422/6629/5444 6421/6625/5440 6436/6653/5466 6437/6655/5468
f 6415/6631/5446 6414/6627/5442 6429/6654/5467 6430/6656/5469
f 6423/6633/5448 6422/6629/5444 6437/6655/5468 6438/6657/5470
f 6416/6635/5450 6415/6631/5446 6430/6656/5469 6431/6658/5471
f 6424/6637/5452 6423/6633/5448 6438/6657/5470 6439/6645/5458
f 6417/6639/5454 6416/6635/5450 6431/6658/5471 6432/6646/5459
f 6429/6654/5467 6428/6652/5465 6443/6659/5472 6444/6660/5473
f 6437/6655/5468 6436/6653/5466 6451/6661/5474 6452/6662/5475
f 6430/6656/5469 6429/6654/5467 6444/6660/5473 6445/6663/5476
f 6438/6657/5470 6437/6655/5468 6452/6662/5475 6453/6664/5477
f 6431/6658/5471 6430/6656/5469 6445/6663/5476 6446/6665/5478
f 6439/6645/5458 6438/6657/5470 6453/6664/5477 6454/6666/5479
f 6432/6646/5459 6431/6658/5471 6446/6665/5478 6447/6667/5480
f 6425/6643/5457 6725/6668/5455 6440/6669/5481
f 6881/6670/5456 6439/6645/5458 6454/6666/5479
f 6433/6647/5460 6432/6646/5459 6447/6667/5480 6448/6671/5482
f 6426/6648/5461 6425/6643/5457 6440/6669/5481 6441/6672/5483
f 6434/6649/5462 6433/6647/5460 6448/6671/5482 6449/6673/5484
f 6427/6650/5463 6426/6648/5461 6441/6672/5483 6442/6674/5485
f 6435/6651/5464 6434/6649/5462 6449/6673/5484 6450/6675/5486
f 6428/6652/5465 6427/6650/5463 6442/6674/5485 6443/6659/5472
f 6436/6653/5466 6435/6651/5464 6450/6675/5486 6451/6661/5474
f 6448/6671/5482 6447/6667/5480 6462/6676/5487 6463/6677/5488
f 6441/6672/5483 6440/6669/5481 6455/6678/5489 6456/6679/5490
f 6449/6673/5484 6448/6671/5482 6463/6677/5488 6464/6680/5491
f 6442/6674/5485 6441/6672/5483 6456/6679/5490 6457/6681/5492
f 6450/6675/5486 6449/6673/5484 6464/6680/5491 6465/6682/5493
f 6443/6659/5472 6442/6674/5485 6457/6681/5492 6458/6683/5494
f 6451/6661/5474 6450/6675/5486 6465/6682/5493 6466/6684/5495
f 6444/6660/5473 6443/6659/5472 6458/6683/5494 6459/6685/5496
f 6452/6662/5475 6451/6661/5474 6466/6684/5495 6467/6686/5497
f 6445/6663/5476 6444/6660/5473 6459/6685/5496 6460/6687/5498
f 6453/6664/5477 6452/6662/5475 6467/6686/5497 6468/6688/5499
f 6446/6665/5478 6445/6663/5476 6460/6687/5498 6461/6689/5500
f 6454/6666/5479 6453/6664/5477 6468/6688/5499 6469/6690/5501
f 6447/6667/5480 6446/6665/5478 6461/6689/5500 6462/6676/5487
f 6440/6669/5481 6725/6691/5455 6455/6678/5489
f 6881/6692/5456 6454/6666/5479 6469/6690/5501
f 6467/6686/5497 6466/6684/5495 6481/6693/5502 6482/6694/5503
f 6460/6687/5498 6459/6685/5496 6474/6695/5504 6475/6696/5505
f 6468/6688/5499 6467/6686/5497 6482/6694/5503 6483/6697/5506
f 6461/6689/5500 6460/6687/5498 6475/6696/5505 6476/6698/5507
f 6469/6690/5501 6468/6688/5499 6483/6697/5506 6484/6699/5508
f 6462/6676/5487 6461/6689/5500 6476/6698/5507 6477/6700/5509
f 6455/6678/5489 6725/6701/5455 6470/6702/5510
f 6881/6703/5456 6469/6690/5501 6484/6699/5508
f 6463/6677/5488 6462/6676/5487 6477/6700/5509 6478/6704/5511
f 6456/6679/5490 6455/6678/5489 6470/6702/5510 6471/6705/5512
f 6464/6680/5491 6463/6677/5488 6478/6704/5511 6479/6706/5513
f 6457/6681/5492 6456/6679/5490 6471/6705/5512 6472/6707/5514
f 6465/6682/5493 6464/6680/5491 6479/6706/5513 6480/6708/5515
f 6458/6683/5494 6457/6681/5492 6472/6707/5514 6473/6709/5516
f 6466/6684/5495 6465/6682/5493 6480/6708/5515 6481/6693/5502
f 6459/6685/5496 6458/6683/5494 6473/6709/5516 6474/6695/5504
f 6471/6705/5512 6470/6702/5510 6485/6710/5517 6486/6711/5518
f 6479/6706/5513 6478/6704/5511 6493/6712/5519 6494/6713/5520
f 6472/6707/5514 6471/6705/5512 6486/6711/5518 6487/6714/5521
f 6480/6708/5515 6479/6706/5513 6494/6713/5520 6495/6715/5522
f 6473/6709/5516 6472/6707/5514 6487/6714/5521 6488/6716/5523
f 6481/6693/5502 6480/6708/5515 6495/6715/5522 6496/6717/5524
f 6474/6695/5504 6473/6709/5516 6488/6716/5523 6489/6718/5525
f 6482/6694/5503 6481/6693/5502 6496/6717/5524 6497/6719/5526
f 6475/6696/5505 6474/6695/5504 6489/6718/5525 6490/6720/5527
f 6483/6697/5506 6482/6694/5503 6497/6719/5526 6498/6721/5528
f 6476/6698/5507 6475/6696/5505 6490/6720/5527 6491/6722/5529
f 6484/6699/5508 6483/6697/5506 6498/6721/5528 6499/6723/5530
f 6477/6700/5509 6476/6698/5507 6491/6722/5529 6492/6724/5531
f 6470/6702/5510 6725/6725/5455 6485/6710/5517
f 6881/6726/5456 6484/6699/5508 6499/6723/5530
f 6478/6704/5511 6477/6700/5509 6492/6724/5531 6493/6712/5519
f 6490/6720/5527 6489/6718/5525 6504/6727/5532 6505/6728/5533
f 6498/6721/5528 6497/6719/5526 6512/6729/5534 6513/6730/5535
f 6491/6722/5529 6490/6720/5527 6505/6728/5533 6506/6731/5536
f 6499/6723/5530 6498/6721/5528 6513/6730/5535 6514/6732/5537
f 6492/6724/5531 6491/6722/5529 6506/6731/5536 6507/6733/5538
f 6485/6710/5517 6725/6734/5455 6500/6735/5539
f 6881/6736/5456 6499/6723/5530 6514/6732/5537
f 6493/6712/5519 6492/6724/5531 6507/6733/5538 6508/6737/5540
f 6486/6711/5518 6485/6710/5517 6500/6735/5539 6501/6738/5541
f 6494/6713/5520 6493/6712/5519 6508/6737/5540 6509/6739/5542
f 6487/6714/5521 6486/6711/5518 6501/6738/5541 6502/6740/5543
f 6495/6715/5522 6494/6713/5520 6509/6739/5542 6510/6741/5544
f 6488/6716/5523 6487/6714/5521 6502/6740/5543 6503/6742/5545
f 6496/6717/5524 6495/6715/5522 6510/6741/5544 6511/6743/5546
f 6489/6718/5525 6488/6716/5523 6503/6742/5545 6504/6727/5532
f 6497/6719/5526 6496/6717/5524 6511/6743/5546 6512/6729/5534
f 6509/6739/5542 6508/6737/5540 6523/6744/5547 6524/6745/5548
f 6502/6740/5543 6501/6738/5541 6516/6746/5549 6517/6747/5550
f 6510/6741/5544 6509/6739/5542 6524/6745/5548 6525/6748/5551
f 6503/6742/5545 6502/6740/5543 6517/6747/5550 6518/6749/5552
f 6511/6743/5546 6510/6741/5544 6525/6748/5551 6526/6750/5553
f 6504/6727/5532 6503/6742/5545 6518/6749/5552 6519/6751/5554
f 6512/6729/5534 6511/6743/5546 6526/6750/5553 6527/6752/5555
f 6505/6728/5533 6504/6727/5532 6519/6751/5554 6520/6753/5556
f 6513/6730/5535 6512/6729/5534 6527/6752/5555 6528/6754/5557
f 6506/6731/5536 6505/6728/5533 6520/6753/5556 6521/6755/5558
f 6514/6732/5537 6513/6730/5535 6528/6754/5557 6529/6756/5559
f 6507/6733/5538 6506/6731/5536 6521/6755/5558 6522/6757/5560
f 6500/6735/5539 6725/6758/5455 6515/6759/5561
f 6881/6760/5456 6514/6732/5537 6529/6756/5559
f 6508/6737/5540 6507/6733/5538 6522/6757/5560 6523/6744/5547
f 6501/6738/5541 6500/6735/5539 6515/6759/5561 6516/6746/5549
f 6528/6754/5557 6527/6752/5555 6542/6761/5562 6543/6762/5563
f 6521/6755/5558 6520/6753/5556 6535/6763/5564 6536/6764/5565
f 6529/6756/5559 6528/6754/5557 6543/6762/5563 6544/6765/5566
f 6522/6757/5560 6521/6755/5558 6536/6764/5565 6537/6766/5567
f 6515/6759/5561 6725/6767/5455 6530/6768/5568
f 6881/6769/5456 6529/6756/5559 6544/6765/5566
f 6523/6744/5547 6522/6757/5560 6537/6766/5567 6538/6770/5569
f 6516/6746/5549 6515/6759/5561 6530/6768/5568 6531/6771/5570
f 6524/6745/5548 6523/6744/5547 6538/6770/5569 6539/6772/5571
f 6517/6747/5550 6516/6746/5549 6531/6771/5570 6532/6773/5572
f 6525/6748/5551 6524/6745/5548 6539/6772/5571 6540/6774/5573
f 6518/6749/5552 6517/6747/5550 6532/6773/5572 6533/6775/5574
f 6526/6750/5553 6525/6748/5551 6540/6774/5573 6541/6776/5575
f 6519/6751/5554 6518/6749/5552 6533/6775/5574 6534/6777/5576
f 6527/6752/5555 6526/6750/5553 6541/6776/5575 6542/6761/5562
f 6520/6753/5556 6519/6751/5554 6534/6777/5576 6535/6763/5564
f 6540/6774/5573 6539/6772/5571 6554/6778/5577 6555/6779/5578
f 6533/6775/5574 6532/6773/5572 6547/6780/5579 6548/6781/5580
f 6541/6776/5575 6540/6774/5573 6555/6779/5578 6556/6782/5581
f 6534/6777/5576 6533/6775/5574 6548/6781/5580 6549/6783/5582
f 6542/6761/5562 6541/6776/5575 6556/6782/5581 6557/6784/5583
f 6535/6763/5564 6534/6777/5576 6549/6783/5582 6550/6785/5584
f 6543/6762/5563 6542/6761/5562 6557/6784/5583 6558/6786/5585
f 6536/6764/5565 6535/6763/5564 6550/6785/5584 6551/6787/5586
f 6544/6765/5566 6543/6762/5563 6558/6786/5585 6559/6788/5587
f 6537/6766/5567 6536/6764/5565 6551/6787/5586 6552/6789/5588
f 6530/6768/5568 6725/6790/5455 6545/6791/5589
f 6881/6792/5456 6544/6765/5566 6559/6788/5587
f 6538/6770/5569 6537/6766/5567 6552/6789/5588 6553/6793/5590
f 6531/6771/5570 6530/6768/5568 6545/6791/5589 6546/6794/5591
f 6539/6772/5571 6538/6770/5569 6553/6793/5590 6554/6778/5577
f 6532/6773/5572 6531/6771/5570 6546/6794/5591 6547/6780/5579
f 6559/6788/5587 6558/6786/5585 6573/6795/5592 6574/6796/5593
f 6552/6789/5588 6551/6787/5586 6566/6797/5594 6567/6798/5595
f 6545/6791/5589 6725/6799/5455 6560/6800/5596
f 6881/6801/5456 6559/6788/5587 6574/6796/5593
f 6553/6793/5590 6552/6789/5588 6567/6798/5595 6568/6802/5597
f 6546/6794/5591 6545/6791/5589 6560/6800/5596 6561/6803/5598
f 6554/6778/5577 6553/6793/5590 6568/6802/5597 6569/6804/5599
f 6547/6780/5579 6546/6794/5591 6561/6803/5598 6562/6805/5600
f 6555/6779/5578 6554/6778/5577 6569/6804/5599 6570/6806/5601
f 6548/6781/5580 6547/6780/5579 6562/6805/5600 6563/6807/5602
f 6556/6782/5581 6555/6779/5578 6570/6806/5601 6571/6808/5603
f 6549/6783/5582 6548/6781/5580 6563/6807/5602 6564/6809/5604
f 6557/6784/5583 6556/6782/5581 6571/6808/5603 6572/6810/5605
f 6550/6785/5584 6549/6783/5582 6564/6809/5604 6565/6811/5606
f 6558/6786/5585 6557/6784/5583 6572/6810/5605 6573/6795/5592
f 6551/6787/5586 6550/6785/5584 6565/6811/5606 6566/6797/5594
f 6563/6807/5602 6562/6805/5600 6577/6812/5607 6578/6813/5608
f 6571/6808/5603 6570/6806/5601 6585/6814/5609 6586/6815/5610
f 6564/6809/5604 6563/6807/5602 6578/6813/5608 6579/6816/5611
f 6572/6810/5605 6571/6808/5603 6586/6815/5610 6587/6817/5612
f 6565/6811/5606 6564/6809/5604 6579/6816/5611 6580/6818/5613
f 6573/6795/5592 6572/6810/5605 6587/6817/5612 6588/6819/5614
f 6566/6797/5594 6565/6811/5606 6580/6818/5613 6581/6820/5615
f 6574/6796/5593 6573/6795/5592 6588/6819/5614 6589/6821/5616
f 6567/6798/5595 6566/6797/5594 6581/6820/5615 6582/6822/5617
f 6560/6800/5596 6725/6823/5455 6575/6824/5618
f 6881/6825/5456 6574/6796/5593 6589/6821/5616
f 6568/6802/5597 6567/6798/5595 6582/6822/5617 6583/6826/5619
f 6561/6803/5598 6560/6800/5596 6575/6824/5618 6576/6827/5620
f 6569/6804/5599 6568/6802/5597 6583/6826/5619 6584/6828/5621
f 6562/6805/5600 6561/6803/5598 6576/6827/5620 6577/6812/5607
f 6570/6806/5601 6569/6804/5599 6584/6828/5621 6585/6814/5609
f 6582/6822/5617 6581/6820/5615 6596/6829/5622 6597/6830/5623
f 6575/6824/5618 6725/6831/5455 6590/6832/5624
f 6881/6833/5456 6589/6821/5616 6604/6834/5625
f 6583/6826/5619 6582/6822/5617 6597/6830/5623 6598/6835/5626
f 6576/6827/5620 6575/6824/5618 6590/6832/5624 6591/6836/5627
f 6584/6828/5621 6583/6826/5619 6598/6835/5626 6599/6837/5628
f 6577/6812/5607 6576/6827/5620 6591/6836/5627 6592/6838/5629
f 6585/6814/5609 6584/6828/5621 6599/6837/5628 6600/6839/5630
f 6578/6813/5608 6577/6812/5607 6592/6838/5629 6593/6840/5631
f 6586/6815/5610 6585/6814/5609 6600/6839/5630 6601/6841/5632
f 6579/6816/5611 6578/6813/5608 6593/6840/5631 6594/6842/5633
f 6587/6817/5612 6586/6815/5610 6601/6841/5632 6602/6843/5634
f 6580/6818/5613 6579/6816/5611 6594/6842/5633 6595/6844/5635
f 6588/6819/5614 6587/6817/5612 6602/6843/5634 6603/6845/5636
f 6581/6820/5615 6580/6818/5613 6595/6844/5635 6596/6829/5622
f 6589/6821/5616 6588/6819/5614 6603/6845/5636 6604/6834/5625
f 6601/6841/5632 6600/6839/5630 6615/6846/5637 6616/6847/5638
f 6594/6842/5633 6593/6840/5631 6608/6848/5639 6609/6849/5640
f 6602/6843/5634 6601/6841/5632 6616/6847/5638 6617/6850/5641
f 6595/6844/5635 6594/6842/5633 6609/6849/5640 6610/6851/5642
f 6603/6845/5636 6602/6843/5634 6617/6850/5641 6618/6852/5643
f 6596/6829/5622 6595/6844/5635 6610/6851/5642 6611/6853/5644
f 6604/6834/5625 6603/6845/5636 6618/6852/5643 6619/6854/5645
f 6597/6830/5623 6596/6829/5622 6611/6853/5644 6612/6855/5646
f 6590/6832/5624 6725/6856/5455 6605/6857/5647
f 6881/6858/5456 6604/6834/5625 6619/6854/5645
f 6598/6835/5626 6597/6830/5623 6612/6855/5646 6613/6859/5648
f 6591/6836/5627 6590/6832/5624 6605/6857/5647 6606/6860/5649
f 6599/6837/5628 6598/6835/5626 6613/6859/5648 6614/6861/5650
f 6592/6838/5629 6591/6836/5627 6606/6860/5649 6607/6862/5651
f 6600/6839/5630 6599/6837/5628 6614/6861/5650 6615/6846/5637
f 6593/6840/5631 6592/6838/5629 6607/6862/5651 6608/6848/5639
f 6605/6857/5647 6725/6863/5455 6620/6864/5652
f 6881/6865/5456 6619/6854/5645 6634/6866/5653
f 6613/6859/5648 6612/6855/5646 6627/6867/5654 6628/6868/5655
f 6606/6860/5649 6605/6857/5647 6620/6864/5652 6621/6869/5656
f 6614/6861/5650 6613/6859/5648 6628/6868/5655 6629/6870/5657
f 6607/6862/5651 6606/6860/5649 6621/6869/5656 6622/6871/5658
f 6615/6846/5637 6614/6861/5650 6629/6870/5657 6630/6872/5659
f 6608/6848/5639 6607/6862/5651 6622/6871/5658 6623/6873/5660
f 6616/6847/5638 6615/6846/5637 6630/6872/5659 6631/6874/5661
f 6609/6849/5640 6608/6848/5639 6623/6873/5660 6624/6875/5662
f 6617/6850/5641 6616/6847/5638 6631/6874/5661 6632/6876/5663
f 6610/6851/5642 6609/6849/5640 6624/6875/5662 6625/6877/5664
f 6618/6852/5643 6617/6850/5641 6632/6876/5663 6633/6878/5665
f 6611/6853/5644 6610/6851/5642 6625/6877/5664 6626/6879/5666
f 6619/6854/5645 6618/6852/5643 6633/6878/5665 6634/6866/5653
f 6612/6855/5646 6611/6853/5644 6626/6879/5666 6627/6867/5654
f 6624/6875/5662 6623/6873/5660 6638/6880/5667 6639/6881/5668
f 6632/6876/5663 6631/6874/5661 6646/6882/5669 6647/6883/5670
f 6625/6877/5664 6624/6875/5662 6639/6881/5668 6640/6884/5671
f 6633/6878/5665 6632/6876/5663 6647/6883/5670 6648/6885/5672
f 6626/6879/5666 6625/6877/5664 6640/6884/5671 6641/6886/5673
f 6634/6866/5653 6633/6878/5665 6648/6885/5672 6649/6887/5674
f 6627/6867/5654 6626/6879/5666 6641/6886/5673 6642/6888/5675
f 6620/6864/5652 6725/6889/5455 6635/6890/5676
f 6881/6891/5456 6634/6866/5653 6649/6887/5674
f 6628/6868/5655 6627/6867/5654 6642/6888/5675 6643/6892/5677
f 6621/6869/5656 6620/6864/5652 6635/6890/5676 6636/6893/5678
f 6629/6870/5657 6628/6868/5655 6643/6892/5677 6644/6894/5679
f 6622/6871/5658 6621/6869/5656 6636/6893/5678 6637/6895/5680
f 6630/6872/5659 6629/6870/5657 6644/6894/5679 6645/6896/5681
f 6623/6873/5660 6622/6871/5658 6637/6895/5680 6638/6880/5667
f 6631/6874/5661 6630/6872/5659 6645/6896/5681 6646/6882/5669
f 6643/6892/5677 6642/6888/5675 6657/6897/5682 6658/6898/5683
f 6636/6893/5678 6635/6890/5676 6650/6899/5684 6651/6900/5685
f 6644/6894/5679 6643/6892/5677 6658/6898/5683 6659/6901/5686
f 6637/6895/5680 6636/6893/5678 6651/6900/5685 6652/6902/5687
f 6645/6896/5681 6644/6894/5679 6659/6901/5686 6660/6903/5688
f 6638/6880/5667 6637/6895/5680 6652/6902/5687 6653/6904/5689
f 6646/6882/5669 6645/6896/5681 6660/6903/5688 6661/6905/5690
f 6639/6881/5668 6638/6880/5667 6653/6904/5689 6654/6906/5691
f 6647/6883/5670 6646/6882/5669 6661/6905/5690 6662/6907/5692
f 6640/6884/5671 6639/6881/5668 6654/6906/5691 6655/6908/5693
f 6648/6885/5672 6647/6883/5670 6662/6907/5692 6663/6909/5694
f 6641/6886/5673 6640/6884/5671 6655/6908/5693 6656/6910/5695
f 6649/6887/5674 6648/6885/5672 6663/6909/5694 6664/6911/5696
f 6642/6888/5675 6641/6886/5673 6656/6910/5695 6657/6897/5682
f 6635/6890/5676 6725/6912/5455 6650/6899/5684
f 6881/6913/5456 6649/6887/5674 6664/6911/5696
f 6662/6907/5692 6661/6905/5690 6676/6914/5697 6677/6915/5698
f 6655/6908/5693 6654/6906/5691 6669/6916/5699 6670/6917/5700
f 6663/6909/5694 6662/6907/5692 6677/6915/5698 6678/6918/5701
f 6656/6910/5695 6655/6908/5693 6670/6917/5700 6671/6919/5702
f 6664/6911/5696 6663/6909/5694 6678/6918/5701 6679/6920/5703
f 6657/6897/5682 6656/6910/5695 6671/6919/5702 6672/6921/5704
f 6650/6899/5684 6725/6922/5455 6665/6923/5705
f 6881/6924/5456 6664/6911/5696 6679/6920/5703
f 6658/6898/5683 6657/6897/5682 6672/6921/5704 6673/6925/5706
f 6651/6900/5685 6650/6899/5684 6665/6923/5705 6666/6926/5707
f 6659/6901/5686 6658/6898/5683 6673/6925/5706 6674/6927/5708
f 6652/6902/5687 6651/6900/5685 6666/6926/5707 6667/6928/5709
f 6660/6903/5688 6659/6901/5686 6674/6927/5708 6675/6929/5710
f 6653/6904/5689 6652/6902/5687 6667/6928/5709 6668/6930/5711
f 6661/6905/5690 6660/6903/5688 6675/6929/5710 6676/6914/5697
f 6654/6906/5691 6653/6904/5689 6668/6930/5711 6669/6916/5699
f 6674/6927/5708 6673/6925/5706 6688/6931/5712 6689/6932/5713
f 6667/6928/5709 6666/6926/5707 6681/6933/5714 6682/6934/5715
f 6675/6929/5710 6674/6927/5708 6689/6932/5713 6690/6935/5716
f 6668/6930/5711 6667/6928/5709 6682/6934/5715 6683/6936/5717
f 6676/6914/5697 6675/6929/5710 6690/6935/5716 6691/6937/5718
f 6669/6916/5699 6668/6930/5711 6683/6936/5717 6684/6938/5719
f 6677/6915/5698 6676/6914/5697 6691/6937/5718 6692/6939/5720
f 6670/6917/5700 6669/6916/5699 6684/6938/5719 6685/6940/5721
f 6678/6918/5701 6677/6915/5698 6692/6939/5720 6693/6941/5722
f 6671/6919/5702 6670/6917/5700 6685/6940/5721 6686/6942/5723
f 6679/6920/5703 6678/6918/5701 6693/6941/5722 6694/6943/5724
f 6672/6921/5704 6671/6919/5702 6686/6942/5723 6687/6944/5725
f 6665/6923/5705 6725/6945/5455 6680/6946/5726
f 6881/6947/5456 6679/6920/5703 6694/6943/5724
f 6673/6925/5706 6672/6921/5704 6687/6944/5725 6688/6931/5712
f 6666/6926/5707 6665/6923/5705 6680/6946/5726 6681/6933/5714
f 6693/6941/5722 6692/6939/5720 6707/6948/5727 6708/6949/5728
f 6686/6942/5723 6685/6940/5721 6700/6950/5729 6701/6951/5730
f 6694/6943/5724 6693/6941/5722 6708/6949/5728 6709/6952/5731
f 6687/6944/5725 6686/6942/5723 6701/6951/5730 6702/6953/5732
f 6680/6946/5726 6725/6954/5455 6695/6955/5733
f 6881/6956/5456 6694/6943/5724 6709/6952/5731
f 6688/6931/5712 6687/6944/5725 6702/6953/5732 6703/6957/5734
f 6681/6933/5714 6680/6946/5726 6695/6955/5733 6696/6958/5735
f 6689/6932/5713 6688/6931/5712 6703/6957/5734 6704/6959/5736
f 6682/6934/5715 6681/6933/5714 6696/6958/5735 6697/6960/5737
f 6690/6935/5716 6689/6932/5713 6704/6959/5736 6705/6961/5738
f 6683/6936/5717 6682/6934/5715 6697/6960/5737 6698/6962/5739
f 6691/6937/5718 6690/6935/5716 6705/6961/5738 6706/6963/5740
f 6684/6938/5719 6683/6936/5717 6698/6962/5739 6699/6964/5741
f 6692/6939/5720 6691/6937/5718 6706/6963/5740 6707/6948/5727
f 6685/6940/5721 6684/6938/5719 6699/6964/5741 6700/6950/5729
f 6697/6960/5737 6696/6958/5735 6711/6965/5742 6712/6966/5743
f 6705/6961/5738 6704/6959/5736 6719/6967/5744 6720/6968/5745
f 6698/6962/5739 6697/6960/5737 6712/6966/5743 6713/6969/5746
f 6706/6963/5740 6705/6961/5738 6720/6968/5745 6721/6970/5747
f 6699/6964/5741 6698/6962/5739 6713/6969/5746 6714/6971/5748
f 6707/6948/5727 6706/6963/5740 6721/6970/5747 6722/6972/5749
f 6700/6950/5729 6699/6964/5741 6714/6971/5748 6715/6973/5750
f 6708/6949/5728 6707/6948/5727 6722/6972/5749 6723/6974/5751
f 6701/6951/5730 6700/6950/5729 6715/6973/5750 6716/6975/5752
f 6709/6952/5731 6708/6949/5728 6723/6974/5751 6724/6976/5753
f 6702/6953/5732 6701/6951/5730 6716/6975/5752 6717/6977/5754
f 6695/6955/5733 6725/6978/5455 6710/6979/5755
f 6881/6980/5456 6709/6952/5731 6724/6976/5753
f 6703/6957/5734 6702/6953/5732 6717/6977/5754 6718/6981/5756
f 6696/6958/5735 6695/6955/5733 6710/6979/5755 6711/6965/5742
f 6704/6959/5736 6703/6957/5734 6718/6981/5756 6719/6967/5744
f 6716/6975/5752 6715/6973/5750 6731/6982/5757 6732/6983/5758
f 6724/6976/5753 6723/6974/5751 6739/6984/5759 6740/6985/5760
f 6717/6977/5754 6716/6975/5752 6732/6983/5758 6733/6986/5761
f 6710/6979/5755 6725/6987/5455 6726/6988/5762
f 6881/6989/5456 6724/6976/5753 6740/6985/5760
f 6718/6981/5756 6717/6977/5754 6733/6986/5761 6734/6990/5763
f 6711/6965/5742 6710/6979/5755 6726/6988/5762 6727/6991/5764
f 6719/6967/5744 6718/6981/5756 6734/6990/5763 6735/6992/5765
f 6712/6966/5743 6711/6965/5742 6727/6991/5764 6728/6993/5766
f 6720/6968/5745 6719/6967/5744 6735/6992/5765 6736/6994/5767
f 6713/6969/5746 6712/6966/5743 6728/6993/5766 6729/6995/5768
f 6721/6970/5747 6720/6968/5745 6736/6994/5767 6737/6996/5769
f 6714/6971/5748 6713/6969/5746 6729/6995/5768 6730/6997/5770
f 6722/6972/5749 6721/6970/5747 6737/6996/5769 6738/6998/5771
f 6715/6973/5750 6714/6971/5748 6730/6997/5770 6731/6982/5757
f 6723/6974/5751 6722/6972/5749 6738/6998/5771 6739/6984/5759
f 6736/6994/5767 6735/6992/5765 6750/6999/5772 6751/7000/5773
f 6729/6995/5768 6728/6993/5766 6743/7001/5774 6744/7002/5775
f 6737/6996/5769 6736/6994/5767 6751/7000/5773 6752/7003/5776
f 6730/6997/5770 6729/6995/5768 6744/7002/5775 6745/7004/5777
f 6738/6998/5771 6737/6996/5769 6752/7003/5776 6753/7005/5778
f 6731/6982/5757 6730/6997/5770 6745/7004/5777 6746/7006/5779
f 6739/6984/5759 6738/6998/5771 6753/7005/5778 6754/7007/5780
f 6732/6983/5758 6731/6982/5757 6746/7006/5779 6747/7008/5781
f 6740/6985/5760 6739/6984/5759 6754/7007/5780 6755/7009/5782
f 6733/6986/5761 6732/6983/5758 6747/7008/5781 6748/7010/5783
f 6726/6988/5762 6725/7011/5455 6741/7012/5784
f 6881/7013/5456 6740/6985/5760 6755/7009/5782
f 6734/6990/5763 6733/6986/5761 6748/7010/5783 6749/7014/5785
f 6727/6991/5764 6726/6988/5762 6741/7012/5784 6742/7015/5786
f 6735/6992/5765 6734/6990/5763 6749/7014/5785 6750/6999/5772
f 6728/6993/5766 6727/6991/5764 6742/7015/5786 6743/7001/5774
f 6755/7009/5782 6754/7007/5780 6769/7016/5787 6770/7017/5788
f 6748/7010/5783 6747/7008/5781 6762/7018/5789 6763/7019/5790
f 6741/7012/5784 6725/7020/5455 6756/7021/5791
f 6881/7022/5456 6755/7009/5782 6770/7017/5788
f 6749/7014/5785 6748/7010/5783 6763/7019/5790 6764/7023/5792
f 6742/7015/5786 6741/7012/5784 6756/7021/5791 6757/7024/5793
f 6750/6999/5772 6749/7014/5785 6764/7023/5792 6765/7025/5794
f 6743/7001/5774 6742/7015/5786 6757/7024/5793 6758/7026/5795
f 6751/7000/5773 6750/6999/5772 6765/7025/5794 6766/7027/5796
f 6744/7002/5775 6743/7001/5774 6758/7026/5795 6759/7028/5797
f 6752/7003/5776 6751/7000/5773 6766/7027/5796 6767/7029/5798
f 6745/7004/5777 6744/7002/5775 6759/7028/5797 6760/7030/5799
f 6753/7005/5778 6752/7003/5776 6767/7029/5798 6768/7031/5800
f 6746/7006/5779 6745/7004/5777 6760/7030/5799 6761/7032/5801
f 6754/7007/5780 6753/7005/5778 6768/7031/5800 6769/7016/5787
f 6747/7008/5781 6746/7006/5779 6761/7032/5801 6762/7018/5789
f 6759/7033/5797 6758/7034/5795 6773/7035/5802 6774/7036/5803
f 6767/7037/5798 6766/7038/5796 6781/7039/5804 6782/7040/5805
f 6760/7041/5799 6759/7033/5797 6774/7036/5803 6775/7042/5806
f 6768/7043/5800 6767/7037/5798 6782/7040/5805 6783/7044/5807
f 6761/7045/5801 6760/7041/5799 6775/7042/5806 6776/7046/5808
f 6769/7047/5787 6768/7043/5800 6783/7044/5807 6784/7048/5809
f 6762/7049/5789 6761/7045/5801 6776/7046/5808 6777/7050/5810
f 6770/7051/5788 6769/7047/5787 6784/7048/5809 6785/7052/5811
f 6763/7053/5790 6762/7049/5789 6777/7050/5810 6778/7054/5812
f 6756/7055/5791 6725/7056/5455 6771/7057/5813
f 6881/7058/5456 6770/7051/5788 6785/7052/5811
f 6764/7059/5792 6763/7053/5790 6778/7054/5812 6779/7060/5814
f 6757/7061/5793 6756/7055/5791 6771/7057/5813 6772/7062/5815
f 6765/7063/5794 6764/7059/5792 6779/7060/5814 6780/7064/5816
f 6758/7034/5795 6757/7061/5793 6772/7062/5815 6773/7035/5802
f 6766/7038/5796 6765/7063/5794 6780/7064/5816 6781/7039/5804
f 6778/7054/5812 6777/7050/5810 6792/7065/5817 6793/7066/5818
f 6771/7057/5813 6725/7067/5455 6786/7068/5819
f 6881/7069/5456 6785/7052/5811 6800/7070/5820
f 6779/7060/5814 6778/7054/5812 6793/7066/5818 6794/7071/5821
f 6772/7062/5815 6771/7057/5813 6786/7068/5819 6787/7072/5822
f 6780/7064/5816 6779/7060/5814 6794/7071/5821 6795/7073/5823
f 6773/7035/5802 6772/7062/5815 6787/7072/5822 6788/7074/5824
f 6781/7039/5804 6780/7064/5816 6795/7073/5823 6796/7075/5825
f 6774/7036/5803 6773/7035/5802 6788/7074/5824 6789/7076/5826
f 6782/7040/5805 6781/7039/5804 6796/7075/5825 6797/7077/5827
f 6775/7042/5806 6774/7036/5803 6789/7076/5826 6790/7078/5828
f 6783/7044/5807 6782/7040/5805 6797/7077/5827 6798/7079/5829
f 6776/7046/5808 6775/7042/5806 6790/7078/5828 6791/7080/5830
f 6784/7048/5809 6783/7044/5807 6798/7079/5829 6799/7081/5831
f 6777/7050/5810 6776/7046/5808 6791/7080/5830 6792/7065/5817
f 6785/7052/5811 6784/7048/5809 6799/7081/5831 6800/7070/5820
f 6797/7077/5827 6796/7075/5825 6811/7082/5832 6812/7083/5833
f 6790/7078/5828 6789/7076/5826 6804/7084/5834 6805/7085/5835
f 6798/7079/5829 6797/7077/5827 6812/7083/5833 6813/7086/5836
f 6791/7080/5830 6790/7078/5828 6805/7085/5835 6806/7087/5837
f 6799/7081/5831 6798/7079/5829 6813/7086/5836 6814/7088/5838
f 6792/7065/5817 6791/7080/5830 6806/7087/5837 6807/7089/5839
f 6800/7070/5820 6799/7081/5831 6814/7088/5838 6815/7090/5840
f 6793/7066/5818 6792/7065/5817 6807/7089/5839 6808/7091/5841
f 6786/7068/5819 6725/7092/5455 6801/7093/5842
f 6881/7094/5456 6800/7070/5820 6815/7090/5840
f 6794/7071/5821 6793/7066/5818 6808/7091/5841 6809/7095/5843
f 6787/7072/5822 6786/7068/5819 6801/7093/5842 6802/7096/5844
f 6795/7073/5823 6794/7071/5821 6809/7095/5843 6810/7097/5845
f 6788/7074/5824 6787/7072/5822 6802/7096/5844 6803/7098/5846
f 6796/7075/5825 6795/7073/5823 6810/7097/5845 6811/7082/5832
f 6789/7076/5826 6788/7074/5824 6803/7098/5846 6804/7084/5834
f 6881/7099/5456 6815/7090/5840 6830/7100/5847
f 6809/7095/5843 6808/7091/5841 6823/7101/5848 6824/7102/5849
f 6802/7096/5844 6801/7093/5842 6816/7103/5850 6817/7104/5851
f 6810/7097/5845 6809/7095/5843 6824/7102/5849 6825/7105/5852
f 6803/7098/5846 6802/7096/5844 6817/7104/5851 6818/7106/5853
f 6811/7082/5832 6810/7097/5845 6825/7105/5852 6826/7107/5854
f 6804/7084/5834 6803/7098/5846 6818/7106/5853 6819/7108/5855
f 6812/7083/5833 6811/7082/5832 6826/7107/5854 6827/7109/5856
f 6805/7085/5835 6804/7084/5834 6819/7108/5855 6820/7110/5857
f 6813/7086/5836 6812/7083/5833 6827/7109/5856 6828/7111/5858
f 6806/7087/5837 6805/7085/5835 6820/7110/5857 6821/7112/5859
f 6814/7088/5838 6813/7086/5836 6828/7111/5858 6829/7113/5860
f 6807/7089/5839 6806/7087/5837 6821/7112/5859 6822/7114/5861
f 6815/7090/5840 6814/7088/5838 6829/7113/5860 6830/7100/5847
f 6808/7091/5841 6807/7089/5839 6822/7114/5861 6823/7101/5848
f 6801/7093/5842 6725/7115/5455 6816/7103/5850
f 6828/7111/5858 6827/7109/5856 6842/7116/5862 6843/7117/5863
f 6821/7112/5859 6820/7110/5857 6835/7118/5864 6836/7119/5865
f 6829/7113/5860 6828/7111/5858 6843/7117/5863 6844/7120/5866
f 6822/7114/5861 6821/7112/5859 6836/7119/5865 6837/7121/5867
f 6830/7100/5847 6829/7113/5860 6844/7120/5866 6845/7122/5868
f 6823/7101/5848 6822/7114/5861 6837/7121/5867 6838/7123/5869
f 6816/7103/5850 6725/7124/5455 6831/7125/5870
f 6881/7126/5456 6830/7100/5847 6845/7122/5868
f 6824/7102/5849 6823/7101/5848 6838/7123/5869 6839/7127/5871
f 6817/7104/5851 6816/7103/5850 6831/7125/5870 6832/7128/5872
f 6825/7105/5852 6824/7102/5849 6839/7127/5871 6840/7129/5873
f 6818/7106/5853 6817/7104/5851 6832/7128/5872 6833/7130/5874
f 6826/7107/5854 6825/7105/5852 6840/7129/5873 6841/7131/5875
f 6819/7108/5855 6818/7106/5853 6833/7130/5874 6834/7132/5876
f 6827/7109/5856 6826/7107/5854 6841/7131/5875 6842/7116/5862
f 6820/7110/5857 6819/7108/5855 6834/7132/5876 6835/7118/5864
f 6832/7128/5872 6831/7125/5870 6846/7133/5877 6847/7134/5878
f 6840/7129/5873 6839/7127/5871 6854/7135/5879 6855/7136/5880
f 6833/7130/5874 6832/7128/5872 6847/7134/5878 6848/7137/5881
f 6841/7131/5875 6840/7129/5873 6855/7136/5880 6856/7138/5882
f 6834/7132/5876 6833/7130/5874 6848/7137/5881 6849/7139/5883
f 6842/7116/5862 6841/7131/5875 6856/7138/5882 6857/7140/5884
f 6835/7118/5864 6834/7132/5876 6849/7139/5883 6850/7141/5885
f 6843/7117/5863 6842/7116/5862 6857/7140/5884 6858/7142/5886
f 6836/7119/5865 6835/7118/5864 6850/7141/5885 6851/7143/5887
f 6844/7120/5866 6843/7117/5863 6858/7142/5886 6859/7144/5888
f 6837/7121/5867 6836/7119/5865 6851/7143/5887 6852/7145/5889
f 6845/7122/5868 6844/7120/5866 6859/7144/5888 6860/7146/5890
f 6838/7123/5869 6837/7121/5867 6852/7145/5889 6853/7147/5891
f 6831/7125/5870 6725/7148/5455 6846/7133/5877
f 6881/7149/5456 6845/7122/5868 6860/7146/5890
f 6839/7127/5871 6838/7123/5869 6853/7147/5891 6854/7135/5879
f 6851/7143/5887 6850/7141/5885 6865/7150/5892 6866/7151/5893
f 6859/7144/5888 6858/7142/5886 6873/7152/5894 6874/7153/5895
f 6852/7145/5889 6851/7143/5887 6866/7151/5893 6867/7154/5896
f 6860/7146/5890 6859/7144/5888 6874/7153/5895 6875/7155/5897
f 6853/7147/5891 6852/7145/5889 6867/7154/5896 6868/7156/5898
f 6846/7133/5877 6725/7157/5455 6861/7158/5899
f 6881/7159/5456 6860/7146/5890 6875/7155/5897
f 6854/7135/5879 6853/7147/5891 6868/7156/5898 6869/7160/5900
f 6847/7134/5878 6846/7133/5877 6861/7158/5899 6862/7161/5901
f 6855/7136/5880 6854/7135/5879 6869/7160/5900 6870/7162/5902
f 6848/7137/5881 6847/7134/5878 6862/7161/5901 6863/7163/5903
f 6856/7138/5882 6855/7136/5880 6870/7162/5902 6871/7164/5904
f 6849/7139/5883 6848/7137/5881 6863/7163/5903 6864/7165/5905
f 6857/7140/5884 6856/7138/5882 6871/7164/5904 6872/7166/5906
f 6850/7141/5885 6849/7139/5883 6864/7165/5905 6865/7150/5892
f 6858/7142/5886 6857/7140/5884 6872/7166/5906 6873/7152/5894
f 6870/7162/5902 6869/7160/5900 6877/6615/5430 6878/6614/5429
f 6863/7163/5903 6862/7161/5901 6401/6610/5425 6402/6618/5433
f 6871/7164/5904 6870/7162/5902 6878/6614/5429 6407/6620/5435
f 6864/7165/5905 6863/7163/5903 6402/6618/5433 6403/6622/5437
f 6872/7166/5906 6871/7164/5904 6407/6620/5435 6408/6624/5439
f 6865/7150/5892 6864/7165/5905 6403/6622/5437 6404/6626/5441
f 6873/7152/5894 6872/7166/5906 6408/6624/5439 6409/6628/5443
f 6866/7151/5893 6865/7150/5892 6404/6626/5441 6405/6630/5445
f 6874/7153/5895 6873/7152/5894 6409/6628/5443 6879/6632/5447
f 6867/7154/5896 6866/7151/5893 6405/6630/5445 6406/6634/5449
f 6875/7155/5897 6874/7153/5895 6879/6632/5447 6880/6636/5451
f 6868/7156/5898 6867/7154/5896 6406/6634/5449 6876/6638/5453
f 6861/7158/5899 6725/7167/5455 6400/6611/5426
f 6881/7168/5456 6875/7155/5897 6880/6636/5451
f 6869/7160/5900 6868/7156/5898 6876/6638/5453 6877/6615/5430
f 6862/7161/5901 6861/7158/5899 6400/6611/5426 6401/6610/5425
o Sphere.007
v 0.517863 0.798007 0.621391
v 0.412386 0.780250 0.669624
v 0.646672 1.013369 0.607286
v -0.596607 1.013369 0.607285
v -0.245208 0.763187 0.700355
v 0.293285 0.765920 0.702114
v 0.025033 0.744039 0.737767
v 0.617060 0.814706 0.561070
v 0.161071 0.750769 0.728313
v -0.111006 0.749322 0.727724
v -0.362321 0.777997 0.668590
v -0.467800 0.796488 0.620694
v -0.566949 0.813870 0.560671
v 0.412381 0.975599 0.818869
v 0.412386 0.780250 0.769794
v 0.161071 0.951152 0.880542
v 0.025033 0.947131 0.892721
v 0.517863 0.798007 0.721561
v 0.291881 0.957917 0.853591
v 0.517841 0.993007 0.768459
v 0.646672 1.013369 0.707455
v -0.241816 0.957917 0.853591
v -0.245208 0.763187 0.800525
v 0.293285 0.765920 0.802283
v -0.467776 0.993007 0.768459
v -0.596607 1.013369 0.707455
v -0.362316 0.975599 0.818870
v -0.111006 0.749322 0.827894
v 0.161071 0.750769 0.828482
v 0.025033 0.744039 0.837936
v -0.111005 0.951152 0.880542
v 0.617060 0.814706 0.661240
v -0.362321 0.777997 0.768760
v -0.467800 0.796488 0.720864
v -0.566949 0.813870 0.660840
v 0.517863 0.798007 0.721561
v 0.412386 0.780250 0.769794
v -0.111006 0.749322 0.827894
v -0.245208 0.763187 0.800525
v 0.161071 0.750769 0.828482
v 0.025033 0.744039 0.837936
v 0.293285 0.765920 0.802283
v 0.617060 0.814706 0.661240
v 0.617060 0.814706 0.661240
v 0.646672 1.013369 0.707455
v -0.362321 0.777997 0.768760
v -0.467800 0.796488 0.720864
v -0.566949 0.813870 0.660840
v -0.566949 0.813870 0.660840
v -0.596607 1.013369 0.707455
v -0.566949 0.813870 0.560671
v 0.617060 0.814706 0.561070
vt 0.771718 0.931780
vt 0.771535 0.929115
vt 0.778787 0.928572
vt 0.778787 0.931442
vt 0.800559 0.931780
vt 0.800635 0.929298
vt 0.807071 0.930637
vt 0.807071 0.932660
vt 0.793490 0.931442
vt 0.793490 0.928668
vt 0.812771 0.931823
vt 0.812770 0.933528
vt 0.818132 0.932938
vt 0.818204 0.934542
vt 0.786139 0.931242
vt 0.786139 0.928020
vt 0.765206 0.932660
vt 0.765206 0.930487
vt 0.759507 0.933528
vt 0.759506 0.931721
vt 0.754074 0.934542
vt 0.754148 0.932882
vt 0.793490 0.928668
vt 0.800635 0.929298
vt 0.800635 0.929298
vt 0.793490 0.928668
vt 0.807071 0.930637
vt 0.807071 0.930637
vt 0.754148 0.932882
vt 0.759506 0.931721
vt 0.759506 0.931721
vt 0.754148 0.932882
vt 0.754074 0.934542
vt 0.754148 0.932882
vt 0.754148 0.932882
vt 0.754074 0.934542
vt 0.778787 0.928572
vt 0.786139 0.928020
vt 0.786139 0.928020
vt 0.778787 0.928572
vt 0.812771 0.931823
vt 0.812771 0.931823
vt 0.765206 0.930487
vt 0.771535 0.929115
vt 0.771535 0.929115
vt 0.765206 0.930487
vt 0.818132 0.932938
vt 0.818132 0.932938
vt 0.818132 0.932938
vt 0.818204 0.934542
vt 0.818204 0.934542
vt 0.818132 0.932938
vn -0.2530 -0.2456 0.9358
vn -0.2519 -0.2457 0.9360
vn -0.1492 -0.2533 0.9558
vn -0.1506 -0.2532 0.9556
vn 0.2525 -0.2438 0.9364
vn 0.2508 -0.2439 0.9368
vn 0.3662 -0.2276 0.9022
vn 0.3711 -0.2268 0.9004
vn 0.1495 -0.2521 0.9561
vn 0.1476 -0.2522 0.9563
vn 0.4642 -0.2246 0.8568
vn 0.4652 -0.2252 0.8561
vn 0.4860 -0.2356 0.8415
vn -0.0003 -0.2562 0.9666
vn -0.0007 -0.2562 0.9666
vn -0.3709 -0.2286 0.9001
vn -0.3658 -0.2295 0.9019
vn -0.4649 -0.2265 0.8559
vn -0.4637 -0.2260 0.8567
vn -0.4858 -0.2365 0.8414
vn 0.0843 -0.9964 0.0000
vn 0.1170 -0.9931 0.0000
vn 0.1162 -0.9932 0.0000
vn 0.0788 -0.9969 0.0000
vn 0.1476 -0.9890 0.0000
vn 0.1374 -0.9905 0.0000
vn -0.1727 -0.9850 0.0000
vn -0.9891 -0.1470 0.0000
vn -0.0735 -0.9973 0.0000
vn 0.0052 -1.0000 0.0000
vn 0.0054 -1.0000 0.0000
vn -0.0679 -0.9977 0.0000
vn 0.1660 -0.9861 0.0000
vn -0.1540 -0.9881 0.0000
vn -0.1158 -0.9933 0.0000
vn -0.1124 -0.9937 0.0000
vn -0.1437 -0.9896 0.0000
vn 0.9890 -0.1474 0.0000
usemtl White
s 1
f 6903/7169/5907 6920/7170/5908 6919/7171/5909 6912/7172/5910
f 6900/7173/5911 6923/7174/5912 6918/7175/5913 6895/7176/5914
f 6897/7177/5915 6921/7178/5916 6923/7174/5912 6900/7173/5911
f 6895/7176/5914 6918/7175/5913 6917/7179/5917 6901/7180/5918
f 6901/7180/5918 6917/7179/5917 6924/7181/5919 6926/7182/5919
f 6921/7178/5916 6897/7177/5915 6898/7183/5920 6922/7184/5921
f 6912/7172/5910 6919/7171/5909 6922/7184/5921 6898/7183/5920
f 6908/7185/5922 6927/7186/5923 6920/7170/5908 6903/7169/5907
f 6906/7187/5924 6928/7188/5925 6927/7186/5923 6908/7185/5922
f 6931/7189/5926 6929/7190/5926 6928/7188/5925 6906/7187/5924
f 6890/7191/5927 6887/7192/5928 6905/7193/5929 6910/7194/5930
f 6887/7192/5928 6883/7195/5931 6896/7196/5932 6905/7193/5929
f 6932/7197/5933 6893/7198/5933 6915/7199/5933 6930/7200/5933
f 6885/7201/5934 6894/7202/5934 6916/7203/5934 6907/7204/5934
f 6891/7205/5935 6888/7206/5936 6911/7207/5937 6909/7208/5938
f 6883/7195/5931 6882/7209/5939 6899/7210/5939 6896/7196/5932
f 6892/7211/5940 6886/7212/5941 6904/7213/5942 6914/7214/5943
f 6882/7209/5939 6933/7215/5939 6925/7216/5939 6899/7210/5939
f 6886/7212/5941 6891/7205/5935 6909/7208/5938 6904/7213/5942
f 6888/7206/5936 6890/7191/5927 6910/7194/5930 6911/7207/5937
f 6893/7198/5933 6892/7211/5940 6914/7214/5943 6915/7199/5933
f 6889/7217/5944 6884/7218/5944 6902/7219/5944 6913/7220/5944
o Cube
v -2.108148 -2.087930 1.073735
v -1.948879 -1.880274 1.146135
v -2.100708 -2.041039 0.852872
v -1.943509 -1.818671 0.885050
v -2.024522 -1.751533 0.924282
v -2.031259 -1.795758 1.131216
v -2.161775 -1.924185 1.102592
v -2.154600 -1.878958 0.889569
v -2.147471 -1.798232 0.965098
v -2.150903 -1.819857 1.066958
v -2.092403 -1.764786 1.078481
v -2.089113 -1.744029 0.980712
v -1.762664 -2.174387 1.067017
v -1.802634 -1.916872 1.143291
v -1.755224 -2.127496 0.846154
v -1.787914 -1.857609 0.882024
v -1.683458 -1.836884 0.917650
v -1.690772 -1.880965 1.124595
v -1.637241 -2.055449 1.092392
v -1.630066 -2.010222 0.879369
v -1.959816 -2.211118 0.844134
v -1.879496 -1.891797 0.865193
v -1.965798 -2.248827 1.021744
v -1.889099 -1.951446 1.138988
v -1.595577 -1.936343 0.954367
v -1.599008 -1.957969 1.056226
v -1.624222 -1.881948 1.069377
v -1.620925 -1.861192 0.971608
v -2.121876 -2.084387 0.896758
v -2.130333 -2.108232 0.953143
v -2.125851 -2.109442 1.014769
v -2.073903 -2.044532 1.122959
v -2.023449 -1.988706 1.154945
v -1.976963 -1.936173 1.163517
v -1.927567 -1.831949 1.095657
v -1.916043 -1.804836 1.024931
v -1.922925 -1.799760 0.949940
v -1.978764 -1.861402 0.842540
v -2.023629 -1.919435 0.823859
v -2.066719 -1.982991 0.827729
v -2.003417 -2.185560 0.845660
v -2.040342 -2.142522 0.847616
v -2.072819 -2.091658 0.849911
v -2.174801 -1.906797 0.933245
v -2.182214 -1.925401 0.990212
v -2.178740 -1.931622 1.050174
v -2.010049 -1.767239 1.088550
v -2.000541 -1.749180 1.033678
v -2.006260 -1.743310 0.975839
v -2.148868 -1.913001 0.875358
v -2.138534 -1.951743 0.864835
v -2.122756 -1.994610 0.857505
v -1.964548 -1.796601 0.893067
v -1.984503 -1.778130 0.901980
v -2.004596 -1.763042 0.912235
v -2.130484 -2.043320 1.086935
v -2.146343 -2.000956 1.096635
v -2.156506 -1.961140 1.102100
v -2.011213 -1.812596 1.139006
v -1.990590 -1.832550 1.143763
v -1.970062 -1.855189 1.145966
v -1.900756 -1.943728 1.140311
v -1.915363 -1.927327 1.142631
v -1.928265 -1.906013 1.144788
v -2.132624 -1.901703 1.138812
v -2.096155 -1.869391 1.156221
v -2.060938 -1.832189 1.154012
v -1.922083 -1.843381 0.877670
v -1.908171 -1.865287 0.871422
v -1.892050 -1.883183 0.866990
v -2.079818 -2.135771 1.057685
v -2.046864 -2.183627 1.041225
v -2.009557 -2.224256 1.027918
v -2.053214 -1.774415 0.887082
v -2.088125 -1.807184 0.867515
v -2.124026 -1.843972 0.867653
v -1.871069 -1.863364 0.932633
v -1.870193 -1.866145 1.013499
v -1.876646 -1.897842 1.089538
v -1.976277 -2.279272 0.874699
v -1.986421 -2.322745 0.912447
v -1.979324 -2.298477 0.965158
v -1.905562 -2.017930 1.147949
v -1.925836 -2.097111 1.124355
v -1.946881 -2.177633 1.078362
v -1.895387 -1.952279 0.826355
v -1.915758 -2.032762 0.814530
v -1.938267 -2.123339 0.822631
v -2.151693 -1.803401 0.986071
v -2.154205 -1.809984 1.015659
v -2.153694 -1.816011 1.045468
v -2.089714 -1.755720 1.059042
v -2.087853 -1.747514 1.031143
v -2.087804 -1.743666 1.002269
v -2.139964 -1.807321 1.074674
v -2.123635 -1.790764 1.080352
v -2.105997 -1.775256 1.081257
v -2.102355 -1.752285 0.973063
v -2.119800 -1.766583 0.966458
v -2.136231 -1.783793 0.963858
v -2.043905 -1.743792 0.938313
v -2.062755 -1.741835 0.954839
v -2.078210 -1.741707 0.969413
v -2.082282 -1.767402 1.090438
v -2.067797 -1.773649 1.104690
v -2.050026 -1.782413 1.120218
v -2.156566 -1.850094 0.907567
v -2.154201 -1.826784 0.930006
v -2.151134 -1.809149 0.949682
v -2.162973 -1.890476 1.097772
v -2.159487 -1.860101 1.086929
v -2.155401 -1.836041 1.076346
v -1.755371 -2.176105 0.889631
v -1.757080 -2.201638 0.945885
v -1.759346 -2.201160 1.007642
v -1.770615 -2.120429 1.117062
v -1.787634 -2.047718 1.150360
v -1.803562 -1.979566 1.160145
v -1.800514 -1.863744 1.093186
v -1.800493 -1.833753 1.022684
v -1.794780 -1.831828 0.947448
v -1.778513 -1.911514 0.838646
v -1.766973 -1.983663 0.818868
v -1.758774 -2.060054 0.821741
v -1.909293 -2.209115 0.843829
v -1.856410 -2.188551 0.844039
v -1.803750 -2.158993 0.844679
v -1.623769 -2.044693 0.922530
v -1.623909 -2.065117 0.979355
v -1.627707 -2.069518 1.039459
v -1.697601 -1.845429 1.082474
v -1.699487 -1.824519 1.027823
v -1.693797 -1.821503 0.969763
v -1.651666 -2.037425 0.865690
v -1.679401 -2.066641 0.855907
v -1.713761 -2.096961 0.849552
v -1.758685 -1.848118 0.889064
v -1.732072 -1.841300 0.897071
v -1.706881 -1.837545 0.906446
v -1.721489 -2.145671 1.078982
v -1.687209 -2.115854 1.087707
v -1.659304 -2.085565 1.092431
v -1.716084 -1.886452 1.133267
v -1.743484 -1.894388 1.138958
v -1.772157 -1.904715 1.142117
v -1.875142 -1.950138 1.139813
v -1.854459 -1.942569 1.141446
v -1.832972 -1.929860 1.142935
v -1.651027 -2.022223 1.129447
v -1.667322 -1.976706 1.147882
v -1.680930 -1.927286 1.146622
v -1.818705 -1.869252 0.875660
v -1.841511 -1.881968 0.870125
v -1.864309 -1.890126 0.866450
v -1.810748 -2.203105 1.052453
v -1.862931 -2.229656 1.037649
v -1.915432 -2.247810 1.026088
v -1.670301 -1.870238 0.879636
v -1.655674 -1.915405 0.859106
v -1.641344 -1.964762 0.858267
v -1.593522 -1.943083 0.975218
v -1.593326 -1.950344 1.004753
v -1.595522 -1.955693 1.034614
v -1.623034 -1.872506 1.049967
v -1.621832 -1.864136 1.022081
v -1.621120 -1.860454 0.993194
v -1.602465 -1.941830 1.064222
v -1.608855 -1.919587 1.070342
v -1.617068 -1.897610 1.071749
v -1.613421 -1.874641 0.963556
v -1.605017 -1.895407 0.956448
v -1.598732 -1.918302 0.953406
v -1.662214 -1.839310 0.930891
v -1.644073 -1.846609 0.946698
v -1.629856 -1.853907 0.960694
v -1.633937 -1.879600 1.081720
v -1.649125 -1.878422 1.096549
v -1.668348 -1.877928 1.112796
v -1.614084 -1.985850 0.897018
v -1.604372 -1.964379 0.919315
v -1.598053 -1.947557 0.938927
v -1.620491 -2.026232 1.087223
v -1.609658 -1.997695 1.076238
v -1.602319 -1.974449 1.065591
v -1.947183 -1.811119 1.095987
v -1.934209 -1.786351 1.028098
v -1.942676 -1.780749 0.956071
v -1.967121 -1.793484 1.095064
v -1.952621 -1.771016 1.030602
v -1.962717 -1.765123 0.962268
v -1.988299 -1.778909 1.092689
v -1.976594 -1.758616 1.032458
v -1.984130 -1.752601 0.968775
v -2.031723 -1.758387 1.082477
v -2.024046 -1.742797 1.034259
v -2.028398 -1.737384 0.983553
v -2.053342 -1.754216 1.073641
v -2.047490 -1.741404 1.033784
v -2.050594 -1.736863 0.991907
v -2.072242 -1.752578 1.065659
v -2.068213 -1.742258 1.032913
v -2.069988 -1.738347 0.998632
v -2.093461 -2.005781 1.133701
v -2.043363 -1.957672 1.161148
v -1.999551 -1.908047 1.166152
v -2.109848 -1.969193 1.140406
v -2.063333 -1.927057 1.164115
v -2.021968 -1.880534 1.166051
v -2.123025 -1.934426 1.142388
v -2.081283 -1.897315 1.162821
v -2.042576 -1.855014 1.162266
v -1.987131 -2.157750 1.083520
v -1.958520 -2.080130 1.128372
v -1.926372 -2.005525 1.150309
v -2.021108 -2.124826 1.094902
v -1.984208 -2.053042 1.136582
v -1.943642 -1.985161 1.154727
v -2.050143 -2.085209 1.109177
v -2.004826 -2.020985 1.146257
v -1.955774 -1.962696 1.159351
v -2.140781 -1.797011 1.049324
v -2.124954 -1.779672 1.053645
v -2.107365 -1.765334 1.056438
v -2.140599 -1.789545 1.020457
v -2.124641 -1.771756 1.024769
v -2.106798 -1.757486 1.028394
v -2.138820 -1.784649 0.991099
v -2.122986 -1.767267 0.995214
v -2.105452 -1.753269 0.999613
v -1.879003 -1.856420 0.934254
v -1.892291 -1.840633 0.938306
v -1.903966 -1.821355 0.943806
v -1.875782 -1.859863 1.014670
v -1.887911 -1.844558 1.017549
v -1.898559 -1.825817 1.021213
v -1.884460 -1.890984 1.090510
v -1.897451 -1.875006 1.092399
v -1.908870 -1.854902 1.094284
v -2.145986 -2.033591 0.903674
v -2.154553 -2.056168 0.963381
v -2.150158 -2.059886 1.027528
v -2.161806 -1.987308 0.911800
v -2.170296 -2.009027 0.972859
v -2.166054 -2.014077 1.037885
v -2.171351 -1.944804 0.921589
v -2.179453 -1.965216 0.981852
v -2.175529 -1.971132 1.045598
v -2.092687 -2.140786 0.890201
v -2.058915 -2.197383 0.884034
v -2.020588 -2.246207 0.878701
v -2.100878 -2.166118 0.941845
v -2.066777 -2.224566 0.930585
v -2.028352 -2.276753 0.920799
v -2.096377 -2.164042 0.999736
v -2.062301 -2.218726 0.984562
v -2.023733 -2.266031 0.972076
v -1.998399 -1.834468 0.850311
v -2.042748 -1.885907 0.830101
v -2.086888 -1.942426 0.832486
v -2.017883 -1.810665 0.859926
v -2.059882 -1.855708 0.839007
v -2.102781 -1.905406 0.840291
v -2.036176 -1.790547 0.871983
v -2.075028 -1.829307 0.851253
v -2.114995 -1.872422 0.851795
v -2.041705 -2.025793 0.825338
v -2.002252 -1.955145 0.819645
v -1.959820 -1.890275 0.836145
v -2.012069 -2.067453 0.824199
v -1.977792 -1.989061 0.816980
v -1.940360 -1.917739 0.831182
v -1.978369 -2.102525 0.823407
v -1.949591 -2.016418 0.815432
v -1.918567 -1.939930 0.827842
v -2.068916 -1.762521 0.905517
v -2.099238 -1.789715 0.888121
v -2.130252 -1.820519 0.888105
v -2.083118 -1.756418 0.928133
v -2.108043 -1.778030 0.914023
v -2.133160 -1.802899 0.913983
v -2.094472 -1.752838 0.949983
v -2.114900 -1.770059 0.939390
v -2.135009 -1.790289 0.938618
v -2.173626 -1.874128 0.946654
v -2.180103 -1.890382 0.997718
v -2.177150 -1.896343 1.051285
v -2.167870 -1.846066 0.962212
v -2.173280 -1.859145 1.004580
v -2.170789 -1.864463 1.048861
v -2.161052 -1.822969 0.975573
v -2.165119 -1.832872 1.010433
v -2.163441 -1.838026 1.046494
v -2.138375 -1.871712 1.129231
v -2.107615 -1.844138 1.143781
v -2.076715 -1.812619 1.140948
v -2.139850 -1.845067 1.112597
v -2.115097 -1.822693 1.124303
v -2.089624 -1.797557 1.121833
v -2.140281 -1.823518 1.095132
v -2.120443 -1.804996 1.103949
v -2.099611 -1.785241 1.102603
v -1.773402 -1.854607 1.092608
v -1.747559 -1.848430 1.090794
v -1.722116 -1.845521 1.087513
v -1.775661 -1.826028 1.025015
v -1.752119 -1.821192 1.026703
v -1.725082 -1.821556 1.027567
v -1.768195 -1.824412 0.952678
v -1.742946 -1.820120 0.957994
v -1.717937 -1.819215 0.963599
v -1.674550 -1.847769 1.075532
v -1.653853 -1.854187 1.065873
v -1.636714 -1.861568 1.057190
v -1.675741 -1.829960 1.027486
v -1.654437 -1.839765 1.026141
v -1.636605 -1.850267 1.024520
v -1.671212 -1.826770 0.976607
v -1.651096 -1.836837 0.984139
v -1.634453 -1.847339 0.990163
v -1.734738 -2.095551 1.126726
v -1.702821 -2.071051 1.132491
v -1.674764 -2.046603 1.133671
v -1.755242 -2.029774 1.155545
v -1.723116 -2.012196 1.157499
v -1.693337 -1.994399 1.155277
v -1.770312 -1.965414 1.161695
v -1.737602 -1.951697 1.160522
v -1.707559 -1.938851 1.155751
v -1.901852 -2.179091 1.081861
v -1.855985 -2.166148 1.091691
v -1.811216 -2.145000 1.104531
v -1.888884 -2.097556 1.127018
v -1.853187 -2.085829 1.134034
v -1.819566 -2.067346 1.142655
v -1.881293 -2.016807 1.149432
v -1.856320 -2.007014 1.153029
v -1.834879 -1.992949 1.157000
v -1.597818 -1.932887 1.038766
v -1.595519 -1.925951 1.009858
v -1.595857 -1.920526 0.980540
v -1.603447 -1.910179 1.043504
v -1.601053 -1.902784 1.014587
v -1.601478 -1.897773 0.985073
v -1.612098 -1.889274 1.046808
v -1.609929 -1.881827 1.018732
v -1.610183 -1.877210 0.989982
v -1.860747 -1.860989 0.933899
v -1.862265 -1.863245 1.014407
v -1.866494 -1.895480 1.090161
v -1.841453 -1.853356 0.937317
v -1.844263 -1.855481 1.016701
v -1.847451 -1.887519 1.091427
v -1.821884 -1.841896 0.942210
v -1.825919 -1.843995 1.019801
v -1.827851 -1.875177 1.092708
v -1.709949 -2.142709 0.895195
v -1.673915 -2.109403 0.902313
v -1.645131 -2.076490 0.911356
v -1.710842 -2.167206 0.954752
v -1.674424 -2.133119 0.963216
v -1.645395 -2.098863 0.971467
v -1.714121 -2.169004 1.019049
v -1.678162 -2.136172 1.028398
v -1.649308 -2.102818 1.035365
v -1.807894 -2.212056 0.884663
v -1.810711 -2.238733 0.936203
v -1.811584 -2.235311 0.994198
v -1.864536 -2.246027 0.880254
v -1.868702 -2.274135 0.926733
v -1.867922 -2.267370 0.980782
v -1.921503 -2.271003 0.876775
v -1.927502 -2.301991 0.918838
v -1.924648 -2.290827 0.970149
v -1.748240 -1.897071 0.845447
v -1.719506 -1.885334 0.854124
v -1.693468 -1.876309 0.865319
v -1.734106 -1.963145 0.824099
v -1.704458 -1.944652 0.832096
v -1.678229 -1.928605 0.843537
v -1.721722 -2.033808 0.825385
v -1.689997 -2.008705 0.832264
v -1.663280 -1.985464 0.843011
v -1.801063 -2.086013 0.820659
v -1.846843 -2.108800 0.820986
v -1.893090 -2.123866 0.821749
v -1.802785 -2.005062 0.815766
v -1.840411 -2.023440 0.814309
v -1.878206 -2.034281 0.814043
v -1.809039 -1.928007 0.833213
v -1.839305 -1.943027 0.829217
v -1.869086 -1.952313 0.826880
v -1.650187 -1.867308 0.897374
v -1.633967 -1.868818 0.919399
v -1.621473 -1.871205 0.940785
v -1.636899 -1.905415 0.879130
v -1.622688 -1.899490 0.904585
v -1.611963 -1.895918 0.929610
v -1.624065 -1.947192 0.878262
v -1.612260 -1.933254 0.903854
v -1.603791 -1.923225 0.928288
v -1.608932 -2.015442 0.935673
v -1.600224 -1.988119 0.951174
v -1.594870 -1.964656 0.964563
v -1.609008 -2.033298 0.986613
v -1.600064 -2.002592 0.993433
v -1.594673 -1.975626 0.999340
v -1.612457 -2.037657 1.040304
v -1.603143 -2.006516 1.037823
v -1.597259 -1.979713 1.035484
v -1.632188 -1.998385 1.119388
v -1.618950 -1.975421 1.102468
v -1.609063 -1.956455 1.084802
v -1.645786 -1.959710 1.134800
v -1.629806 -1.944137 1.114866
v -1.617507 -1.930856 1.094169
v -1.658286 -1.917330 1.132812
v -1.640515 -1.909946 1.113100
v -1.626617 -1.903607 1.093406
vt 0.870484 0.687500
vt 0.868707 0.625000
vt 0.873264 0.625000
vt 0.873807 0.687500
vt 0.870483 0.562500
vt 0.873806 0.562500
vt 0.874783 0.625000
vt 0.874851 0.687500
vt 0.874851 0.562500
vt 0.875000 0.750000
vt 0.860677 0.687500
vt 0.875000 0.750000
vt 0.857639 0.625000
vt 0.860677 0.562500
vt 0.875000 0.500000
vt 0.875000 0.500000
vt 0.875000 0.500000
vt 0.875000 0.500000
vt 0.875000 0.500000
vt 0.875000 0.562500
vt 0.875000 0.625000
vt 0.875000 0.687500
vt 0.875000 0.750000
vt 0.875000 0.750000
vt 0.875000 0.750000
vt 0.875000 0.687500
vt 0.875000 0.625000
vt 0.875000 0.625000
vt 0.875000 0.687500
vt 0.875000 0.562500
vt 0.875000 0.562500
vt 0.875000 0.625000
vt 0.875000 0.687500
vt 0.875000 0.562500
vt 0.875000 0.750000
vt 0.875000 0.500000
vt 0.875000 0.500000
vt 0.875000 0.500000
vt 0.875000 0.500000
vt 0.875000 0.562500
vt 0.875000 0.625000
vt 0.875000 0.687500
vt 0.875000 0.750000
vt 0.875000 0.750000
vt 0.875000 0.750000
vt 0.437500 0.995484
vt 0.500000 0.993707
vt 0.500000 0.998264
vt 0.437500 0.998807
vt 0.562500 0.995483
vt 0.562500 0.998806
vt 0.500000 0.999783
vt 0.437500 0.999851
vt 0.562500 0.999851
vt 0.375000 1.000000
vt 0.437500 0.985677
vt 0.375000 1.000000
vt 0.500000 0.982639
vt 0.562500 0.985677
vt 0.625000 1.000000
vt 0.625000 1.000000
vt 0.625000 1.000000
vt 0.625000 1.000000
vt 0.625000 1.000000
vt 0.562500 1.000000
vt 0.500000 1.000000
vt 0.437500 1.000000
vt 0.375000 1.000000
vt 0.375000 1.000000
vt 0.375000 1.000000
vt 0.437500 0.906101
vt 0.500000 0.906033
vt 0.500000 0.935764
vt 0.437500 0.936307
vt 0.562500 0.906101
vt 0.562500 0.936306
vt 0.500000 0.962457
vt 0.437500 0.964233
vt 0.562500 0.964233
vt 0.375000 0.875000
vt 0.437500 0.875000
vt 0.375000 0.906250
vt 0.500000 0.875000
vt 0.562500 0.875000
vt 0.625000 0.875000
vt 0.625000 0.906250
vt 0.625000 0.937500
vt 0.625000 0.968750
vt 0.375000 0.968750
vt 0.375000 0.937500
vt 0.437500 0.062202
vt 0.500000 0.062066
vt 0.500000 0.121528
vt 0.437500 0.122613
vt 0.562500 0.062202
vt 0.562500 0.122613
vt 0.500000 0.174913
vt 0.437500 0.178467
vt 0.562500 0.178467
vt 0.375000 0.000000
vt 0.437500 0.000000
vt 0.375000 0.062500
vt 0.500000 0.000000
vt 0.562500 0.000000
vt 0.625000 0.000000
vt 0.625000 0.062500
vt 0.625000 0.125000
vt 0.625000 0.187500
vt 0.625000 0.250000
vt 0.562500 0.221354
vt 0.500000 0.215278
vt 0.437500 0.221354
vt 0.375000 0.187500
vt 0.375000 0.250000
vt 0.375000 0.125000
vt 0.781101 0.562500
vt 0.811306 0.562500
vt 0.810764 0.625000
vt 0.781033 0.625000
vt 0.839233 0.562500
vt 0.837457 0.625000
vt 0.811306 0.687500
vt 0.781101 0.687500
vt 0.839233 0.687500
vt 0.750000 0.500000
vt 0.781250 0.500000
vt 0.750000 0.562500
vt 0.812500 0.500000
vt 0.843750 0.500000
vt 0.843750 0.750000
vt 0.812500 0.750000
vt 0.781250 0.750000
vt 0.750000 0.687500
vt 0.750000 0.750000
vt 0.750000 0.625000
vt 0.129517 0.562500
vt 0.131293 0.625000
vt 0.126736 0.625000
vt 0.126194 0.562500
vt 0.129517 0.687500
vt 0.126194 0.687500
vt 0.125217 0.625000
vt 0.125149 0.562500
vt 0.125149 0.687500
vt 0.125000 0.500000
vt 0.139323 0.562500
vt 0.125000 0.500000
vt 0.142361 0.625000
vt 0.139323 0.687500
vt 0.125000 0.750000
vt 0.125000 0.750000
vt 0.125000 0.750000
vt 0.125000 0.750000
vt 0.125000 0.750000
vt 0.125000 0.687500
vt 0.125000 0.625000
vt 0.125000 0.562500
vt 0.125000 0.500000
vt 0.125000 0.500000
vt 0.125000 0.500000
vt 0.160767 0.562500
vt 0.188694 0.562500
vt 0.189236 0.625000
vt 0.162543 0.625000
vt 0.218899 0.562500
vt 0.218967 0.625000
vt 0.188694 0.687500
vt 0.160767 0.687500
vt 0.218899 0.687500
vt 0.156250 0.500000
vt 0.187500 0.500000
vt 0.218750 0.500000
vt 0.250000 0.500000
vt 0.250000 0.562500
vt 0.250000 0.625000
vt 0.250000 0.687500
vt 0.250000 0.750000
vt 0.218750 0.750000
vt 0.187500 0.750000
vt 0.156250 0.750000
vt 0.562500 0.254517
vt 0.500000 0.256293
vt 0.500000 0.251736
vt 0.562500 0.251194
vt 0.437500 0.254517
vt 0.437500 0.251194
vt 0.500000 0.250217
vt 0.562500 0.250149
vt 0.437500 0.250149
vt 0.625000 0.250000
vt 0.562500 0.264323
vt 0.625000 0.250000
vt 0.500000 0.267361
vt 0.437500 0.264323
vt 0.375000 0.250000
vt 0.375000 0.250000
vt 0.375000 0.250000
vt 0.375000 0.250000
vt 0.375000 0.250000
vt 0.437500 0.250000
vt 0.500000 0.250000
vt 0.562500 0.250000
vt 0.625000 0.250000
vt 0.625000 0.250000
vt 0.625000 0.250000
vt 0.437500 0.285767
vt 0.500000 0.287543
vt 0.500000 0.314236
vt 0.437500 0.313694
vt 0.562500 0.285767
vt 0.562500 0.313694
vt 0.500000 0.343967
vt 0.437500 0.343899
vt 0.562500 0.343899
vt 0.375000 0.281250
vt 0.625000 0.281250
vt 0.625000 0.312500
vt 0.625000 0.343750
vt 0.625000 0.375000
vt 0.562500 0.375000
vt 0.500000 0.375000
vt 0.437500 0.375000
vt 0.375000 0.343750
vt 0.375000 0.375000
vt 0.375000 0.312500
vt 0.562500 0.249702
vt 0.500000 0.249566
vt 0.500000 0.246528
vt 0.562500 0.247613
vt 0.437500 0.249702
vt 0.437500 0.247613
vt 0.500000 0.237413
vt 0.562500 0.240967
vt 0.437500 0.240967
vt 0.625000 0.250000
vt 0.375000 0.250000
vt 0.375000 0.250000
vt 0.375000 0.250000
vt 0.625000 0.250000
vt 0.625000 0.250000
vt 0.125000 0.562500
vt 0.125000 0.625000
vt 0.125000 0.625000
vt 0.125000 0.562500
vt 0.125000 0.687500
vt 0.125000 0.687500
vt 0.125000 0.625000
vt 0.125000 0.562500
vt 0.125000 0.687500
vt 0.125000 0.500000
vt 0.125000 0.750000
vt 0.125000 0.750000
vt 0.125000 0.750000
vt 0.125000 0.750000
vt 0.125000 0.687500
vt 0.125000 0.625000
vt 0.125000 0.562500
vt 0.125000 0.500000
vt 0.125000 0.500000
vt 0.125000 0.500000
vt 0.437500 1.000000
vt 0.500000 1.000000
vt 0.500000 1.000000
vt 0.437500 1.000000
vt 0.562500 1.000000
vt 0.562500 1.000000
vt 0.500000 1.000000
vt 0.437500 1.000000
vt 0.562500 1.000000
vt 0.375000 1.000000
vt 0.625000 1.000000
vt 0.625000 1.000000
vt 0.625000 1.000000
vt 0.625000 1.000000
vt 0.562500 1.000000
vt 0.500000 1.000000
vt 0.437500 1.000000
vt 0.375000 1.000000
vt 0.375000 1.000000
vt 0.375000 1.000000
vt 0.875000 0.687500
vt 0.875000 0.687500
vt 0.875000 0.625000
vt 0.875000 0.625000
vt 0.875000 0.687500
vt 0.875000 0.625000
vt 0.875000 0.562500
vt 0.875000 0.562500
vt 0.875000 0.562500
vt 0.875000 0.750000
vt 0.875000 0.750000
vt 0.875000 0.687500
vt 0.875000 0.750000
vt 0.875000 0.750000
vt 0.875000 0.750000
vt 0.875000 0.687500
vt 0.875000 0.625000
vt 0.875000 0.562500
vt 0.875000 0.500000
vt 0.875000 0.500000
vt 0.875000 0.500000
vt 0.875000 0.500000
vt 0.875000 0.562500
vt 0.875000 0.500000
vt 0.875000 0.625000
vt 0.875000 0.687500
vt 0.875000 0.687500
vt 0.875000 0.625000
vt 0.875000 0.625000
vt 0.875000 0.687500
vt 0.875000 0.625000
vt 0.875000 0.562500
vt 0.875000 0.562500
vt 0.875000 0.562500
vt 0.875000 0.750000
vt 0.875000 0.750000
vt 0.875000 0.750000
vt 0.875000 0.750000
vt 0.875000 0.687500
vt 0.875000 0.625000
vt 0.875000 0.562500
vt 0.875000 0.500000
vt 0.875000 0.500000
vt 0.875000 0.500000
vt 0.875000 0.500000
vt 0.437500 1.000000
vt 0.437500 1.000000
vt 0.500000 1.000000
vt 0.500000 1.000000
vt 0.437500 1.000000
vt 0.500000 1.000000
vt 0.562500 1.000000
vt 0.562500 1.000000
vt 0.562500 1.000000
vt 0.375000 1.000000
vt 0.375000 1.000000
vt 0.437500 1.000000
vt 0.375000 1.000000
vt 0.375000 1.000000
vt 0.375000 1.000000
vt 0.437500 1.000000
vt 0.500000 1.000000
vt 0.562500 1.000000
vt 0.625000 1.000000
vt 0.625000 1.000000
vt 0.625000 1.000000
vt 0.625000 1.000000
vt 0.562500 1.000000
vt 0.625000 1.000000
vt 0.500000 1.000000
vt 0.437500 0.906250
vt 0.437500 0.937500
vt 0.500000 0.937500
vt 0.500000 0.906250
vt 0.437500 0.968750
vt 0.500000 0.968750
vt 0.562500 0.937500
vt 0.562500 0.906250
vt 0.562500 0.968750
vt 0.375000 0.906250
vt 0.375000 0.937500
vt 0.375000 0.968750
vt 0.625000 0.968750
vt 0.625000 0.937500
vt 0.625000 0.906250
vt 0.437500 0.062500
vt 0.437500 0.125000
vt 0.500000 0.125000
vt 0.500000 0.062500
vt 0.437500 0.187500
vt 0.500000 0.187500
vt 0.562500 0.125000
vt 0.562500 0.062500
vt 0.562500 0.187500
vt 0.375000 0.000000
vt 0.375000 0.062500
vt 0.437500 0.000000
vt 0.375000 0.125000
vt 0.375000 0.187500
vt 0.375000 0.250000
vt 0.437500 0.250000
vt 0.500000 0.250000
vt 0.562500 0.250000
vt 0.625000 0.250000
vt 0.625000 0.187500
vt 0.625000 0.125000
vt 0.625000 0.062500
vt 0.562500 0.000000
vt 0.625000 0.000000
vt 0.500000 0.000000
vt 0.781250 0.562500
vt 0.781250 0.625000
vt 0.812500 0.625000
vt 0.812500 0.562500
vt 0.781250 0.687500
vt 0.812500 0.687500
vt 0.843750 0.625000
vt 0.843750 0.562500
vt 0.843750 0.687500
vt 0.781250 0.500000
vt 0.781250 0.750000
vt 0.812500 0.750000
vt 0.843750 0.750000
vt 0.843750 0.500000
vt 0.812500 0.500000
vt 0.125000 0.562500
vt 0.125000 0.562500
vt 0.125000 0.625000
vt 0.125000 0.625000
vt 0.125000 0.562500
vt 0.125000 0.625000
vt 0.125000 0.687500
vt 0.125000 0.687500
vt 0.125000 0.687500
vt 0.125000 0.500000
vt 0.125000 0.500000
vt 0.125000 0.562500
vt 0.125000 0.500000
vt 0.125000 0.500000
vt 0.125000 0.500000
vt 0.125000 0.562500
vt 0.125000 0.625000
vt 0.125000 0.687500
vt 0.125000 0.750000
vt 0.125000 0.750000
vt 0.125000 0.750000
vt 0.125000 0.750000
vt 0.125000 0.687500
vt 0.125000 0.750000
vt 0.125000 0.625000
vt 0.156250 0.562500
vt 0.156250 0.625000
vt 0.187500 0.625000
vt 0.187500 0.562500
vt 0.156250 0.687500
vt 0.187500 0.687500
vt 0.218750 0.625000
vt 0.218750 0.562500
vt 0.218750 0.687500
vt 0.156250 0.500000
vt 0.156250 0.750000
vt 0.187500 0.750000
vt 0.218750 0.750000
vt 0.218750 0.500000
vt 0.187500 0.500000
vt 0.562500 0.250000
vt 0.562500 0.250000
vt 0.500000 0.250000
vt 0.500000 0.250000
vt 0.562500 0.250000
vt 0.500000 0.250000
vt 0.437500 0.250000
vt 0.437500 0.250000
vt 0.437500 0.250000
vt 0.625000 0.250000
vt 0.625000 0.250000
vt 0.562500 0.250000
vt 0.625000 0.250000
vt 0.625000 0.250000
vt 0.625000 0.250000
vt 0.562500 0.250000
vt 0.500000 0.250000
vt 0.437500 0.250000
vt 0.375000 0.250000
vt 0.375000 0.250000
vt 0.375000 0.250000
vt 0.375000 0.250000
vt 0.437500 0.250000
vt 0.375000 0.250000
vt 0.500000 0.250000
vt 0.437500 0.281250
vt 0.437500 0.312500
vt 0.500000 0.312500
vt 0.500000 0.281250
vt 0.437500 0.343750
vt 0.500000 0.343750
vt 0.562500 0.312500
vt 0.562500 0.281250
vt 0.562500 0.343750
vt 0.375000 0.281250
vt 0.375000 0.312500
vt 0.375000 0.343750
vt 0.625000 0.343750
vt 0.625000 0.312500
vt 0.625000 0.281250
vt 0.562500 0.250000
vt 0.562500 0.250000
vt 0.500000 0.250000
vt 0.500000 0.250000
vt 0.562500 0.250000
vt 0.500000 0.250000
vt 0.437500 0.250000
vt 0.437500 0.250000
vt 0.437500 0.250000
vt 0.625000 0.250000
vt 0.625000 0.250000
vt 0.625000 0.250000
vt 0.375000 0.250000
vt 0.375000 0.250000
vt 0.375000 0.250000
vt 0.125000 0.562500
vt 0.125000 0.562500
vt 0.125000 0.625000
vt 0.125000 0.625000
vt 0.125000 0.562500
vt 0.125000 0.625000
vt 0.125000 0.687500
vt 0.125000 0.687500
vt 0.125000 0.687500
vt 0.125000 0.500000
vt 0.125000 0.500000
vt 0.125000 0.500000
vt 0.125000 0.500000
vt 0.125000 0.562500
vt 0.125000 0.625000
vt 0.125000 0.687500
vt 0.125000 0.750000
vt 0.125000 0.750000
vt 0.125000 0.750000
vt 0.125000 0.750000
vt 0.437500 1.000000
vt 0.437500 1.000000
vt 0.500000 1.000000
vt 0.500000 1.000000
vt 0.437500 1.000000
vt 0.500000 1.000000
vt 0.562500 1.000000
vt 0.562500 1.000000
vt 0.562500 1.000000
vt 0.375000 1.000000
vt 0.375000 1.000000
vt 0.375000 1.000000
vt 0.375000 1.000000
vt 0.437500 1.000000
vt 0.500000 1.000000
vt 0.562500 1.000000
vt 0.625000 1.000000
vt 0.625000 1.000000
vt 0.625000 1.000000
vt 0.625000 1.000000
vn 0.5947 0.6001 0.5350
vn 0.6713 0.7198 0.1769
vn 0.5647 0.8032 0.1896
vn 0.5032 0.6781 0.5356
vn 0.6187 0.7593 -0.2014
vn 0.5249 0.8326 -0.1763
vn 0.4382 0.8762 0.2007
vn 0.3936 0.7584 0.5195
vn 0.4131 0.9004 -0.1368
vn 0.4402 0.3197 0.8390
vn 0.6558 0.5440 0.5234
vn 0.3989 0.3753 0.8366
vn 0.7363 0.6557 0.1668
vn 0.6817 0.7010 -0.2095
vn 0.4945 0.6176 -0.6116
vn 0.4494 0.6756 -0.5845
vn 0.3822 0.7472 -0.5436
vn 0.2886 0.8239 -0.4877
vn 0.1722 0.8932 -0.4153
vn 0.3022 0.9485 -0.0942
vn 0.3305 0.9209 0.2065
vn 0.2844 0.8229 0.4918
vn 0.2504 0.5416 0.8025
vn 0.1383 0.6383 0.7573
vn 0.3378 0.4505 0.8263
vn 0.1214 0.8841 0.4512
vn 0.1708 0.9626 0.2100
vn 0.0091 0.9781 0.2079
vn -0.0339 0.9132 0.4060
vn 0.1375 0.9895 -0.0446
vn -0.0203 0.9998 -0.0020
vn -0.1498 0.9682 0.2005
vn -0.1700 0.9176 0.3591
vn -0.1592 0.9867 0.0338
vn -0.0259 0.7373 0.6751
vn 0.0053 0.9491 -0.3150
vn -0.1454 0.9637 -0.2238
vn -0.2545 0.9546 -0.1550
vn -0.3927 0.9174 -0.0647
vn -0.3768 0.9244 0.0589
vn -0.3740 0.9097 0.1805
vn -0.3847 0.8739 0.2972
vn -0.2770 0.8130 0.5121
vn -0.4084 0.8176 0.4059
vn -0.1727 0.7919 0.5857
vn -0.3790 -0.3660 0.8499
vn -0.1127 -0.2034 0.9726
vn -0.1638 -0.1153 0.9797
vn -0.4486 -0.2771 0.8497
vn 0.1316 0.0571 0.9897
vn 0.0880 0.1436 0.9857
vn -0.2447 0.0071 0.9695
vn -0.5362 -0.1513 0.8304
vn 0.0136 0.2550 0.9668
vn -0.6183 -0.5130 0.5954
vn -0.3316 -0.4267 0.8414
vn -0.6825 -0.4429 0.5814
vn -0.0872 -0.2671 0.9597
vn 0.1499 -0.0105 0.9886
vn -0.0952 0.3874 0.9170
vn -0.3531 0.1638 0.9211
vn -0.6292 0.0114 0.7772
vn -0.8156 -0.2090 0.5395
vn -0.8668 -0.0546 0.4956
vn -0.7511 -0.3398 0.5661
vn -0.2080 -0.5199 0.8285
vn -0.0912 -0.3733 0.9232
vn -0.0887 -0.3497 0.9326
vn -0.2643 -0.4947 0.8279
vn 0.0839 -0.1161 0.9897
vn 0.1428 -0.1121 0.9834
vn -0.0824 -0.3159 0.9452
vn -0.2998 -0.4667 0.8320
vn 0.1805 -0.0650 0.9814
vn -0.1576 -0.6852 0.7111
vn -0.1206 -0.5464 0.8288
vn -0.3652 -0.6236 0.6911
vn -0.0793 -0.3883 0.9181
vn -0.0089 -0.1129 0.9935
vn 0.1050 0.3474 0.9318
vn 0.3880 0.2781 0.8786
vn 0.4928 0.2286 0.8396
vn 0.5077 0.2578 0.8220
vn -0.5597 -0.5513 0.6186
vn -0.4826 -0.5835 0.6531
vn -0.7866 0.5839 0.2005
vn -0.6917 0.6801 0.2430
vn -0.6948 0.7079 0.1269
vn -0.7942 0.5992 0.1004
vn -0.5691 0.7778 0.2666
vn -0.5614 0.8131 0.1537
vn -0.6838 0.7295 0.0099
vn -0.7800 0.6257 0.0035
vn -0.5614 0.8267 0.0360
vn -0.8473 0.4599 0.2657
vn -0.7688 0.5455 0.3338
vn -0.8692 0.4677 0.1603
vn -0.6699 0.6352 0.3844
vn -0.5484 0.7268 0.4135
vn -0.5306 0.8394 -0.1175
vn -0.6523 0.7457 -0.1359
vn -0.7530 0.6445 -0.1324
vn -0.8634 0.5043 -0.0123
vn -0.8346 0.5397 -0.1101
vn -0.8741 0.4802 0.0725
vn 0.6770 0.7069 -0.2047
vn 0.7694 0.6030 -0.2105
vn 0.8271 0.5425 0.1466
vn 0.7441 0.6468 0.1671
vn 0.7611 0.6142 -0.2082
vn 0.8158 0.5586 0.1495
vn 0.7469 0.4527 0.4870
vn 0.6517 0.5506 0.5216
vn 0.7363 0.4653 0.4912
vn 0.1595 0.6921 -0.7039
vn 0.4270 0.6139 -0.6639
vn 0.2315 0.9434 -0.2372
vn 0.5233 0.5505 -0.6505
vn 0.5509 0.5565 -0.6219
vn 0.2023 0.7605 0.6170
vn 0.2410 0.9464 0.2148
vn -0.8562 -0.2853 -0.4306
vn -0.9263 -0.3610 -0.1078
vn -0.9636 -0.2529 -0.0862
vn -0.9074 -0.1861 -0.3767
vn -0.8782 -0.4238 0.2217
vn -0.9272 -0.3105 0.2095
vn -0.9892 -0.1331 -0.0616
vn -0.9453 -0.0716 -0.3182
vn -0.9628 -0.1816 0.2002
vn -0.5753 -0.2242 -0.7866
vn -0.8064 -0.3446 -0.4805
vn -0.6453 -0.1646 -0.7460
vn -0.8955 -0.4283 -0.1211
vn -0.8309 -0.4989 0.2463
vn -0.9808 -0.0417 0.1904
vn -0.9994 -0.0043 -0.0346
vn -0.9658 0.0526 -0.2537
vn -0.7842 0.0385 -0.6193
vn -0.8364 0.1639 -0.5230
vn -0.7179 -0.0735 -0.6923
vn -0.7599 -0.3707 -0.5340
vn -0.6829 -0.4073 -0.6064
vn -0.8225 -0.5500 -0.1445
vn -0.8717 -0.4725 -0.1297
vn -0.5455 -0.4509 -0.7064
vn -0.7287 -0.6644 -0.1656
vn -0.7149 -0.6090 0.3435
vn -0.7876 -0.5451 0.2874
vn -0.5837 -0.6913 0.4259
vn -0.5114 -0.2484 -0.8227
vn -0.4312 -0.2625 -0.8632
vn -0.3114 -0.2844 -0.9067
vn -0.1021 -0.3354 -0.9365
vn -0.1619 -0.5854 -0.7944
vn -0.2412 -0.9476 -0.2093
vn -0.2047 -0.8552 0.4762
vn 0.1977 0.4506 -0.8705
vn -0.0612 0.2096 -0.9759
vn -0.1174 0.3004 -0.9466
vn 0.1458 0.5361 -0.8314
vn -0.3435 0.0072 -0.9391
vn -0.4166 0.0956 -0.9040
vn -0.2037 0.4145 -0.8869
vn 0.0622 0.6370 -0.7684
vn -0.5033 0.2091 -0.8384
vn 0.2207 0.3820 -0.8974
vn -0.0315 0.1410 -0.9895
vn -0.2875 -0.0566 -0.9561
vn -0.5929 0.3387 -0.7306
vn -0.3140 0.5394 -0.7813
vn -0.0530 0.7384 -0.6723
vn -0.2453 -0.0967 -0.9646
vn -0.0237 0.0907 -0.9956
vn -0.0264 0.0557 -0.9981
vn -0.2039 -0.1198 -0.9716
vn 0.2222 0.3287 -0.9179
vn 0.1935 0.3039 -0.9328
vn -0.0257 0.0314 -0.9991
vn -0.1466 -0.1398 -0.9792
vn 0.1397 0.3012 -0.9432
vn 0.0588 0.3087 -0.9493
vn -0.0146 0.0194 -0.9997
vn -0.0601 -0.1636 -0.9847
vn -0.2082 0.8244 -0.5262
vn -0.4419 0.6560 -0.6118
vn -0.5379 0.7179 -0.4418
vn -0.3407 0.8580 -0.3844
vn -0.6745 0.4737 -0.5663
vn -0.7208 0.5613 -0.4067
vn -0.5949 0.7430 -0.3067
vn -0.4309 0.8596 -0.2746
vn -0.7358 0.6112 -0.2915
vn -0.8668 0.3024 -0.3963
vn -0.8704 0.4047 -0.2804
vn -0.8591 0.4694 -0.2040
vn -0.9655 0.1877 -0.1807
vn -0.9911 0.1329 -0.0052
vn -0.9684 0.2483 0.0201
vn -0.9479 0.2960 -0.1176
vn -0.9775 0.1114 0.1787
vn -0.9575 0.2357 0.1664
vn -0.9357 0.3501 0.0428
vn -0.9223 0.3805 -0.0675
vn -0.9298 0.3329 0.1566
vn -0.8939 0.1259 0.4301
vn -0.8921 0.2679 0.3638
vn -0.8768 0.3579 0.3211
vn -0.7111 0.2077 0.6717
vn -0.4819 0.3486 0.8039
vn -0.5742 0.4830 0.6610
vn -0.7525 0.3576 0.5531
vn -0.2483 0.5355 0.8072
vn -0.3764 0.6318 0.6776
vn -0.6236 0.5625 0.5429
vn -0.7613 0.4503 0.4665
vn -0.4594 0.6800 0.5714
vn -0.2221 0.8044 0.5509
vn -0.1046 0.8303 0.5474
vn -0.1127 0.9727 0.2027
vn -0.2463 0.9494 0.1948
vn 0.0291 0.8496 0.5265
vn 0.0336 0.9774 0.2085
vn -0.0771 0.9833 -0.1646
vn -0.1953 0.9630 -0.1856
vn 0.0548 0.9900 -0.1298
vn -0.2068 0.4817 0.8516
vn -0.1443 0.5112 0.8472
vn -0.3027 0.7839 0.5421
vn -0.0554 0.5489 0.8340
vn 0.0636 0.5883 0.8061
vn 0.2062 0.6213 0.7559
vn 0.1548 0.8554 0.4943
vn 0.1499 0.9661 0.2100
vn 0.1768 0.9799 -0.0918
vn 0.2535 0.8729 -0.4169
vn 0.1157 0.8672 -0.4843
vn -0.0050 0.8441 -0.5361
vn -0.0994 0.8129 -0.5738
vn -0.2785 0.9413 -0.1908
vn -0.1674 0.7833 -0.5987
vn -0.3342 0.9236 0.1876
vn 0.3258 0.8330 0.4472
vn 0.4747 0.7859 0.3962
vn 0.4601 0.8652 0.1991
vn 0.3103 0.9277 0.2073
vn 0.5951 0.7261 0.3443
vn 0.5952 0.7817 0.1860
vn 0.4885 0.8724 -0.0119
vn 0.3431 0.9380 -0.0486
vn 0.6061 0.7951 0.0190
vn 0.3947 0.6320 0.6669
vn 0.5465 0.6119 0.5718
vn 0.6457 0.5821 0.4941
vn 0.7598 0.5252 0.3832
vn 0.7615 0.5870 0.2748
vn 0.7646 0.6247 0.1584
vn 0.7695 0.6375 0.0366
vn 0.7757 0.6250 -0.0875
vn 0.6681 0.7237 -0.1729
vn 0.5737 0.7837 -0.2378
vn 0.4306 0.8426 -0.3233
vn 0.1928 -0.5091 0.8388
vn 0.2960 -0.4634 0.8352
vn 0.1259 -0.1878 0.9741
vn 0.0391 -0.2414 0.9696
vn 0.4318 -0.3935 0.8116
vn 0.2546 -0.1178 0.9598
vn 0.0260 0.1591 0.9869
vn -0.0529 0.1033 0.9932
vn 0.1434 0.2225 0.9643
vn 0.3252 -0.7491 0.5770
vn 0.4143 -0.7174 0.5601
vn 0.1221 -0.5403 0.8325
vn 0.5228 -0.6586 0.5413
vn 0.6402 -0.5734 0.5112
vn 0.7565 -0.4608 0.4640
vn 0.5884 -0.2933 0.7535
vn 0.4220 -0.0302 0.9061
vn 0.2999 0.2885 0.9093
vn -0.1009 0.0522 0.9935
vn -0.0138 -0.2854 0.9583
vn -0.0311 -0.5642 0.8251
vn 0.0304 -0.5684 0.8221
vn -0.0523 -0.3588 0.9319
vn -0.0616 -0.3807 0.9226
vn 0.0750 -0.5605 0.8247
vn -0.0415 -0.3262 0.9444
vn -0.1427 -0.0406 0.9889
vn -0.0924 -0.0719 0.9931
vn -0.1538 0.0187 0.9879
vn 0.0536 -0.7284 0.6830
vn 0.1745 -0.7480 0.6403
vn 0.2564 -0.7556 0.6027
vn -0.2961 0.4589 0.8377
vn -0.2960 0.4260 0.8549
vn -0.1789 0.4201 0.8897
vn 0.9756 0.1429 0.1663
vn 0.9859 0.1537 0.0658
vn 0.9504 0.2962 0.0949
vn 0.9388 0.2721 0.2112
vn 0.9823 0.1847 -0.0308
vn 0.9466 0.3215 -0.0217
vn 0.8834 0.4515 0.1256
vn 0.8777 0.4157 0.2384
vn 0.8854 0.4646 0.0078
vn 0.9731 0.0044 0.2303
vn 0.9922 0.0018 0.1241
vn 0.9467 0.1162 0.3004
vn 0.9993 0.0114 0.0361
vn 0.9981 0.0385 -0.0485
vn 0.9857 0.0842 -0.1455
vn 0.9624 0.2152 -0.1658
vn 0.9211 0.3519 -0.1665
vn 0.8586 0.4918 -0.1445
vn 0.8408 0.3791 0.3865
vn 0.9036 0.2414 0.3538
vn -0.2713 0.9443 -0.1863
vn -0.3452 0.9194 0.1883
vn -0.4683 0.8667 0.1718
vn -0.4020 0.8961 -0.1878
vn -0.2962 0.7878 0.5401
vn -0.4274 0.7466 0.5098
vn -0.4506 0.8755 0.1741
vn -0.3893 0.9021 -0.1858
vn -0.4120 0.7527 0.5135
vn -0.1117 0.7487 -0.6534
vn -0.2463 0.7560 -0.6064
vn -0.2258 0.7379 -0.6359
vn 0.6046 -0.6509 -0.4590
vn 0.6985 -0.5879 -0.4079
vn 0.7271 -0.6760 -0.1190
vn 0.6426 -0.7536 -0.1383
vn 0.7879 -0.5053 -0.3519
vn 0.8070 -0.5826 -0.0965
vn 0.6787 -0.7124 0.1782
vn 0.5826 -0.7894 0.1932
vn 0.7704 -0.6154 0.1665
vn 0.3728 -0.4614 -0.8050
vn 0.4640 -0.4422 -0.7675
vn 0.5310 -0.6793 -0.5065
vn 0.5728 -0.3965 -0.7174
vn 0.6867 -0.3296 -0.6479
vn 0.7953 -0.2445 -0.5547
vn 0.8668 -0.4060 -0.2893
vn 0.8776 -0.4740 -0.0711
vn 0.8519 -0.5003 0.1548
vn 0.5065 -0.8336 0.2203
vn 0.5833 -0.7983 -0.1498
vn 0.4757 -0.6799 -0.5580
vn 0.5412 -0.8261 -0.1571
vn 0.4608 -0.8712 -0.1694
vn 0.3880 -0.6753 -0.6272
vn 0.4481 -0.8543 0.2633
vn 0.3559 -0.8770 0.3227
vn 0.3234 -0.9278 -0.1861
vn 0.2427 -0.6482 -0.7218
vn 0.2046 -0.8885 0.4106
vn 0.3037 -0.4523 -0.8385
vn 0.1074 -0.3892 -0.9149
vn 0.2249 -0.4266 -0.8760
vn 0.0060 0.4986 -0.8668
vn 0.0934 0.5493 -0.8304
vn 0.2103 0.2184 -0.9529
vn 0.1169 0.1650 -0.9793
vn 0.2169 0.5982 -0.7714
vn 0.3423 0.2779 -0.8975
vn 0.3791 -0.1035 -0.9195
vn 0.2719 -0.1468 -0.9510
vn 0.5113 -0.0448 -0.8582
vn -0.0475 0.4491 -0.8922
vn 0.3698 0.6326 -0.6805
vn 0.5022 0.3352 -0.7971
vn 0.6554 0.0263 -0.7548
vn 0.1917 -0.1765 -0.9654
vn 0.0580 0.1186 -0.9912
vn 0.1354 -0.1920 -0.9720
vn 0.0878 -0.1928 -0.9773
vn 0.0129 0.0458 -0.9988
vn 0.0272 0.0779 -0.9966
vn 0.0276 -0.1834 -0.9826
vn 0.0009 0.0248 -0.9997
vn -0.0616 0.3677 -0.9279
vn -0.0747 0.4030 -0.9121
vn -0.0158 0.3402 -0.9402
vn 0.5524 0.6341 -0.5410
vn 0.6902 0.6000 -0.4044
vn 0.7960 0.3842 -0.4678
vn 0.6760 0.3763 -0.6335
vn 0.7745 0.5580 -0.2980
vn 0.8630 0.3781 -0.3350
vn 0.8847 0.1596 -0.4379
vn 0.7968 0.1055 -0.5949
vn 0.9257 0.1954 -0.3239
vn 0.9708 0.0115 -0.2396
vn 0.9475 -0.0502 -0.3157
vn 0.8920 -0.1377 -0.4305
vn 0.9328 -0.2873 -0.2176
vn 0.9706 -0.1841 -0.1549
vn 0.9713 -0.2371 -0.0176
vn 0.9360 -0.3493 -0.0426
vn 0.9897 -0.0980 -0.1046
vn 0.9912 -0.1321 0.0053
vn 0.9610 -0.2444 0.1290
vn 0.9207 -0.3636 0.1418
vn 0.9821 -0.1455 0.1194
vn 0.9531 -0.1000 0.2855
vn 0.9258 -0.1870 0.3284
vn 0.8630 -0.3137 0.3959
vn 0.7491 -0.1577 0.6434
vn 0.8519 -0.0439 0.5219
vn 0.7577 0.1497 0.6352
vn 0.6183 0.0733 0.7825
vn 0.9001 0.0345 0.4342
vn 0.8344 0.1976 0.5145
vn 0.6540 0.3740 0.6575
vn 0.5005 0.3481 0.7926
vn 0.7461 0.3783 0.5479
usemtl Red
s 1
f 7118/7221/5945 7119/7222/5946 7122/7223/5947 7121/7224/5948
f 7119/7222/5946 7120/7225/5949 7123/7226/5950 7122/7223/5947
f 7121/7224/5948 7122/7223/5947 7125/7227/5951 7124/7228/5952
f 7122/7223/5947 7123/7226/5950 7126/7229/5953 7125/7227/5951
f 6935/7230/5954 6968/7231/5955 7118/7221/5945 6994/7232/5956
f 6968/7231/5955 6969/7233/5957 7119/7222/5946 7118/7221/5945
f 6969/7233/5957 6970/7234/5958 7120/7225/5949 7119/7222/5946
f 6970/7234/5958 6937/7235/5959 6986/7236/5960 7120/7225/5949
f 7120/7225/5949 6986/7236/5960 6987/7237/5961 7123/7226/5950
f 7123/7226/5950 6987/7237/5961 6988/7238/5962 7126/7229/5953
f 7126/7229/5953 6988/7238/5962 6938/7239/5963 6982/7240/5964
f 7125/7227/5951 7126/7229/5953 6982/7240/5964 6981/7241/5965
f 7124/7228/5952 7125/7227/5951 6981/7241/5965 6980/7242/5966
f 6992/7243/5967 7124/7228/5952 6980/7242/5966 6939/7244/5968
f 6993/7245/5969 7121/7224/5948 7124/7228/5952 6992/7243/5967
f 6994/7232/5956 7118/7221/5945 7121/7224/5948 6993/7245/5969
f 7127/7246/5970 7128/7247/5971 7131/7248/5972 7130/7249/5973
f 7128/7247/5971 7129/7250/5974 7132/7251/5975 7131/7248/5972
f 7130/7249/5973 7131/7248/5972 7134/7252/5976 7133/7253/5977
f 7131/7248/5972 7132/7251/5975 7135/7254/5978 7134/7252/5976
f 6939/7244/5968 6980/7242/5966 7127/7246/5970 7039/7255/5979
f 6980/7242/5966 6981/7241/5965 7128/7247/5971 7127/7246/5970
f 6981/7241/5965 6982/7240/5964 7129/7250/5974 7128/7247/5971
f 6982/7240/5964 6938/7239/5963 7034/7256/5980 7129/7250/5974
f 7129/7250/5974 7034/7256/5980 7035/7257/5981 7132/7251/5975
f 7132/7251/5975 7035/7257/5981 7036/7258/5982 7135/7254/5978
f 7135/7254/5978 7036/7258/5982 6945/7259/5983 7027/7260/5984
f 7134/7252/5976 7135/7254/5978 7027/7260/5984 7026/7261/5985
f 7133/7253/5977 7134/7252/5976 7026/7261/5985 7025/7262/5986
f 7037/7263/5987 7133/7253/5977 7025/7262/5986 6944/7264/5988
f 7038/7265/5989 7130/7249/5973 7133/7253/5977 7037/7263/5987
f 7039/7255/5979 7127/7246/5970 7130/7249/5973 7038/7265/5989
f 7136/7266/5990 7137/7267/5991 7140/7268/5992 7139/7269/5993
f 7137/7267/5991 7138/7270/5994 7141/7271/5995 7140/7268/5992
f 7139/7269/5993 7140/7268/5992 7143/7272/5996 7142/7273/5997
f 7140/7268/5992 7141/7271/5995 7144/7274/5998 7143/7272/5996
f 6934/7275/5999 6965/7276/6000 7136/7266/5990 6989/7277/6001
f 6965/7276/6000 6966/7278/6002 7137/7267/5991 7136/7266/5990
f 6966/7278/6002 6967/7279/6003 7138/7270/5994 7137/7267/5991
f 6967/7279/6003 6935/7280/5954 6994/7281/5956 7138/7270/5994
f 7138/7270/5994 6994/7281/5956 6993/7282/5969 7141/7271/5995
f 7141/7271/5995 6993/7282/5969 6992/7283/5967 7144/7274/5998
f 7144/7274/5998 6992/7283/5967 6939/7284/5968 7000/7285/6004
f 7143/7272/5996 7144/7274/5998 7000/7285/6004 6999/7286/6005
f 7142/7273/5997 7143/7272/5996 6999/7286/6005 6998/7287/6006
f 6991/7288/6007 7142/7273/5997 6998/7287/6006 6940/7289/6008
f 6990/7290/6009 7139/7269/5993 7142/7273/5997 6991/7288/6007
f 6989/7277/6001 7136/7266/5990 7139/7269/5993 6990/7290/6009
f 7145/7291/6010 7146/7292/6011 7149/7293/6012 7148/7294/6013
f 7146/7292/6011 7147/7295/6014 7150/7296/6015 7149/7293/6012
f 7148/7294/6013 7149/7293/6012 7152/7297/6016 7151/7298/6017
f 7149/7293/6012 7150/7296/6015 7153/7299/6018 7152/7297/6016
f 6956/7300/6019 7018/7301/6020 7145/7291/6010 7006/7302/6021
f 7018/7301/6020 7017/7303/6022 7146/7292/6011 7145/7291/6010
f 7017/7303/6022 7016/7304/6023 7147/7295/6014 7146/7292/6011
f 7016/7304/6023 6957/7305/6024 6995/7306/6025 7147/7295/6014
f 7147/7295/6014 6995/7306/6025 6996/7307/6026 7150/7296/6015
f 7150/7296/6015 6996/7307/6026 6997/7308/6027 7153/7299/6018
f 7153/7299/6018 6997/7308/6027 6935/7280/5954 6967/7279/6003
f 7152/7297/6016 7153/7299/6018 6967/7279/6003 6966/7278/6002
f 7151/7298/6017 7152/7297/6016 6966/7278/6002 6965/7276/6000
f 7004/7309/6028 7151/7298/6017 6965/7276/6000 6934/7275/5999
f 7005/7310/6029 7148/7294/6013 7151/7298/6017 7004/7309/6028
f 7006/7302/6021 7145/7291/6010 7148/7294/6013 7005/7310/6029
f 7154/7311/6030 7155/7312/6031 7158/7313/6032 7157/7314/6033
f 7155/7312/6031 7156/7315/6034 7159/7316/6035 7158/7313/6032
f 7157/7314/6033 7158/7313/6032 7161/7317/6036 7160/7318/6037
f 7158/7313/6032 7159/7316/6035 7162/7319/6038 7161/7317/6036
f 6943/7320/6039 7028/7321/6040 7154/7311/6030 7024/7322/6041
f 7028/7321/6040 7029/7323/6042 7155/7312/6031 7154/7311/6030
f 7029/7323/6042 7030/7324/6043 7156/7315/6034 7155/7312/6031
f 7030/7324/6043 6944/7325/5988 7025/7326/5986 7156/7315/6034
f 7156/7315/6034 7025/7326/5986 7026/7327/5985 7159/7316/6035
f 7159/7316/6035 7026/7327/5985 7027/7328/5984 7162/7319/6038
f 7162/7319/6038 7027/7328/5984 6945/7329/5983 7031/7330/6044
f 7161/7317/6036 7162/7319/6038 7031/7330/6044 7032/7331/6045
f 7160/7318/6037 7161/7317/6036 7032/7331/6045 7033/7332/6046
f 7022/7333/6047 7160/7318/6037 7033/7332/6046 6942/7334/6048
f 7023/7335/6049 7157/7314/6033 7160/7318/6037 7022/7333/6047
f 7024/7322/6041 7154/7311/6030 7157/7314/6033 7023/7335/6049
f 7163/7336/6050 7164/7337/6051 7167/7338/6052 7166/7339/6053
f 7164/7337/6051 7165/7340/6054 7168/7341/6055 7167/7338/6052
f 7166/7339/6053 7167/7338/6052 7170/7342/6056 7169/7343/6057
f 7167/7338/6052 7168/7341/6055 7171/7344/6058 7170/7342/6056
f 6955/7345/6059 7003/7346/6060 7163/7336/6050 7010/7347/6061
f 7003/7346/6060 7002/7348/6062 7164/7337/6051 7163/7336/6050
f 7002/7348/6062 7001/7349/6063 7165/7340/6054 7164/7337/6051
f 7001/7349/6063 6937/7235/5959 6970/7234/5958 7165/7340/6054
f 7165/7340/6054 6970/7234/5958 6969/7233/5957 7168/7341/6055
f 7168/7341/6055 6969/7233/5957 6968/7231/5955 7171/7344/6058
f 7171/7344/6058 6968/7231/5955 6935/7230/5954 6997/7350/6027
f 7170/7342/6056 7171/7344/6058 6997/7350/6027 6996/7351/6026
f 7169/7343/6057 7170/7342/6056 6996/7351/6026 6995/7352/6025
f 7012/7353/6064 7169/7343/6057 6995/7352/6025 6957/7354/6024
f 7011/7355/6065 7166/7339/6053 7169/7343/6057 7012/7353/6064
f 7010/7347/6061 7163/7336/6050 7166/7339/6053 7011/7355/6065
f 7172/7356/6066 7173/7357/6067 7176/7358/6068 7175/7359/6069
f 7173/7357/6067 7174/7360/6070 7177/7361/6071 7176/7358/6068
f 7175/7359/6069 7176/7358/6068 7179/7362/6072 7178/7363/6073
f 7176/7358/6068 7177/7361/6071 7180/7364/6074 7179/7362/6072
f 6936/7365/6075 6962/7366/6076 7172/7356/6066 6985/7367/6077
f 6962/7366/6076 6963/7368/6078 7173/7357/6067 7172/7356/6066
f 6963/7368/6078 6964/7369/6079 7174/7360/6070 7173/7357/6067
f 6964/7369/6079 6934/7370/5999 6989/7371/6001 7174/7360/6070
f 7174/7360/6070 6989/7371/6001 6990/7372/6009 7177/7361/6071
f 7177/7361/6071 6990/7372/6009 6991/7373/6007 7180/7364/6074
f 7180/7364/6074 6991/7373/6007 6940/7374/6008 6979/7375/6080
f 7179/7362/6072 7180/7364/6074 6979/7375/6080 6978/7376/6081
f 7178/7363/6073 7179/7362/6072 6978/7376/6081 6977/7377/6082
f 6983/7378/6083 7178/7363/6073 6977/7377/6082 6941/7379/6084
f 6984/7380/6085 7175/7359/6069 7178/7363/6073 6983/7378/6083
f 6985/7367/6077 7172/7356/6066 7175/7359/6069 6984/7380/6085
f 7181/7381/6086 7182/7382/6087 7185/7383/6088 7184/7384/6089
f 7182/7382/6087 7183/7385/6090 7186/7386/6091 7185/7383/6088
f 7184/7384/6089 7185/7383/6088 7188/7387/6092 7187/7388/6093
f 7185/7383/6088 7186/7386/6091 7189/7389/6094 7188/7387/6092
f 6936/7365/6075 6976/7390/6095 7181/7381/6086 6962/7366/6076
f 6976/7390/6095 6975/7391/6096 7182/7382/6087 7181/7381/6086
f 6975/7391/6096 6974/7392/6097 7183/7385/6090 7182/7382/6087
f 6974/7392/6097 6954/7393/6098 7013/7394/6099 7183/7385/6090
f 7183/7385/6090 7013/7394/6099 7014/7395/6100 7186/7386/6091
f 7186/7386/6091 7014/7395/6100 7015/7396/6101 7189/7389/6094
f 7189/7389/6094 7015/7396/6101 6956/7397/6019 7006/7398/6021
f 7188/7387/6092 7189/7389/6094 7006/7398/6021 7005/7399/6029
f 7187/7388/6093 7188/7387/6092 7005/7399/6029 7004/7400/6028
f 6964/7369/6079 7187/7388/6093 7004/7400/6028 6934/7370/5999
f 6963/7368/6078 7184/7384/6089 7187/7388/6093 6964/7369/6079
f 6962/7366/6076 7181/7381/6086 7184/7384/6089 6963/7368/6078
f 7190/7401/6102 7191/7402/6103 7194/7403/6104 7193/7404/6105
f 7191/7402/6103 7192/7405/6106 7195/7406/6107 7194/7403/6104
f 7193/7404/6105 7194/7403/6104 7197/7407/6108 7196/7408/6109
f 7194/7403/6104 7195/7406/6107 7198/7409/6110 7197/7407/6108
f 6937/7410/5959 6971/7411/6111 7190/7401/6102 6986/7412/5960
f 6971/7411/6111 6972/7413/6112 7191/7402/6103 7190/7401/6102
f 6972/7413/6112 6973/7414/6113 7192/7405/6106 7191/7402/6103
f 6973/7414/6113 6936/7415/6075 6985/7416/6077 7192/7405/6106
f 7192/7405/6106 6985/7416/6077 6984/7417/6085 7195/7406/6107
f 7195/7406/6107 6984/7417/6085 6983/7418/6083 7198/7409/6110
f 7198/7409/6110 6983/7418/6083 6941/7419/6084 7009/7420/6114
f 7197/7407/6108 7198/7409/6110 7009/7420/6114 7008/7421/6115
f 7196/7408/6109 7197/7407/6108 7008/7421/6115 7007/7422/6116
f 6988/7423/5962 7196/7408/6109 7007/7422/6116 6938/7424/5963
f 6987/7425/5961 7193/7404/6105 7196/7408/6109 6988/7423/5962
f 6986/7412/5960 7190/7401/6102 7193/7404/6105 6987/7425/5961
f 7199/7426/6117 7200/7427/6118 7203/7428/6119 7202/7429/6120
f 7200/7427/6118 7201/7430/6121 7204/7431/6122 7203/7428/6119
f 7202/7429/6120 7203/7428/6119 7206/7432/6123 7205/7433/6124
f 7203/7428/6119 7204/7431/6122 7207/7434/6125 7206/7432/6123
f 6936/7415/6075 6973/7414/6113 7199/7426/6117 6976/7435/6095
f 6973/7414/6113 6972/7413/6112 7200/7427/6118 7199/7426/6117
f 6972/7413/6112 6971/7411/6111 7201/7430/6121 7200/7427/6118
f 6971/7411/6111 6937/7410/5959 7001/7436/6063 7201/7430/6121
f 7201/7430/6121 7001/7436/6063 7002/7437/6062 7204/7431/6122
f 7204/7431/6122 7002/7437/6062 7003/7438/6060 7207/7434/6125
f 7207/7434/6125 7003/7438/6060 6955/7439/6059 7019/7440/6126
f 7206/7432/6123 7207/7434/6125 7019/7440/6126 7020/7441/6127
f 7205/7433/6124 7206/7432/6123 7020/7441/6127 7021/7442/6128
f 6974/7443/6097 7205/7433/6124 7021/7442/6128 6954/7444/6098
f 6975/7445/6096 7202/7429/6120 7205/7433/6124 6974/7443/6097
f 6976/7435/6095 7199/7426/6117 7202/7429/6120 6975/7445/6096
f 7208/7446/6129 7209/7447/6130 7212/7448/6131 7211/7449/6132
f 7209/7447/6130 7210/7450/6133 7213/7451/6134 7212/7448/6131
f 7211/7449/6132 7212/7448/6131 7215/7452/6135 7214/7453/6136
f 7212/7448/6131 7213/7451/6134 7216/7454/6137 7215/7452/6135
f 6938/7424/5963 7007/7422/6116 7208/7446/6129 7034/7455/5980
f 7007/7422/6116 7008/7421/6115 7209/7447/6130 7208/7446/6129
f 7008/7421/6115 7009/7420/6114 7210/7450/6133 7209/7447/6130
f 7009/7420/6114 6941/7419/6084 7040/7456/6138 7210/7450/6133
f 7210/7450/6133 7040/7456/6138 7041/7457/6139 7213/7451/6134
f 7213/7451/6134 7041/7457/6139 7042/7458/6140 7216/7454/6137
f 7216/7454/6137 7042/7458/6140 6942/7334/6048 7033/7332/6046
f 7215/7452/6135 7216/7454/6137 7033/7332/6046 7032/7331/6045
f 7214/7453/6136 7215/7452/6135 7032/7331/6045 7031/7330/6044
f 7036/7459/5982 7214/7453/6136 7031/7330/6044 6945/7329/5983
f 7035/7460/5981 7211/7449/6132 7214/7453/6136 7036/7459/5982
f 7034/7455/5980 7208/7446/6129 7211/7449/6132 7035/7460/5981
f 7217/7461/6141 7218/7462/6142 7221/7463/6143 7220/7464/6144
f 7218/7462/6142 7219/7465/6145 7222/7466/6146 7221/7463/6143
f 7220/7464/6144 7221/7463/6143 7224/7467/6147 7223/7468/6148
f 7221/7463/6143 7222/7466/6146 7225/7469/6149 7224/7467/6147
f 6941/7379/6084 6977/7377/6082 7217/7461/6141 7040/7470/6138
f 6977/7377/6082 6978/7376/6081 7218/7462/6142 7217/7461/6141
f 6978/7376/6081 6979/7375/6080 7219/7465/6145 7218/7462/6142
f 6979/7375/6080 6940/7374/6008 7043/7471/6150 7219/7465/6145
f 7219/7465/6145 7043/7471/6150 7044/7472/6151 7222/7466/6146
f 7222/7466/6146 7044/7472/6151 7045/7473/6152 7225/7469/6149
f 7225/7469/6149 7045/7473/6152 6943/7474/6039 7024/7475/6041
f 7224/7467/6147 7225/7469/6149 7024/7475/6041 7023/7476/6049
f 7223/7468/6148 7224/7467/6147 7023/7476/6049 7022/7477/6047
f 7042/7478/6140 7223/7468/6148 7022/7477/6047 6942/7479/6048
f 7041/7480/6139 7220/7464/6144 7223/7468/6148 7042/7478/6140
f 7040/7470/6138 7217/7461/6141 7220/7464/6144 7041/7480/6139
f 7226/7481/6153 7227/7482/6154 7230/7483/6155 7229/7484/6156
f 7227/7482/6154 7228/7485/6157 7231/7486/6158 7230/7483/6155
f 7229/7484/6156 7230/7483/6155 7233/7487/6159 7232/7488/6160
f 7230/7483/6155 7231/7486/6158 7234/7489/6161 7233/7487/6159
f 6940/7289/6008 6998/7287/6006 7226/7481/6153 7043/7490/6150
f 6998/7287/6006 6999/7286/6005 7227/7482/6154 7226/7481/6153
f 6999/7286/6005 7000/7285/6004 7228/7485/6157 7227/7482/6154
f 7000/7285/6004 6939/7284/5968 7039/7491/5979 7228/7485/6157
f 7228/7485/6157 7039/7491/5979 7038/7492/5989 7231/7486/6158
f 7231/7486/6158 7038/7492/5989 7037/7493/5987 7234/7489/6161
f 7234/7489/6161 7037/7493/5987 6944/7494/5988 7030/7495/6043
f 7233/7487/6159 7234/7489/6161 7030/7495/6043 7029/7496/6042
f 7232/7488/6160 7233/7487/6159 7029/7496/6042 7028/7497/6040
f 7045/7498/6152 7232/7488/6160 7028/7497/6040 6943/7499/6039
f 7044/7500/6151 7229/7484/6156 7232/7488/6160 7045/7498/6152
f 7043/7490/6150 7226/7481/6153 7229/7484/6156 7044/7500/6151
f 7235/7501/6162 7236/7502/6163 7239/7503/6164 7238/7504/6165
f 7236/7502/6163 7237/7505/6166 7240/7506/6167 7239/7503/6164
f 7238/7504/6165 7239/7503/6164 7242/7507/6168 7241/7508/6169
f 7239/7503/6164 7240/7506/6167 7243/7509/6170 7242/7507/6168
f 6947/7510/6171 7078/7511/6172 7235/7501/6162 7052/7512/6173
f 7078/7511/6172 7077/7513/6174 7236/7502/6163 7235/7501/6162
f 7077/7513/6174 7076/7514/6175 7237/7505/6166 7236/7502/6163
f 7076/7514/6175 6951/7515/6176 7064/7516/6177 7237/7505/6166
f 7237/7505/6166 7064/7516/6177 7065/7517/6178 7240/7506/6167
f 7240/7506/6167 7065/7517/6178 7066/7518/6179 7243/7509/6170
f 7243/7509/6170 7066/7518/6179 6950/7519/6180 7072/7520/6181
f 7242/7507/6168 7243/7509/6170 7072/7520/6181 7071/7521/6182
f 7241/7508/6169 7242/7507/6168 7071/7521/6182 7070/7522/6183
f 7054/7523/6184 7241/7508/6169 7070/7522/6183 6949/7524/6185
f 7053/7525/6186 7238/7504/6165 7241/7508/6169 7054/7523/6184
f 7052/7512/6173 7235/7501/6162 7238/7504/6165 7053/7525/6186
f 7244/7526/6187 7245/7527/6188 7248/7528/6189 7247/7529/6190
f 7245/7527/6188 7246/7530/6191 7249/7531/6192 7248/7528/6189
f 7247/7529/6190 7248/7528/6189 7251/7532/6193 7250/7533/6194
f 7248/7528/6189 7249/7531/6192 7252/7534/6195 7251/7532/6193
f 6951/7515/6176 7111/7535/6196 7244/7526/6187 7064/7516/6177
f 7111/7535/6196 7110/7536/6197 7245/7527/6188 7244/7526/6187
f 7110/7536/6197 7109/7537/6198 7246/7530/6191 7245/7527/6188
f 7109/7537/6198 6960/7538/6199 7097/7539/6200 7246/7530/6191
f 7246/7530/6191 7097/7539/6200 7098/7540/6201 7249/7531/6192
f 7249/7531/6192 7098/7540/6201 7099/7541/6202 7252/7534/6195
f 7252/7534/6195 7099/7541/6202 6961/7542/6203 7108/7543/6204
f 7251/7532/6193 7252/7534/6195 7108/7543/6204 7107/7544/6205
f 7250/7533/6194 7251/7532/6193 7107/7544/6205 7106/7545/6206
f 7066/7518/6179 7250/7533/6194 7106/7545/6206 6950/7519/6180
f 7065/7517/6178 7247/7529/6190 7250/7533/6194 7066/7518/6179
f 7064/7516/6177 7244/7526/6187 7247/7529/6190 7065/7517/6178
f 7253/7546/6207 7254/7547/6208 7257/7548/6209 7256/7549/6210
f 7254/7547/6208 7255/7550/6211 7258/7551/6212 7257/7548/6209
f 7256/7549/6210 7257/7548/6209 7260/7552/6213 7259/7553/6214
f 7257/7548/6209 7258/7551/6212 7261/7554/6215 7260/7552/6213
f 6946/7555/6216 7073/7556/6217 7253/7546/6207 7049/7557/6218
f 7073/7556/6217 7074/7558/6219 7254/7547/6208 7253/7546/6207
f 7074/7558/6219 7075/7559/6220 7255/7550/6211 7254/7547/6208
f 7075/7559/6220 6952/7560/6221 7082/7561/6222 7255/7550/6211
f 7255/7550/6211 7082/7561/6222 7083/7562/6223 7258/7551/6212
f 7258/7551/6212 7083/7562/6223 7084/7563/6224 7261/7554/6215
f 7261/7554/6215 7084/7563/6224 6951/7564/6176 7076/7565/6175
f 7260/7552/6213 7261/7554/6215 7076/7565/6175 7077/7566/6174
f 7259/7553/6214 7260/7552/6213 7077/7566/6174 7078/7567/6172
f 7051/7568/6225 7259/7553/6214 7078/7567/6172 6947/7569/6171
f 7050/7570/6226 7256/7549/6210 7259/7553/6214 7051/7568/6225
f 7049/7557/6218 7253/7546/6207 7256/7549/6210 7050/7570/6226
f 7262/7571/6227 7263/7572/6228 7266/7573/6229 7265/7574/6230
f 7263/7572/6228 7264/7575/6231 7267/7576/6232 7266/7573/6229
f 7265/7574/6230 7266/7573/6229 7269/7577/6233 7268/7578/6234
f 7266/7573/6229 7267/7576/6232 7270/7579/6235 7269/7577/6233
f 6956/7300/6019 7090/7580/6236 7262/7571/6227 7018/7301/6020
f 7090/7580/6236 7089/7581/6237 7263/7572/6228 7262/7571/6227
f 7089/7581/6237 7088/7582/6238 7264/7575/6231 7263/7572/6228
f 7088/7582/6238 6946/7555/6216 7049/7557/6218 7264/7575/6231
f 7264/7575/6231 7049/7557/6218 7050/7570/6226 7267/7576/6232
f 7267/7576/6232 7050/7570/6226 7051/7568/6225 7270/7579/6235
f 7270/7579/6235 7051/7568/6225 6947/7569/6171 7081/7583/6239
f 7269/7577/6233 7270/7579/6235 7081/7583/6239 7080/7584/6240
f 7268/7578/6234 7269/7577/6233 7080/7584/6240 7079/7585/6241
f 7016/7304/6023 7268/7578/6234 7079/7585/6241 6957/7305/6024
f 7017/7303/6022 7265/7574/6230 7268/7578/6234 7016/7304/6023
f 7018/7301/6020 7262/7571/6227 7265/7574/6230 7017/7303/6022
f 7271/7586/6242 7272/7587/6243 7275/7588/6244 7274/7589/6245
f 7272/7587/6243 7273/7590/6246 7276/7591/6247 7275/7588/6244
f 7274/7589/6245 7275/7588/6244 7278/7592/6248 7277/7593/6249
f 7275/7588/6244 7276/7591/6247 7279/7594/6250 7278/7592/6248
f 6959/7595/6251 7096/7596/6252 7271/7586/6242 7100/7597/6253
f 7096/7596/6252 7095/7598/6254 7272/7587/6243 7271/7586/6242
f 7095/7598/6254 7094/7599/6255 7273/7590/6246 7272/7587/6243
f 7094/7599/6255 6958/7600/6256 7105/7601/6257 7273/7590/6246
f 7273/7590/6246 7105/7601/6257 7104/7602/6258 7276/7591/6247
f 7276/7591/6247 7104/7602/6258 7103/7603/6259 7279/7594/6250
f 7279/7594/6250 7103/7603/6259 6961/7604/6203 7099/7605/6202
f 7278/7592/6248 7279/7594/6250 7099/7605/6202 7098/7606/6201
f 7277/7593/6249 7278/7592/6248 7098/7606/6201 7097/7607/6200
f 7102/7608/6260 7277/7593/6249 7097/7607/6200 6960/7609/6199
f 7101/7610/6261 7274/7589/6245 7277/7593/6249 7102/7608/6260
f 7100/7597/6253 7271/7586/6242 7274/7589/6245 7101/7610/6261
f 7280/7611/6262 7281/7612/6263 7284/7613/6264 7283/7614/6265
f 7281/7612/6263 7282/7615/6266 7285/7616/6267 7284/7613/6264
f 7283/7614/6265 7284/7613/6264 7287/7617/6268 7286/7618/6269
f 7284/7613/6264 7285/7616/6267 7288/7619/6270 7287/7617/6268
f 6955/7345/6059 7010/7347/6061 7280/7611/6262 7087/7620/6271
f 7010/7347/6061 7011/7355/6065 7281/7612/6263 7280/7611/6262
f 7011/7355/6065 7012/7353/6064 7282/7615/6266 7281/7612/6263
f 7012/7353/6064 6957/7354/6024 7079/7621/6241 7282/7615/6266
f 7282/7615/6266 7079/7621/6241 7080/7622/6240 7285/7616/6267
f 7285/7616/6267 7080/7622/6240 7081/7623/6239 7288/7619/6270
f 7288/7619/6270 7081/7623/6239 6947/7510/6171 7052/7512/6173
f 7287/7617/6268 7288/7619/6270 7052/7512/6173 7053/7525/6186
f 7286/7618/6269 7287/7617/6268 7053/7525/6186 7054/7523/6184
f 7085/7624/6272 7286/7618/6269 7054/7523/6184 6949/7524/6185
f 7086/7625/6273 7283/7614/6265 7286/7618/6269 7085/7624/6272
f 7087/7620/6271 7280/7611/6262 7283/7614/6265 7086/7625/6273
f 7289/7626/6274 7290/7627/6275 7293/7628/6276 7292/7629/6277
f 7290/7627/6275 7291/7630/6278 7294/7631/6279 7293/7628/6276
f 7292/7629/6277 7293/7628/6276 7296/7632/6280 7295/7633/6281
f 7293/7628/6276 7294/7631/6279 7297/7634/6282 7296/7632/6280
f 6948/7635/6283 7069/7636/6284 7289/7626/6274 7046/7637/6285
f 7069/7636/6284 7068/7638/6286 7290/7627/6275 7289/7626/6274
f 7068/7638/6286 7067/7639/6287 7291/7630/6278 7290/7627/6275
f 7067/7639/6287 6953/7640/6288 7061/7641/6289 7291/7630/6278
f 7291/7630/6278 7061/7641/6289 7062/7642/6290 7294/7631/6279
f 7294/7631/6279 7062/7642/6290 7063/7643/6291 7297/7634/6282
f 7297/7634/6282 7063/7643/6291 6952/7644/6221 7075/7645/6220
f 7296/7632/6280 7297/7634/6282 7075/7645/6220 7074/7646/6219
f 7295/7633/6281 7296/7632/6280 7074/7646/6219 7073/7647/6217
f 7048/7648/6292 7295/7633/6281 7073/7647/6217 6946/7649/6216
f 7047/7650/6293 7292/7629/6277 7295/7633/6281 7048/7648/6292
f 7046/7637/6285 7289/7626/6274 7292/7629/6277 7047/7650/6293
f 7298/7651/6294 7299/7652/6295 7302/7653/6296 7301/7654/6297
f 7299/7652/6295 7300/7655/6298 7303/7656/6299 7302/7653/6296
f 7301/7654/6297 7302/7653/6296 7305/7657/6300 7304/7658/6301
f 7302/7653/6296 7303/7656/6299 7306/7659/6302 7305/7657/6300
f 6948/7635/6283 7046/7637/6285 7298/7651/6294 7060/7660/6303
f 7046/7637/6285 7047/7650/6293 7299/7652/6295 7298/7651/6294
f 7047/7650/6293 7048/7648/6292 7300/7655/6298 7299/7652/6295
f 7048/7648/6292 6946/7649/6216 7088/7661/6238 7300/7655/6298
f 7300/7655/6298 7088/7661/6238 7089/7662/6237 7303/7656/6299
f 7303/7656/6299 7089/7662/6237 7090/7663/6236 7306/7659/6302
f 7306/7659/6302 7090/7663/6236 6956/7397/6019 7015/7396/6101
f 7305/7657/6300 7306/7659/6302 7015/7396/6101 7014/7395/6100
f 7304/7658/6301 7305/7657/6300 7014/7395/6100 7013/7394/6099
f 7058/7664/6304 7304/7658/6301 7013/7394/6099 6954/7393/6098
f 7059/7665/6305 7301/7654/6297 7304/7658/6301 7058/7664/6304
f 7060/7660/6303 7298/7651/6294 7301/7654/6297 7059/7665/6305
f 7307/7666/6306 7308/7667/6307 7311/7668/6308 7310/7669/6309
f 7308/7667/6307 7309/7670/6310 7312/7671/6311 7311/7668/6308
f 7310/7669/6309 7311/7668/6308 7314/7672/6312 7313/7673/6313
f 7311/7668/6308 7312/7671/6311 7315/7674/6314 7314/7672/6312
f 6949/7675/6185 7070/7676/6183 7307/7666/6306 7055/7677/6315
f 7070/7676/6183 7071/7678/6182 7308/7667/6307 7307/7666/6306
f 7071/7678/6182 7072/7679/6181 7309/7670/6310 7308/7667/6307
f 7072/7679/6181 6950/7680/6180 7091/7681/6316 7309/7670/6310
f 7309/7670/6310 7091/7681/6316 7092/7682/6317 7312/7671/6311
f 7312/7671/6311 7092/7682/6317 7093/7683/6318 7315/7674/6314
f 7315/7674/6314 7093/7683/6318 6953/7684/6288 7067/7685/6287
f 7314/7672/6312 7315/7674/6314 7067/7685/6287 7068/7686/6286
f 7313/7673/6313 7314/7672/6312 7068/7686/6286 7069/7687/6284
f 7057/7688/6319 7313/7673/6313 7069/7687/6284 6948/7689/6283
f 7056/7690/6320 7310/7669/6309 7313/7673/6313 7057/7688/6319
f 7055/7677/6315 7307/7666/6306 7310/7669/6309 7056/7690/6320
f 7316/7691/6321 7317/7692/6322 7320/7693/6323 7319/7694/6324
f 7317/7692/6322 7318/7695/6325 7321/7696/6326 7320/7693/6323
f 7319/7694/6324 7320/7693/6323 7323/7697/6327 7322/7698/6328
f 7320/7693/6323 7321/7696/6326 7324/7699/6329 7323/7697/6327
f 6948/7689/6283 7060/7700/6303 7316/7691/6321 7057/7688/6319
f 7060/7700/6303 7059/7701/6305 7317/7692/6322 7316/7691/6321
f 7059/7701/6305 7058/7702/6304 7318/7695/6325 7317/7692/6322
f 7058/7702/6304 6954/7444/6098 7021/7442/6128 7318/7695/6325
f 7318/7695/6325 7021/7442/6128 7020/7441/6127 7321/7696/6326
f 7321/7696/6326 7020/7441/6127 7019/7440/6126 7324/7699/6329
f 7324/7699/6329 7019/7440/6126 6955/7439/6059 7087/7703/6271
f 7323/7697/6327 7324/7699/6329 7087/7703/6271 7086/7704/6273
f 7322/7698/6328 7323/7697/6327 7086/7704/6273 7085/7705/6272
f 7055/7677/6315 7322/7698/6328 7085/7705/6272 6949/7675/6185
f 7056/7690/6320 7319/7694/6324 7322/7698/6328 7055/7677/6315
f 7057/7688/6319 7316/7691/6321 7319/7694/6324 7056/7690/6320
f 7325/7706/6330 7326/7707/6331 7329/7708/6332 7328/7709/6333
f 7326/7707/6331 7327/7710/6334 7330/7711/6335 7329/7708/6332
f 7328/7709/6333 7329/7708/6332 7332/7712/6336 7331/7713/6337
f 7329/7708/6332 7330/7711/6335 7333/7714/6338 7332/7712/6336
f 6950/7680/6180 7106/7715/6206 7325/7706/6330 7091/7681/6316
f 7106/7715/6206 7107/7716/6205 7326/7707/6331 7325/7706/6330
f 7107/7716/6205 7108/7717/6204 7327/7710/6334 7326/7707/6331
f 7108/7717/6204 6961/7604/6203 7103/7603/6259 7327/7710/6334
f 7327/7710/6334 7103/7603/6259 7104/7602/6258 7330/7711/6335
f 7330/7711/6335 7104/7602/6258 7105/7601/6257 7333/7714/6338
f 7333/7714/6338 7105/7601/6257 6958/7600/6256 7114/7718/6339
f 7332/7712/6336 7333/7714/6338 7114/7718/6339 7113/7719/6340
f 7331/7713/6337 7332/7712/6336 7113/7719/6340 7112/7720/6341
f 7093/7683/6318 7331/7713/6337 7112/7720/6341 6953/7684/6288
f 7092/7682/6317 7328/7709/6333 7331/7713/6337 7093/7683/6318
f 7091/7681/6316 7325/7706/6330 7328/7709/6333 7092/7682/6317
f 7334/7721/6342 7335/7722/6343 7338/7723/6344 7337/7724/6345
f 7335/7722/6343 7336/7725/6346 7339/7726/6347 7338/7723/6344
f 7337/7724/6345 7338/7723/6344 7341/7727/6348 7340/7728/6349
f 7338/7723/6344 7339/7726/6347 7342/7729/6350 7341/7727/6348
f 6953/7640/6288 7112/7730/6341 7334/7721/6342 7061/7641/6289
f 7112/7730/6341 7113/7731/6340 7335/7722/6343 7334/7721/6342
f 7113/7731/6340 7114/7732/6339 7336/7725/6346 7335/7722/6343
f 7114/7732/6339 6958/7733/6256 7094/7734/6255 7336/7725/6346
f 7336/7725/6346 7094/7734/6255 7095/7735/6254 7339/7726/6347
f 7339/7726/6347 7095/7735/6254 7096/7736/6252 7342/7729/6350
f 7342/7729/6350 7096/7736/6252 6959/7737/6251 7117/7738/6351
f 7341/7727/6348 7342/7729/6350 7117/7738/6351 7116/7739/6352
f 7340/7728/6349 7341/7727/6348 7116/7739/6352 7115/7740/6353
f 7063/7643/6291 7340/7728/6349 7115/7740/6353 6952/7644/6221
f 7062/7642/6290 7337/7724/6345 7340/7728/6349 7063/7643/6291
f 7061/7641/6289 7334/7721/6342 7337/7724/6345 7062/7642/6290
f 7343/7741/6354 7344/7742/6355 7347/7743/6356 7346/7744/6357
f 7344/7742/6355 7345/7745/6358 7348/7746/6359 7347/7743/6356
f 7346/7744/6357 7347/7743/6356 7350/7747/6360 7349/7748/6361
f 7347/7743/6356 7348/7746/6359 7351/7749/6362 7350/7747/6360
f 6952/7560/6221 7115/7750/6353 7343/7741/6354 7082/7561/6222
f 7115/7750/6353 7116/7751/6352 7344/7742/6355 7343/7741/6354
f 7116/7751/6352 7117/7752/6351 7345/7745/6358 7344/7742/6355
f 7117/7752/6351 6959/7753/6251 7100/7754/6253 7345/7745/6358
f 7345/7745/6358 7100/7754/6253 7101/7755/6261 7348/7746/6359
f 7348/7746/6359 7101/7755/6261 7102/7756/6260 7351/7749/6362
f 7351/7749/6362 7102/7756/6260 6960/7757/6199 7109/7758/6198
f 7350/7747/6360 7351/7749/6362 7109/7758/6198 7110/7759/6197
f 7349/7748/6361 7350/7747/6360 7110/7759/6197 7111/7760/6196
f 7084/7563/6224 7349/7748/6361 7111/7760/6196 6951/7564/6176
f 7083/7562/6223 7346/7744/6357 7349/7748/6361 7084/7563/6224
f 7082/7561/6222 7343/7741/6354 7346/7744/6357 7083/7562/6223
o Sphere.008_Sphere.011
v -0.010852 -1.874608 0.914746
v -0.006852 -1.870608 0.916069
v -0.010804 -1.870667 0.919497
v -0.006861 -1.682893 0.949125
v -0.010861 -1.678897 0.949246
v -0.010818 -1.682838 0.952603
v 0.691165 -1.889763 0.591943
v 0.691602 -1.893311 0.594417
v 0.693605 -1.893715 0.587211
v 0.676752 -1.874910 0.608420
v 0.680553 -1.870925 0.607865
v 0.677368 -1.871176 0.615155
v 0.507709 -2.081376 0.622294
v 0.504044 -2.081985 0.628725
v 0.503713 -2.085380 0.621969
v 0.525478 -1.889591 0.736690
v 0.521484 -1.893587 0.738033
v 0.524720 -1.893169 0.740289
v 0.680525 -2.070013 0.426740
v 0.674522 -2.074347 0.428896
v 0.521735 -2.080904 0.613506
v 0.525725 -2.084555 0.606979
v 0.524918 -2.081128 0.615249
v 0.668458 -1.706713 0.628934
v 0.672595 -1.711410 0.624123
v 0.265385 -1.870591 0.873551
v 0.269384 -1.874591 0.870724
v 0.269052 -1.870648 0.875983
v 0.507515 -1.893301 0.755183
v 0.503511 -1.889306 0.760314
v 0.503757 -1.892666 0.762211
v 0.265470 -1.893608 0.864000
v 0.269204 -1.893115 0.867282
v 0.269475 -1.889603 0.864877
v 0.265261 -2.081605 0.751820
v 0.269257 -2.085602 0.747414
v 0.268894 -2.082063 0.754259
v 0.250121 -2.081620 0.757050
v 0.246165 -2.082170 0.762062
v 0.246122 -2.085624 0.755961
v 0.246106 -1.889501 0.872244
v 0.246143 -1.892952 0.874241
v 0.250106 -1.893500 0.868636
v 0.507642 -1.870629 0.766192
v 0.503973 -1.870699 0.771891
v 0.503643 -1.874628 0.766844
v 0.507599 -1.683365 0.805144
v 0.503598 -1.679361 0.807419
v 0.503907 -1.683290 0.810818
v -0.673851 -2.059848 0.444183
v -0.678705 -2.054981 0.443235
v 0.521910 -1.684605 0.797217
v 0.525353 -1.685248 0.799087
v 0.525864 -1.681307 0.795040
v -0.667472 -1.704557 0.602242
v -0.663250 -1.700021 0.607119
v 0.525173 -1.874560 0.743630
v 0.524215 -1.870630 0.750867
v 0.521189 -1.870551 0.749456
v 0.525173 -1.874560 0.664703
v 0.521189 -1.870551 0.669268
v 0.507642 -1.870629 0.677789
v 0.503643 -1.874628 0.678419
v 0.503511 -1.889306 0.671894
v 0.507515 -1.893301 0.667591
v 0.521484 -1.893587 0.658518
v 0.525478 -1.889591 0.657614
v 0.503598 -1.679361 0.734189
v 0.507599 -1.683365 0.731339
v 0.521910 -1.684605 0.723626
v 0.525864 -1.681307 0.722220
v 0.269257 -2.085602 0.674373
v 0.265261 -2.081605 0.678589
v 0.250121 -2.081620 0.683812
v 0.246122 -2.085624 0.682442
v 0.246106 -1.889501 0.783493
v 0.250106 -1.893500 0.780797
v 0.265470 -1.893608 0.776168
v 0.269475 -1.889603 0.776457
v 0.269384 -1.874591 0.782300
v 0.265385 -1.870591 0.785131
v 0.250120 -1.870627 0.789634
v 0.246120 -1.874626 0.789211
v 0.246111 -1.679117 0.840707
v 0.250111 -1.683121 0.839053
v 0.265429 -1.683136 0.834704
v 0.269430 -1.679139 0.834056
v 0.525731 -2.084628 0.535220
v 0.521735 -2.080904 0.540590
v 0.507709 -2.081376 0.549302
v 0.503713 -2.085380 0.548927
v 0.680553 -1.870925 0.534869
v 0.676752 -1.874910 0.536029
v 0.677635 -1.889762 0.527420
v 0.681088 -1.893743 0.522299
v -0.519061 -1.870551 0.669252
v -0.523056 -1.874553 0.664676
v -0.523361 -1.889594 0.657622
v -0.519368 -1.893587 0.658523
v -0.505397 -1.893301 0.667591
v -0.501393 -1.889306 0.671894
v -0.501525 -1.874628 0.678419
v -0.505524 -1.870629 0.677789
v -0.523270 -1.680798 0.720885
v -0.519302 -1.684254 0.722953
v -0.505481 -1.683365 0.731339
v -0.501480 -1.679361 0.734189
v -0.010861 -1.678897 0.875712
v -0.006861 -1.682893 0.875297
v 0.008978 -1.682893 0.875297
v 0.012978 -1.678897 0.875712
v -0.244004 -2.085624 0.682442
v -0.248004 -2.081620 0.683812
v -0.263144 -2.081605 0.678589
v -0.267139 -2.085602 0.674373
v -0.247989 -1.893500 0.780797
v -0.243988 -1.889501 0.783493
v -0.244003 -1.874626 0.789211
v -0.248002 -1.870627 0.789634
v -0.263267 -1.870591 0.785131
v -0.267267 -1.874592 0.782300
v -0.267357 -1.889603 0.776457
v -0.263353 -1.893608 0.776168
v -0.267312 -1.679139 0.834056
v -0.263311 -1.683136 0.834704
v -0.247994 -1.683121 0.839053
v -0.243993 -1.679117 0.840707
v 0.012966 -2.085844 0.722839
v 0.008966 -2.081848 0.725520
v -0.006849 -2.081848 0.725520
v -0.010849 -2.085844 0.722839
v -0.501595 -2.085380 0.548927
v -0.505591 -2.081376 0.549303
v -0.519730 -2.080283 0.541198
v -0.523689 -2.083656 0.536262
v -0.678986 -1.893917 0.522763
v -0.675853 -1.889856 0.527446
v -0.674506 -1.874647 0.535090
v -0.678247 -1.870658 0.533324
v -0.006852 -1.870608 0.827641
v -0.010852 -1.874608 0.825994
v -0.010865 -1.889555 0.820454
v -0.006865 -1.893556 0.819100
v 0.008982 -1.893556 0.819100
v 0.012982 -1.889555 0.820454
v 0.012969 -1.874608 0.825994
v 0.008969 -1.870608 0.827641
v 0.012969 -1.874608 0.914746
v 0.012922 -1.870667 0.919497
v 0.008969 -1.870608 0.916069
v 0.008978 -1.682893 0.949125
v 0.012935 -1.682838 0.952603
v 0.012978 -1.678897 0.949246
v 0.265429 -1.683136 0.908525
v 0.269118 -1.683082 0.911032
v 0.269430 -1.679139 0.907286
v 0.250111 -1.683121 0.912874
v 0.246111 -1.679117 0.914241
v 0.246154 -1.683052 0.917549
v 0.246120 -1.874626 0.877962
v 0.250120 -1.870627 0.878055
v 0.246167 -1.870692 0.882735
v 0.008982 -1.893556 0.906978
v 0.012945 -1.893034 0.911262
v 0.012982 -1.889555 0.909205
v -0.010865 -1.889555 0.909205
v -0.010827 -1.893034 0.911262
v -0.006865 -1.893556 0.906978
v -0.006849 -2.081848 0.798795
v -0.010804 -2.082363 0.802425
v -0.010849 -2.085844 0.796358
v 0.008966 -2.081848 0.798795
v 0.012966 -2.085844 0.796358
v 0.012922 -2.082363 0.802425
v -0.505524 -1.870629 0.766193
v -0.501525 -1.874628 0.766844
v -0.501855 -1.870699 0.771891
v -0.505481 -1.683365 0.805144
v -0.501789 -1.683290 0.810819
v -0.501480 -1.679361 0.807419
v -0.519302 -1.684254 0.796547
v -0.523270 -1.680798 0.793328
v -0.522495 -1.684703 0.798075
v -0.519061 -1.870551 0.749443
v -0.522076 -1.870622 0.750842
v -0.523056 -1.874553 0.743585
v -0.263353 -1.893608 0.864000
v -0.267357 -1.889603 0.864877
v -0.267086 -1.893115 0.867282
v -0.263144 -2.081605 0.751820
v -0.266777 -2.082063 0.754259
v -0.267139 -2.085602 0.747414
v -0.248004 -2.081620 0.757050
v -0.244004 -2.085624 0.755961
v -0.244048 -2.082170 0.762061
v -0.243988 -1.889501 0.872244
v -0.247989 -1.893500 0.868636
v -0.244025 -1.892952 0.874241
v -0.263267 -1.870591 0.873551
v -0.266934 -1.870649 0.875983
v -0.267267 -1.874592 0.870724
v -0.505397 -1.893301 0.755183
v -0.501639 -1.892666 0.762211
v -0.501393 -1.889306 0.760314
v -0.505591 -2.081376 0.622294
v -0.501595 -2.085380 0.621969
v -0.501926 -2.081985 0.628725
v -0.519368 -1.893587 0.738039
v -0.523359 -1.889488 0.736680
v -0.522580 -1.893065 0.740322
v -0.519730 -2.080283 0.614117
v -0.522945 -2.080195 0.616115
v -0.523647 -2.083435 0.608393
v -0.701814 -1.885357 0.580492
v -0.703528 -1.889476 0.575623
v -0.702714 -1.888618 0.582649
v -0.674506 -1.874647 0.607463
v -0.675136 -1.870781 0.613654
v -0.678247 -1.870658 0.606573
v -0.244003 -1.874626 0.877962
v -0.244050 -1.870692 0.882735
v -0.248002 -1.870627 0.878055
v -0.247994 -1.683121 0.912874
v -0.244036 -1.683052 0.917549
v -0.243993 -1.679117 0.914241
v -0.263311 -1.683136 0.908525
v -0.267312 -1.679139 0.907286
v -0.267000 -1.683082 0.911032
v 0.643855 -2.074499 0.505835
v 0.649686 -2.070239 0.506047
v 0.645060 -2.070665 0.512457
v 0.672595 -1.711410 0.697119
v 0.668458 -1.706713 0.701755
v 0.668923 -1.710622 0.704174
v -0.663250 -1.700021 0.679562
v -0.667472 -1.704557 0.675491
v -0.664130 -1.704100 0.682536
v -0.660873 -2.050647 0.510034
v -0.655396 -2.055658 0.510251
v -0.656480 -2.051250 0.516424
vt 0.627243 0.288525
vt 0.627233 0.297643
vt 0.627233 0.297643
vt 0.627243 0.288525
vt 0.614498 0.297653
vt 0.614491 0.288536
vt 0.614491 0.288536
vt 0.614498 0.297653
vt 0.654029 0.297672
vt 0.641763 0.297670
vt 0.641763 0.288488
vt 0.654030 0.288498
vt 0.668496 0.297576
vt 0.668478 0.288732
vt 0.668478 0.288732
vt 0.668496 0.297576
vt 0.676400 0.295595
vt 0.668699 0.297709
vt 0.668683 0.297714
vt 0.676408 0.295593
vt 0.000000 0.000000
vt 0.000000 0.000000
vt 0.000000 0.000000
vt 0.000000 0.000000
vt 0.000000 0.000000
vt 0.000000 0.000000
vt 0.000000 0.000000
vt 0.000000 0.000000
vt 0.667568 0.297847
vt 0.655254 0.297837
vt 0.655254 0.297837
vt 0.667568 0.297847
vt 0.668272 0.307821
vt 0.668430 0.298837
vt 0.668430 0.298837
vt 0.668272 0.307821
vt 0.000000 0.000000
vt 0.000000 0.000000
vt 0.000000 0.000000
vt 0.000000 0.000000
vt 0.000000 0.000000
vt 0.000000 0.000000
vt 0.000000 0.000000
vt 0.000000 0.000000
vt 0.654027 0.297840
vt 0.641765 0.297838
vt 0.641765 0.297838
vt 0.654027 0.297840
vt 0.628040 0.307848
vt 0.628039 0.298756
vt 0.628039 0.298756
vt 0.628040 0.307848
vt 0.614695 0.297682
vt 0.614685 0.288507
vt 0.627050 0.288501
vt 0.627038 0.297668
vt 0.000000 0.000000
vt 0.000000 0.000000
vt 0.000000 0.000000
vt 0.000000 0.000000
vt 0.613667 0.297654
vt 0.605890 0.297595
vt 0.611787 0.288860
vt 0.613937 0.288534
vt 0.628248 0.297672
vt 0.628247 0.288498
vt 0.640515 0.288488
vt 0.640513 0.297670
vt 0.627040 0.307850
vt 0.614691 0.307839
vt 0.614688 0.298752
vt 0.627043 0.298754
vt 0.613614 0.298655
vt 0.613584 0.307402
vt 0.605839 0.300791
vt 0.605555 0.298368
vt 0.640722 0.298756
vt 0.640722 0.307859
vt 0.640722 0.307859
vt 0.640722 0.298756
vt 0.000000 0.000000
vt 0.000000 0.000000
vt 0.000000 0.000000
vt 0.000000 0.000000
vt 0.000000 0.000000
vt 0.000000 0.000000
vt 0.000000 0.000000
vt 0.000000 0.000000
vt 0.655252 0.298563
vt 0.667572 0.298562
vt 0.667572 0.298562
vt 0.655252 0.298563
vt 0.641765 0.298562
vt 0.654028 0.298562
vt 0.654028 0.298562
vt 0.641765 0.298562
vt 0.000000 0.000000
vt 0.000000 0.000000
vt 0.000000 0.000000
vt 0.000000 0.000000
vt 0.655044 0.297643
vt 0.655034 0.288525
vt 0.655034 0.288525
vt 0.655044 0.297643
vt 0.667782 0.298756
vt 0.667780 0.307836
vt 0.667780 0.307836
vt 0.667782 0.298756
vt 0.668629 0.298047
vt 0.676291 0.295734
vt 0.676291 0.295734
vt 0.668629 0.298047
vt 0.655043 0.307847
vt 0.655041 0.298757
vt 0.655041 0.298757
vt 0.655043 0.307847
vt 0.614497 0.307836
vt 0.614495 0.298756
vt 0.614495 0.298756
vt 0.614497 0.307836
vt 0.000000 0.000000
vt 0.000000 0.000000
vt 0.000000 0.000000
vt 0.000000 0.000000
vt 0.667786 0.288536
vt 0.667779 0.297653
vt 0.667779 0.297653
vt 0.667786 0.288536
vt 0.613590 0.297829
vt 0.605805 0.297784
vt 0.605789 0.297784
vt 0.613618 0.297829
vt 0.641763 0.298753
vt 0.654030 0.298753
vt 0.654029 0.307851
vt 0.641763 0.307862
vt 0.655237 0.307850
vt 0.655235 0.298754
vt 0.667589 0.298752
vt 0.667586 0.307839
vt 0.000000 0.000000
vt 0.000000 0.000000
vt 0.000000 0.000000
vt 0.000000 0.000000
vt 0.654238 0.288524
vt 0.654237 0.297646
vt 0.654237 0.297646
vt 0.654238 0.288524
vt 0.667582 0.297682
vt 0.655239 0.297668
vt 0.655227 0.288501
vt 0.667593 0.288507
vt 0.627023 0.297837
vt 0.614709 0.297847
vt 0.614709 0.297847
vt 0.627023 0.297837
vt 0.640723 0.288513
vt 0.640722 0.297644
vt 0.640722 0.297644
vt 0.640723 0.288513
vt 0.613776 0.298692
vt 0.613757 0.307536
vt 0.613757 0.307536
vt 0.613776 0.298692
vt 0.614010 0.288551
vt 0.613799 0.297636
vt 0.613799 0.297636
vt 0.614010 0.288551
vt 0.614705 0.298562
vt 0.627025 0.298563
vt 0.627025 0.298563
vt 0.614705 0.298562
vt 0.000000 0.000000
vt 0.000000 0.000000
vt 0.000000 0.000000
vt 0.000000 0.000000
vt 0.668557 0.298871
vt 0.676067 0.301135
vt 0.670476 0.307536
vt 0.668335 0.307817
vt 0.627236 0.298757
vt 0.627234 0.307847
vt 0.627234 0.307847
vt 0.627236 0.298757
vt 0.654238 0.298756
vt 0.654238 0.307848
vt 0.654238 0.307848
vt 0.654238 0.298756
vt 0.675583 0.293220
vt 0.676413 0.295515
vt 0.668649 0.297568
vt 0.668653 0.288787
vt 0.000000 0.000000
vt 0.000000 0.000000
vt 0.000000 0.000000
vt 0.000000 0.000000
vt 0.605594 0.298299
vt 0.613566 0.298497
vt 0.613566 0.298497
vt 0.605593 0.298299
vt 0.641555 0.307859
vt 0.641555 0.298756
vt 0.641555 0.298756
vt 0.641555 0.307859
vt 0.641555 0.297644
vt 0.641554 0.288513
vt 0.641554 0.288513
vt 0.641555 0.297644
vt 0.000000 0.000000
vt 0.000000 0.000000
vt 0.000000 0.000000
vt 0.000000 0.000000
vt 0.640511 0.297838
vt 0.628250 0.297840
vt 0.628250 0.297840
vt 0.640512 0.297838
vt 0.000000 0.000000
vt 0.000000 0.000000
vt 0.000000 0.000000
vt 0.000000 0.000000
vt 0.628248 0.307851
vt 0.628247 0.298753
vt 0.640514 0.298753
vt 0.640514 0.307862
vt 0.000000 0.000000
vt 0.000000 0.000000
vt 0.000000 0.000000
vt 0.000000 0.000000
vt 0.000000 0.000000
vt 0.000000 0.000000
vt 0.000000 0.000000
vt 0.000000 0.000000
vt 0.628040 0.297646
vt 0.628039 0.288524
vt 0.628039 0.288524
vt 0.628040 0.297646
vt 0.640512 0.298562
vt 0.000000 0.000000
vt 0.000000 0.000000
vt 0.676478 0.295537
vt 0.676561 0.295507
vt 0.676549 0.295476
vt 0.676493 0.295673
vt 0.676274 0.295740
vt 0.667860 0.288446
vt 0.667786 0.288552
vt 0.667675 0.288342
vt 0.668478 0.288543
vt 0.668478 0.288658
vt 0.655034 0.288331
vt 0.655034 0.288462
vt 0.654268 0.288429
vt 0.654238 0.288512
vt 0.654064 0.288330
vt 0.000000 0.000000
vt 0.000000 0.000000
vt 0.668356 0.308002
vt 0.668555 0.298070
vt 0.668427 0.298108
vt 0.641586 0.307825
vt 0.641769 0.308053
vt 0.641797 0.308053
vt 0.655119 0.307815
vt 0.655251 0.308041
vt 0.655336 0.308041
vt 0.654238 0.308042
vt 0.654238 0.307856
vt 0.640723 0.288474
vt 0.640723 0.288319
vt 0.641554 0.288319
vt 0.641554 0.288474
vt 0.614497 0.307855
vt 0.614497 0.308030
vt 0.613756 0.307726
vt 0.613757 0.307487
vt 0.627243 0.288462
vt 0.627243 0.288331
vt 0.000000 0.000000
vt 0.000000 0.000000
vt 0.614491 0.288342
vt 0.614491 0.288552
vt 0.614011 0.288491
vt 0.614014 0.288356
vt 0.000000 0.000000
vt 0.000000 0.000000
vt 0.605596 0.298300
vt 0.605383 0.298294
vt 0.628250 0.298562
vt 0.628039 0.307856
vt 0.628040 0.308042
vt 0.627234 0.308041
vt 0.627234 0.307836
vt 0.000000 0.000000
vt 0.000000 0.000000
vt 0.000000 0.000000
vt 0.000000 0.000000
vt 0.000000 0.000000
vt 0.655344 0.288331
vt 0.668858 0.288790
vt 0.675693 0.293236
vt 0.675748 0.293297
vt 0.676274 0.301112
vt 0.670641 0.307458
vt 0.670405 0.307698
vt 0.641801 0.288320
vt 0.654058 0.308042
vt 0.613404 0.307421
vt 0.605749 0.300804
vt 0.605659 0.300656
vt 0.626941 0.308041
vt 0.614625 0.308030
vt 0.614602 0.288342
vt 0.626933 0.288331
vt 0.000000 0.000000
vt 0.000000 0.000000
vt 0.000000 0.000000
vt 0.654238 0.288330
vt 0.654238 0.288330
vt 0.000000 0.000000
vt 0.000000 0.000000
vt 0.000000 0.000000
vt 0.000000 0.000000
vt 0.000000 0.000000
vt 0.000000 0.000000
vt 0.000000 0.000000
vt 0.000000 0.000000
vt 0.000000 0.000000
vt 0.667786 0.288342
vt 0.667786 0.288342
vt 0.655034 0.288331
vt 0.000000 0.000000
vt 0.000000 0.000000
vt 0.654238 0.308042
vt 0.668478 0.288543
vt 0.676575 0.295547
vt 0.676575 0.295547
vt 0.614491 0.288342
vt 0.676493 0.295673
vt 0.668269 0.308015
vt 0.668269 0.308015
vt 0.641554 0.288319
vt 0.000000 0.000000
vt 0.641555 0.308053
vt 0.641555 0.308053
vt 0.605383 0.298294
vt 0.614497 0.308030
vt 0.613756 0.307726
vt 0.628250 0.298562
vt 0.627234 0.308041
vt 0.627243 0.288331
vt 0.640512 0.298562
vn 1.0000 0.0011 -0.0000
vn -1.0000 0.0010 0.0000
vn 0.1421 -0.4991 0.8548
vn -1.0000 -0.0013 0.0000
vn 0.0010 1.0000 -0.0001
vn -0.0009 1.0000 0.0000
vn -0.9927 -0.1109 -0.0475
vn -0.0013 1.0000 0.0000
vn -1.0000 0.0039 0.0000
vn -0.0009 -1.0000 0.0000
vn 0.9750 -0.1848 0.1236
vn -0.0002 1.0000 0.0000
vn -1.0000 0.0000 -0.0000
vn -0.3809 -0.5048 0.7746
vn 0.9988 0.0498 0.0000
vn -0.5965 -0.4427 0.6695
vn -0.1421 -0.4991 0.8548
vn -0.3924 -0.1780 0.9024
vn -0.6252 -0.2271 0.7467
vn 1.0000 0.0000 0.0000
vn 0.0009 -1.0000 0.0000
vn -0.0002 -1.0000 0.0000
vn -0.0001 -1.0000 0.0000
vn 0.1754 0.9845 0.0000
vn -1.0000 0.0011 0.0000
vn 1.0000 0.0002 0.0000
vn -0.0023 -1.0000 0.0000
vn -1.0000 0.0002 0.0000
vn 0.0009 1.0000 0.0000
vn 1.0000 0.0010 0.0000
vn 0.0357 0.9990 -0.0278
vn 0.1497 -0.1760 0.9729
vn 0.3924 -0.1780 0.9024
vn 0.0899 -0.9958 0.0180
vn 1.0000 0.0001 0.0000
vn 0.3809 -0.5048 0.7746
vn 0.0013 1.0000 0.0000
vn 1.0000 0.0013 0.0000
vn 1.0000 -0.0019 0.0000
vn 0.0002 -1.0000 0.0000
vn -0.9979 0.0647 0.0000
vn 0.5708 -0.2923 0.7673
vn 0.5931 -0.4525 0.6659
vn -0.1360 0.9907 0.0000
vn 0.0006 -1.0000 0.0000
vn -1.0000 0.0001 0.0000
vn 0.0002 1.0000 0.0000
vn -0.1497 -0.1760 0.9729
vn -0.2190 -0.9739 0.0604
vn 0.4902 -0.6733 0.5536
vn 0.5594 0.5411 0.6279
vn 0.9280 0.2832 0.2420
vn 0.7125 -0.6392 0.2892
vn 0.6599 -0.6838 0.3113
vn -0.4806 0.6705 0.5653
vn -0.2546 -0.9019 0.3490
vn -0.3713 -0.7540 0.5419
vn 0.8513 0.3039 0.4278
vn -0.6149 0.4774 0.6277
vn -0.3792 -0.8300 0.4090
vn 0.5951 -0.7012 0.3927
vn 0.7894 0.3137 0.5276
vn 0.6735 -0.6039 0.4263
vn 0.7423 0.4709 0.4767
vn -0.2280 0.7118 0.6644
vn -0.2285 -0.8679 0.4410
vn -0.4902 -0.6733 0.5536
vn -0.5594 0.5411 0.6279
vn -0.4397 0.6367 0.6335
vn 0.6729 0.4803 0.5626
vn 0.6054 -0.6171 0.5027
vn -0.7048 0.3667 0.6072
vn 0.7049 0.3667 0.6072
vn 0.4932 -0.7561 0.4302
vn -0.4932 -0.7561 0.4302
vn -0.6735 -0.6039 0.4263
vn -0.7423 0.4709 0.4767
vn 0.1816 0.7738 0.6069
vn 0.2247 -0.8692 0.4405
vn 0.6149 0.4774 0.6277
vn 0.3792 -0.8300 0.4090
vn -0.5951 -0.7012 0.3927
vn -0.7894 0.3137 0.5276
vn 0.3713 -0.7540 0.5418
vn -0.8513 0.3039 0.4278
vn -0.6599 -0.6839 0.3113
vn 0.4997 0.6691 0.5501
vn 0.2011 -0.9096 0.3634
vn -0.9482 0.3093 0.0720
vn -0.7272 -0.6130 0.3089
vn -0.6054 -0.6171 0.5027
vn -0.6729 0.4803 0.5626
vn 0.4397 0.6366 0.6335
vn 0.5460 -0.7643 0.3432
vn 0.8466 0.3494 0.4015
vn -0.8218 0.4406 0.3613
vn -0.6345 -0.6774 0.3722
vn -0.1355 0.5003 0.8552
vn 0.4488 -0.4948 0.7441
vn -0.0999 -0.7668 0.6341
vn 0.5509 -0.1530 0.8204
vn 0.4310 -0.2210 0.8749
vn -0.8342 -0.1120 0.5400
vn -0.7581 -0.1190 0.6411
vn -0.5509 -0.1530 0.8204
vn -0.6547 -0.3766 0.6554
vn 0.6520 -0.1315 0.7467
vn -0.8288 -0.3220 0.4577
vn -0.2597 -0.7673 0.5863
vn 0.5535 -0.4266 0.7153
vn -0.7555 -0.3341 0.5635
vn -0.3541 0.4954 0.7932
vn -0.4160 -0.7819 0.4642
vn -0.5535 -0.4266 0.7153
vn 0.6547 -0.3766 0.6554
vn 0.3967 -0.8007 0.4489
vn 0.0999 -0.7668 0.6341
vn 0.1355 0.5003 0.8552
vn 0.7555 -0.3341 0.5635
vn 0.7581 -0.1190 0.6411
vn 0.8342 -0.1120 0.5400
vn -0.4608 -0.2199 0.8598
vn 0.8288 -0.3220 0.4577
vn 0.2597 -0.7674 0.5863
vn 0.5616 0.5219 0.6421
vn 0.3541 0.4954 0.7932
vn -0.4485 -0.4953 0.7440
vn -0.6520 -0.1315 0.7467
vn -0.5432 0.5486 0.6356
vn 0.3018 0.6407 0.7060
vn 0.2366 -0.8654 0.4417
vn 0.4063 -0.8255 0.3917
vn 0.8258 -0.3961 0.4014
vn 0.8823 -0.1937 0.4289
vn 0.5277 0.5383 0.6571
vn 0.0862 -0.8656 0.4933
vn 0.1145 0.6418 0.7583
vn -0.5610 0.5793 0.5914
vn -0.9028 -0.1128 0.4151
vn -0.3018 0.6407 0.7060
vn -0.2366 -0.8654 0.4417
vn -0.8616 -0.3755 0.3415
vn -0.4750 -0.7764 0.4143
vn -0.1145 0.6418 0.7583
vn -0.0862 -0.8656 0.4933
vn -0.7070 0.7072 0.0000
vn 0.7072 0.7070 0.0000
vn 0.7070 0.7072 0.0000
vn 0.7075 -0.7067 0.0000
vn -0.7075 -0.7067 0.0000
vn 0.6373 -0.7706 0.0010
vn -0.6858 -0.6900 0.2316
vn -0.7072 -0.7070 0.0000
vn -0.7067 0.7075 0.0000
vn 0.7074 0.7069 0.0000
vn 0.7072 -0.7070 0.0000
vn -0.7071 -0.7071 -0.0000
vn -0.7074 0.7068 0.0000
vn 0.7067 0.7075 0.0000
vn 0.7078 -0.7064 0.0000
vn -0.7072 -0.7071 0.0000
vn -0.7072 0.7071 0.0000
vn -0.7063 0.7079 0.0000
vn 0.7068 -0.7074 0.0000
vn 0.7074 0.7068 0.0000
vn 0.7071 -0.7071 0.0000
vn 0.5962 -0.7683 0.2328
vn -0.6782 -0.7349 0.0003
vn 0.7063 0.7079 0.0000
vn 0.7024 0.6975 -0.1415
vn -0.7078 -0.7064 0.0000
vn 0.7504 0.6610 0.0000
vn 0.7237 -0.6901 0.0000
vn 0.7119 0.7023 -0.0005
vn -0.6406 0.7679 0.0000
vn -0.7072 0.7070 -0.0000
vn -0.7068 -0.7074 0.0000
vn -0.5805 0.7402 -0.3393
vn -0.7294 -0.6841 0.0000
vn -0.7074 0.7069 0.0000
vn -0.7320 0.6813 0.0000
vn 0.6568 0.7541 0.0000
vn -0.7093 -0.7049 0.0000
vn 0.7072 -0.7071 0.0000
vn 0.0001 -1.0000 0.0000
usemtl White
s off
f 7465/7761/6363 7474/7762/6363 7538/7763/6363 7541/7764/6363
f 7451/7765/6364 7484/7766/6364 7556/7767/6364 7553/7768/6364
f 7393/7769/6365 7515/7770/6365 7525/7771/6365 7390/7772/6365
f 7417/7773/6366 7440/7774/6366 7372/7775/6366 7368/7776/6366
f 7445/7777/6367 7418/7778/6367 7367/7779/6367 7358/7780/6367
f 7475/7781/6368 7458/7782/6368 7531/7783/6368 7578/7784/6368
f 7487/7785/6369 7402/7786/6369 7589/7787/6369 7566/7788/6369
f 7415/7789/6370 7430/7790/6370 7385/7791/6370 7381/7792/6370
f 7421/7793/6371 7412/7794/6371 7410/7795/6371 7403/7796/6371
f 7463/7797/6372 7482/7798/6372 7522/7799/6372 7545/7800/6372
f 7370/7801/6373 7446/7802/6373 7360/7803/6373 7581/7804/6373
f 7427/7805/6374 7496/7806/6374 7516/7807/6374 7392/7808/6374
f 7477/7809/6375 7470/7810/6375 7573/7811/6375 7574/7812/6375
f 7554/7813/6376 7558/7814/6376 7542/7815/6376 7540/7816/6376
f 7443/7817/6377 7376/7818/6377 7583/7819/6377 7362/7820/6377
f 7561/7821/6378 7567/7822/6378 7591/7823/6378 7563/7824/6378
f 7549/7825/6379 7546/7826/6379 7521/7827/6379 7518/7828/6379
f 7579/7829/6380 7530/7830/6380 7528/7831/6380 7551/7832/6380
f 7536/7833/6381 7534/7834/6381 7588/7835/6381 7569/7836/6381
f 7491/7837/6382 7460/7838/6382 7355/7839/6382 7353/7840/6382
f 7479/7841/6383 7426/7842/6383 7391/7843/6383 7524/7844/6383
f 7423/7845/6383 7442/7846/6383 7366/7847/6383 7387/7848/6383
f 7431/7849/6384 7414/7850/6384 7397/7851/6384 7378/7852/6384
f 7497/7853/6385 7434/7854/6385 7511/7855/6385 7499/7856/6385
f 7375/7857/6386 7422/7858/6386 7405/7859/6386 7584/7860/6386
f 7429/7861/6387 7424/7862/6387 7386/7863/6387 7383/7864/6387
f 7413/7865/6388 7420/7866/6388 7398/7867/6388 7395/7868/6388
f 7411/7869/6389 7444/7870/6389 7361/7871/6389 7408/7872/6389
f 7437/7873/6390 7432/7874/6390 7377/7875/6390 7505/7876/6390
f 7457/7877/6390 7454/7878/6390 7526/7879/6390 7529/7880/6390
f 7435/7881/6391 7462/7882/6391 7504/7883/6391 7509/7884/6391
f 7441/7885/6392 7416/7886/6392 7380/7887/6392 7364/7888/6392
f 7449/7889/6393 7488/7890/6393 7565/7891/6393 7560/7892/6393
f 7500/7893/6394 7513/7894/6394 7510/7895/6394 7503/7896/6394
f 7506/7897/6395 7379/7898/6395 7396/7899/6395 7400/7900/6395
f 7439/7901/6396 7371/7902/6396 7580/7903/6396 7373/7904/6396
f 7425/7905/6397 7428/7906/6397 7394/7907/6397 7389/7908/6397
f 7382/7909/6398 7384/7910/6398 7388/7911/6398 7365/7912/6398
f 7473/7913/6399 7452/7914/6399 7555/7915/6399 7539/7916/6399
f 7481/7917/6397 7494/7918/6397 7519/7919/6397 7520/7920/6397
f 7447/7921/6400 7456/7922/6400 7532/7923/6400 7535/7924/6400
f 7485/7925/6401 7450/7926/6401 7559/7927/6401 7562/7928/6401
f 7453/7929/6402 7472/7930/6402 7552/7931/6402 7527/7932/6402
f 7406/7933/6403 7490/7934/6403 7570/7935/6403 7587/7936/6403
f 7409/7937/6404 7363/7938/6404 7585/7939/6404 7404/7940/6404
f 7471/7941/6388 7476/7942/6388 7577/7943/6388 7550/7944/6388
f 7433/7945/6382 7436/7946/6382 7508/7947/6382 7512/7948/6382
f 7582/7949/6405 7359/7950/6405 7369/7951/6405 7374/7952/6405
f 7455/7953/6406 7407/7954/6406 7586/7955/6406 7533/7956/6406
f 7489/7957/6407 7448/7958/6407 7537/7959/6407 7568/7960/6407
f 7461/7961/6375 7498/7962/6375 7501/7963/6375 7502/7964/6375
f 7495/7965/6408 7480/7966/6408 7523/7967/6408 7514/7968/6408
f 7483/7969/6372 7466/7970/6372 7543/7971/6372 7557/7972/6372
f 7493/7973/6409 7468/7974/6409 7547/7975/6409 7517/7976/6409
f 7459/7977/6368 7478/7978/6368 7576/7979/6368 7356/7980/6368
f 7575/7981/6410 7572/7982/6410 7354/7983/6410 7357/7984/6410
f 7419/7985/6391 7438/7986/6391 7507/7987/6391 7399/7988/6391
f 7401/7989/6411 7486/7990/6411 7564/7991/6411 7590/7992/6411
f 7467/7993/6408 7464/7994/6408 7544/7995/6408 7548/7996/6408
f 7352/7997/6412 7353/7840/6412 7354/7983/6412
f 7355/7998/6413 7356/7980/6413 7357/7999/6413
f 7358/8000/6414 7359/8001/6414 7360/8002/6414
f 7361/7871/6415 7362/8003/6415 7363/8004/6415
f 7364/8005/6416 7365/8006/6416 7366/8007/6416
f 7367/7779/6417 7368/7776/6417 7369/7951/6417
f 7372/7775/6418 7373/8008/6418 7374/8009/6418
f 7377/7875/6419 7378/7852/6419 7379/7898/6419
f 7380/7887/6420 7381/7792/6420 7382/7909/6420
f 7383/7864/6421 7384/7910/6421 7385/7791/6421
f 7386/7863/6422 7387/8010/6422 7388/8011/6422
f 7389/8012/6423 7390/8013/6423 7391/8014/6423
f 7392/7808/6424 7393/7769/6424 7394/7907/6424
f 7395/7868/6425 7396/7899/6425 7397/7851/6425
f 7398/8015/6426 7399/7988/6426 7400/8016/6426
f 7403/7796/6427 7404/7940/6427 7405/8017/6427
f 7408/7872/6428 7409/8018/6428 7410/8019/6428
f 7499/7856/6429 7500/7893/6429 7501/7963/6429
f 7502/8020/6430 7503/8021/6430 7504/8022/6430
f 7505/8023/6431 7506/8024/6431 7507/8025/6431
f 7508/7947/6432 7509/8026/6432 7510/8027/6432
f 7511/7855/6433 7512/7948/6433 7513/7894/6433
f 7514/7968/6434 7515/7770/6434 7516/7807/6434
f 7517/7976/6435 7518/7828/6435 7519/7919/6435
f 7520/7920/6436 7521/8028/6436 7522/8029/6436
f 7523/7967/6437 7524/8030/6437 7525/8031/6437
f 7526/7879/6438 7527/7932/6438 7528/7831/6438
f 7529/7880/6439 7530/8032/6439 7531/8033/6439
f 7532/7923/6440 7533/8034/6440 7534/8035/6440
f 7535/7924/6441 7536/7833/6441 7537/7959/6441
f 7538/7763/6442 7539/7916/6442 7540/7816/6442
f 7541/7764/6443 7542/8036/6443 7543/8037/6443
f 7544/8038/6444 7545/7800/6444 7546/8039/6444
f 7547/7975/6445 7548/7996/6445 7549/7825/6445
f 7550/7944/6446 7551/7832/6446 7552/7931/6446
f 7553/7768/6447 7554/7813/6447 7555/7915/6447
f 7556/7767/6448 7557/8040/6448 7558/8041/6448
f 7559/7927/6449 7560/7892/6449 7561/7821/6449
f 7562/7928/6450 7563/8042/6450 7564/8043/6450
f 7565/8044/6451 7566/7788/6451 7567/8045/6451
f 7568/7960/6452 7569/8046/6452 7570/8047/6452
f 7571/8048/6453 7572/7982/6453 7573/7811/6453
f 7574/7812/6454 7575/8049/6454 7576/8050/6454
f 7577/7943/6455 7578/8051/6455 7579/8052/6455
f 7580/7903/6456 7581/7804/6456 7582/8053/6456
f 7583/7819/6457 7584/7860/6457 7585/8054/6457
f 7586/7955/6458 7587/7936/6458 7588/8055/6458
f 7589/7787/6459 7590/7992/6459 7591/8056/6459
f 7549/7825/6460 7518/7828/6460 7517/7976/6460 7547/7975/6460
f 7561/7821/6461 7563/7824/6461 7562/7928/6461 7559/7927/6461
f 7354/7983/6462 7572/7982/6462 7571/8048/6462 7352/7997/6462
f 7579/7829/6463 7551/7832/6463 7550/7944/6463 7577/7943/6463
f 7534/7834/6464 7536/7833/6464 7535/7924/6464 7532/7923/6464
f 7528/7831/6465 7530/7830/6465 7529/7880/6465 7526/7879/6465
f 7572/7982/6466 7575/7981/6466 7574/7812/6466 7573/7811/6466
f 7379/7898/6467 7506/7897/6467 7505/7876/6467 7377/7875/6467
f 7525/7771/6468 7515/7770/6468 7514/7968/6468 7523/7967/6468
f 7357/7984/6469 7354/7983/6469 7353/7840/6469 7355/7839/6469
f 7558/7814/6470 7554/7813/6470 7553/7768/6470 7556/7767/6470
f 7551/7832/6471 7528/7831/6471 7527/7932/6471 7552/7931/6471
f 7540/7816/6472 7542/7815/6472 7541/7764/6472 7538/7763/6472
f 7546/7826/6473 7549/7825/6473 7548/7996/6473 7544/7995/6473
f 7554/7813/6474 7540/7816/6474 7539/7916/6474 7555/7915/6474
f 7536/7833/6475 7569/7836/6475 7568/7960/6475 7537/7959/6475
f 7388/7911/6476 7384/7910/6476 7383/7864/6476 7386/7863/6476
f 7518/7828/6477 7521/7827/6477 7520/7920/6477 7519/7919/6477
f 7363/8004/6478 7409/8018/6478 7408/7872/6478 7361/7871/6478
f 7513/7894/6479 7500/7893/6479 7499/7856/6479 7511/7855/6479
f 7515/7770/6480 7393/7769/6480 7392/7808/6480 7516/7807/6480
f 7393/7769/6481 7390/7772/6481 7389/7908/6481 7394/7907/6481
f 7510/7895/6482 7513/7894/6482 7512/7948/6482 7508/7947/6482
f 7400/7900/6483 7396/7899/6483 7395/7868/6483 7398/7867/6483
f 7409/7937/6484 7404/7940/6484 7403/7796/6484 7410/7795/6484
f 7382/7909/6485 7365/7912/6485 7364/7888/6485 7380/7887/6485
f 7396/7899/6486 7379/7898/6486 7378/7852/6486 7397/7851/6486
f 7369/7951/6487 7359/7950/6487 7358/7780/6487 7367/7779/6487
f 7384/7910/6488 7382/7909/6488 7381/7792/6488 7385/7791/6488
f 7374/7952/6489 7369/7951/6489 7368/7776/6489 7372/7775/6489
f 7500/7893/6490 7503/7896/6490 7502/7964/6490 7501/7963/6490
f 7567/7822/6491 7561/7821/6491 7560/7892/6491 7565/7891/6491
f 7399/7988/6492 7507/7987/6492 7506/8057/6492 7400/8016/6492
f 7387/8058/6493 7366/8007/6493 7365/7912/6493 7388/7911/6493
f 7373/8059/6494 7580/8060/6494 7582/7949/6494 7374/7952/6494
f 7581/8061/6495 7360/8002/6495 7359/7950/6495 7582/7949/6495
f 7362/8062/6496 7583/8063/6496 7585/7939/6496 7363/7938/6496
f 7584/8064/6497 7405/8017/6497 7404/7940/6497 7585/7939/6497
f 7524/8065/6498 7391/8014/6498 7390/7772/6498 7525/7771/6498
f 7509/8066/6499 7504/8022/6499 7503/7896/6499 7510/7895/6499
f 7533/8067/6500 7586/8068/6500 7588/7835/6500 7534/7834/6500
f 7587/8069/6501 7570/8047/6501 7569/7836/6501 7588/7835/6501
f 7578/8070/6502 7531/8071/6502 7530/7830/6502 7579/7829/6502
f 7557/8072/6503 7543/8073/6503 7542/7815/6503 7558/7814/6503
f 7566/7788/6504 7589/7787/6504 7591/8056/6504 7567/8045/6504
f 7590/7992/6505 7564/7991/6505 7563/8074/6505 7591/8056/6505
f 7356/7980/6506 7576/7979/6506 7575/8075/6506 7357/7999/6506
f 7545/7800/6507 7522/7799/6507 7521/8076/6507 7546/8039/6507
f 7467/7993/6508 7548/7996/6508 7547/7975/6508 7468/7974/6508
f 7519/7919/6509 7494/7918/6509 7493/7973/6509 7517/7976/6509
f 7427/7805/6510 7392/7808/6510 7394/7907/6510 7428/7906/6510
f 7391/8077/6511 7426/8078/6511 7425/7905/6511 7389/7908/6511
f 7463/7797/6512 7545/7800/6512 7544/8038/6512 7464/8079/6512
f 7485/8080/6513 7562/8081/6513 7564/7991/6513 7486/7990/6513
f 7589/7787/6514 7402/7786/6514 7401/7989/6514 7590/7992/6514
f 7431/7849/6515 7378/7852/6515 7377/7875/6515 7432/7874/6515
f 7507/7987/6516 7438/7986/6516 7437/8082/6516 7505/8083/6516
f 7398/8015/6517 7420/8084/6517 7419/7985/6517 7399/7988/6517
f 7471/7941/6518 7550/7944/6518 7552/7931/6518 7472/7930/6518
f 7526/7879/6519 7454/7878/6519 7453/7929/6519 7527/7932/6519
f 7477/8085/6520 7574/8086/6520 7576/7979/6520 7478/7978/6520
f 7355/7998/6521 7460/8087/6521 7459/7977/6521 7356/7980/6521
f 7441/7885/6522 7364/7888/6522 7366/8088/6522 7442/8089/6522
f 7386/7863/6523 7424/7862/6523 7423/8090/6523 7387/8010/6523
f 7385/7791/6524 7430/7790/6524 7429/7861/6524 7383/7864/6524
f 7451/7765/6525 7553/7768/6525 7555/7915/6525 7452/7914/6525
f 7538/7763/6509 7474/7762/6509 7473/7913/6509 7539/7916/6509
f 7481/8091/6526 7520/8092/6526 7522/7799/6526 7482/7798/6526
f 7435/8093/6527 7509/8026/6527 7508/7947/6527 7436/7946/6527
f 7511/7855/6528 7434/7854/6528 7433/7945/6528 7512/7948/6528
f 7370/7801/6529 7581/7804/6529 7580/7903/6529 7371/7902/6529
f 7372/7775/6530 7440/7774/6530 7439/8094/6530 7373/8008/6530
f 7380/7887/6531 7416/7886/6531 7415/7789/6531 7381/7792/6531
f 7495/7965/6524 7514/7968/6524 7516/7807/6524 7496/7806/6524
f 7445/7777/6532 7358/7780/6532 7360/8095/6532 7446/8096/6532
f 7413/7865/6528 7395/7868/6528 7397/7851/6528 7414/7850/6528
f 7483/8097/6533 7557/8040/6533 7556/7767/6533 7484/7766/6533
f 7501/7963/6523 7498/7962/6523 7497/7853/6523 7499/7856/6523
f 7375/7857/6534 7584/7860/6534 7583/7819/6534 7376/7818/6534
f 7361/7871/6535 7444/7870/6535 7443/8098/6535 7362/8003/6535
f 7449/7889/6536 7560/7892/6536 7559/7927/6536 7450/7926/6536
f 7421/7793/6537 7403/7796/6537 7405/8099/6537 7422/8100/6537
f 7367/7779/6538 7418/7778/6538 7417/7773/6538 7368/7776/6538
f 7523/7967/6539 7480/7966/6539 7479/8101/6539 7524/8030/6539
f 7487/7785/6540 7566/7788/6540 7565/8044/6540 7488/8102/6540
f 7461/7961/6516 7502/7964/6516 7504/8103/6516 7462/8104/6516
f 7447/7921/6522 7535/7924/6522 7537/7959/6522 7448/7958/6522
f 7570/8047/6541 7490/8105/6541 7489/7957/6541 7568/7960/6541
f 7531/8033/6542 7458/8106/6542 7457/7877/6542 7529/7880/6542
f 7406/7933/6543 7587/7936/6543 7586/7955/6543 7407/7954/6543
f 7532/7923/6544 7456/7922/6544 7455/8107/6544 7533/8034/6544
f 7410/7795/6545 7412/7794/6545 7411/7869/6545 7408/7872/6545
f 7469/8108/6519 7571/8048/6519 7573/7811/6519 7470/7810/6519
f 7577/7943/6521 7476/7942/6521 7475/8109/6521 7578/8051/6521
f 7543/8037/6518 7466/8110/6518 7465/7761/6518 7541/7764/6518
f 7352/7997/6546 7492/8111/6546 7491/7837/6546 7353/7840/6546
f 7469/8108/6547 7492/8111/6547 7352/7997/6547 7571/8048/6547
